Date,Site,Subregion,Longitude,Latitude,dhw
2023-08-07,Y1417,Lower Keys,-81.863873,24.468747,9.907146358958315
2023-08-07,Y1396,Lower Keys,-81.8855,24.488597,9.907146358958315
2023-08-07,Y1421,Lower Keys,-81.853037,24.462467,9.907146358958315
2023-08-03,Y1419,Lower Keys,-81.876164,24.46493,8.778574551812243
2023-08-03,Y1411,Lower Keys,-81.913396,24.473902,8.82428883752653
2023-08-03,Y1404,Lower Keys,-81.89828,24.480528,8.778574551812243
2023-08-03,Y1408,Lower Keys,-81.898473,24.477975,8.778574551812243
2023-07-17,Y3003,Upper Keys,-80.45784,25.01005,5.212858939873321
2023-08-03,Y1413,Lower Keys,-81.881378,24.473451,8.778574551812243
2023-08-02,Y1337,Middle Keys,-81.236125,24.630866,11.935718461275103
2023-08-08,Y1262,Upper Keys,-80.340493,25.111057,9.998575017750266
2023-08-08,Y1263,Upper Keys,-80.372711,25.083481,10.128575018963645
2023-09-14,Y1362,Lower Keys,-81.671523,24.556831,19.690006733302575
2023-08-11,Y1363,Lower Keys,-81.360155,24.555886,14.240005210669981
2023-08-09,Y1357,Lower Keys,-81.551934,24.563889,15.128576737557145
2023-08-09,Y1364,Lower Keys,-81.561932,24.555795,15.128576737557145
2023-07-17,Y3002,Upper Keys,-80.4403,25.02018,4.337144369908742
2023-10-06,YMQ23-1,Marquesas,-82.61717,24.43749,12.554291001813759
2023-08-03,Y1317,Middle Keys,-80.925801,24.721479,11.388575034737594
2023-09-14,Y1480,Tortugas--Dry Tortugas NP,-82.916765,24.593823,12.72429090739361
2023-10-06,Y1299,Mid-Upper Keys Transition,-80.550152,24.903587,15.157148535762515
2023-10-05,Y1302,Mid-Upper Keys Transition,-80.562716,24.887316,14.252862726833143
2023-09-14,Y2433,Tortugas--Dry Tortugas NP,-82.926475,24.615367,12.895719575030466
2023-10-23,Y1167,Biscayne,-80.0962,25.67905,7.54571786882622
2023-09-13,Y1428,Tortugas--Dry Tortugas NP,-82.856799,24.646938,12.83286233772125
2023-10-23,Y1169,Biscayne,-80.10015,25.64298333,7.624289301037794
2023-09-13,Y2437,Tortugas--Dry Tortugas NP,-82.842513,24.631256,13.045719575030471
2023-08-25,Y2371,Lower Keys,-81.683338,24.51489,18.06857806033322
2023-08-25,Y1366,Lower Keys,-81.683661,24.554331,20.050006922973065
2023-08-25,Y1354,Lower Keys,-81.652483,24.569302,20.050006922973065
2023-08-25,Y1359,Lower Keys,-81.66851,24.55972,20.050006922973065
2023-08-25,Y1367,Lower Keys,-81.69243,24.552507,20.050006922973065
2023-08-25,Y1365,Lower Keys,-81.680155,24.555466,20.050006922973065
2023-08-09,Y1373,Lower Keys,-81.573434,24.547201,13.2714335909273
2023-08-17,Y1399,Lower Keys,-81.705192,24.482481,12.947147494682245
2023-08-03,Y1405,Lower Keys,-81.889289,24.479391,8.778574551812243
2023-08-03,Y1409,Lower Keys,-81.894269,24.476177,8.778574551812243
2023-08-17,Y1383,Lower Keys,-81.662215,24.521181,16.28429158813188
2023-08-16,Y1370,Lower Keys,-81.583543,24.548307,15.612862825308534
2023-08-16,Y1371,Lower Keys,-81.579868,24.54814,15.612862825308534
2023-08-09,Y1372,Lower Keys,-81.532872,24.547907,13.048576351702225
2023-08-16,Y1374,Lower Keys,-81.603175,24.542955,15.842862921963851
2023-08-09,Y1375,Lower Keys,-81.57583,24.539015,13.2714335909273
2023-08-16,Y1376,Lower Keys,-81.615829,24.536583,15.842862921963851
2023-08-16,Y1377,Lower Keys,-81.611362,24.531634,15.842862921963851
2023-08-09,Y1379,Lower Keys,-81.48546,24.531115,12.49143339988377
2023-08-16,Y1380,Lower Keys,-81.630593,24.52749,15.842862921963851
2023-08-17,Y1390,Lower Keys,-81.71858,24.50932,16.145719970081537
2023-08-14,Y1392,Lower Keys,-81.739556,24.506675,15.222862543006034
2023-09-06,Y1358,Lower Keys,-81.657418,24.563149,20.440007112643563
2023-08-31,Y1014,Martin,-80.066185,26.996457,4.791431183006086
2023-08-31,Y1015,North Palm Beach,-80.063346,26.993748,4.791431183006086
2023-08-31,Y2014,North Palm Beach,-80.064511,26.990482,4.791431183006086
2023-08-31,Y2015,North Palm Beach,-80.06513,26.987401,4.791431183006086
2023-08-31,Y1016,North Palm Beach,-80.053543,26.960586,4.791431183006086
2023-09-07,Y1237,Upper Keys,-80.265153,25.241554,15.807148805611904
2023-09-11,Y1432,Tortugas--Dry Tortugas NP,-82.904731,24.671565,12.730005196620317
2023-09-07,Y3032,Middle Keys,-81.1554,24.60958,18.33143521213107
2023-09-01,Y1243,Upper Keys,-80.28016,25.222442,15.662862996906046
2023-09-01,Y1246,Upper Keys,-80.287412,25.216437,15.662862996906046
2023-08-26,Y3048,Mid-Upper Keys Transition,-80.623925,24.845491,14.644291205470058
2023-09-14,Y1272,Upper Keys,-80.349,25.034041,13.691434145984907
2023-09-15,Y2457,Tortugas--Dry Tortugas NP,-82.93598,24.65542,13.0214339570169
2023-09-11,Y1220,Biscayne,-80.191347,25.340884,13.815719854618825
2023-07-31,Y3007,Middle Keys,-81.09141,24.63182,8.890003129563166
2023-09-14,Y1475,Tortugas--Dry Tortugas NP,-82.948211,24.61599,12.895719575030466
2023-09-01,Y1248,Upper Keys,-80.284719,25.214018,15.662862996906046
2023-09-07,Y1239,Upper Keys,-80.267198,25.237566,15.807148805611904
2023-09-07,Y1171,Biscayne,-80.122327,25.618678,12.462862428597047
2023-09-07,Y1172,Biscayne,-80.103989,25.59683,12.940005380128115
2023-09-05,Y1236,Upper Keys,-80.19764,25.246207,13.53143413656525
2023-09-08,Y1387,Lower Keys,-81.583259,24.510624,18.37429262793491
2023-09-07,Y2324,Middle Keys,-81.16576,24.611443,18.33143521213107
2023-09-07,Y2325,Middle Keys,-81.175952,24.610008,18.33143521213107
2023-09-07,Y1339,Middle Keys,-81.110534,24.625667,16.70857740520367
2023-09-06,Y3016,Upper Keys,-80.392652,25.005284,14.19143405335291
2023-09-06,Y3020,Upper Keys,-80.264046,25.133317,14.50000575962876
2023-09-07,Y3027,Middle Keys,-81.072513,24.666441,17.92143474402173
2023-09-07,Y1336,Middle Keys,-81.093252,24.631124,16.032863022642488
2023-09-08,Y2365,Lower Keys,-81.595168,24.520296,18.37429262793491
2023-09-07,Y3026,Middle Keys,-81.06688,24.63947,16.032863022642488
2023-09-05,Y2193,Biscayne,-80.12931,25.40225,12.940005283951763
2023-09-05,Y2216,Biscayne,-80.169908,25.296218,13.830005661376894
2023-09-07,Y3030,Middle Keys,-81.08892,24.63296,16.032863022642488
2023-09-08,Y3035,Lower Keys,-81.372444,24.555505,18.750007010719607
2023-09-05,Y1211,Biscayne,-80.128842,25.398184,12.91286252116519
2023-09-07,Y1338,Middle Keys,-81.108078,24.626027,16.70857740520367
2023-09-08,Y1394,Lower Keys,-81.615878,24.502281,18.298578249812135
2023-09-06,Y3017,Upper Keys,-80.40514,25.013813,15.215719864038489
2023-09-06,Y3018,Upper Keys,-80.395158,25.001451,14.19143405335291
2023-09-10,Y3039,Tortugas--Dry Tortugas NP,-82.948251,24.600794,12.608576528983459
2023-09-06,Y3022,Upper Keys,-80.259024,25.141752,14.50000575962876
2023-09-10,Y3037,Tortugas--Dry Tortugas NP,-82.946378,24.600507,12.608576528983459
2023-09-08,Y2368,Lower Keys,-81.610793,24.517894,18.298578249812135
2023-09-06,Y3019,Upper Keys,-80.261626,25.16198,15.198577282620336
2023-09-06,Y3024,Upper Keys,-80.28953,25.13642,14.50000575962876
2023-09-08,Y3033,Lower Keys,-81.40159193,24.54669244,16.331434723266533
2023-09-08,Y3034,Lower Keys,-81.40365,24.5464,16.331434723266533
2023-09-08,Y3031,Lower Keys,-81.40542,24.56251,19.247149964996755
2023-09-09,Y3036,Tortugas--Dry Tortugas NP,-82.891,24.6811,12.887148052006966
2023-09-05,Y1203,Biscayne,-80.121121,25.434709,12.940005283951763
2023-09-06,Y3021,Upper Keys,-80.267819,25.153965,15.198577282620336
2023-09-06,Y3023,Upper Keys,-80.294095,25.139684,14.50000575962876
2023-09-05,Y3014,Biscayne,-80.12395,25.42476,12.940005283951763
2023-09-14,Y1242,Upper Keys,-80.235072,25.223225,15.011434612274178
2023-09-14,Y1245,Upper Keys,-80.2394,25.216457,15.011434612274178
2023-09-14,Y2231,Upper Keys,-80.239529,25.19178,14.435720135803743
2023-09-14,Y1250,Upper Keys,-80.241923,25.210477,15.011434612274178
2023-09-14,Y1251,Upper Keys,-80.245882,25.184299,14.435720135803743
2023-09-14,Y1240,Upper Keys,-80.234114,25.229641,15.011434612274178
2023-09-12,Y1233,Upper Keys,-80.202487,25.27223,14.892862900538107
2023-09-12,Y1235,Upper Keys,-80.210376,25.253249,14.892862900538107
2023-09-12,Y1238,Upper Keys,-80.236689,25.240287,14.69000585206918
2023-08-17,Y2012,Martin,-80.065694,27.030213,3.0385730109150946
2023-08-17,Y1012,Martin,-80.067855,27.012623,3.0385730109150946
2023-08-17,Y2013,Martin,-80.068882,27.010372,3.0385730109150946
2023-08-17,Y1013,Martin,-80.068396,27.008112,3.0385730109150946
2023-09-06,Y1349,Lower Keys,-81.581264,24.586609,20.382864347909184
2023-09-06,Y2350,Lower Keys,-81.567166,24.550486,20.382864347909184
2023-09-14,Y1019,North Palm Beach,-80.020016,26.774863,9.68571916567428
2023-09-14,Y1018,North Palm Beach,-80.020804,26.777038,9.68571916567428
2023-09-06,Y1355,Lower Keys,-81.659293,24.566721,20.440007112643563
2023-09-06,Y1378,Lower Keys,-81.607998,24.531295,18.600007010719615
2023-09-15,Y2331,Middle Keys,-81.222371,24.591843,16.708577683482854
2023-09-15,Y2327,Middle Keys,-81.194845,24.59958,16.09572044585433
2023-09-14,Y3041,North Palm Beach,-80.02119,26.76128,9.68571916567428
2023-09-14,Y3040,North Palm Beach,-80.02179,26.76317,9.68571916567428
2023-09-20,Y2313,Middle Keys,-81.075356,24.664491,19.598578265905385
2023-09-14,Y1450,Tortugas--Dry Tortugas NP,-82.94535,24.60476,12.895719575030466
2023-08-03,Y1315,Middle Keys,-80.899276,24.73763,10.697146271211762
2023-08-02,Y1335,Middle Keys,-81.239459,24.631599,11.935718461275103
2023-08-14,Y1407,Lower Keys,-81.727382,24.478548,12.072861496465547
2023-09-06,Y1353,Lower Keys,-81.597111,24.573109,20.382864347909184
2023-08-08,Y1265,Upper Keys,-80.371127,25.068453,10.128575018963645
2023-08-08,Y1258,Upper Keys,-80.316878,25.135631,9.998575017750266
2023-08-02,Y1340,Middle Keys,-81.231658,24.625001,11.935718461275103
2023-08-02,Y1342,Middle Keys,-81.219219,24.609728,11.935718461275103
2023-08-02,Y1344,Middle Keys,-81.21639,24.59954,9.22286045985563
2023-08-02,Y1345,Middle Keys,-81.212753,24.59544,9.22286045985563
2023-08-11,Y1352,Lower Keys,-81.320789,24.573832,13.10714759411557
2023-08-11,Y1360,Lower Keys,-81.41368,24.55908,14.85714825911182
2023-09-19,Y1253,Upper Keys,-80.274428,25.165086,16.60143518083863
2023-09-19,Y1252,Upper Keys,-80.251298,25.183156,16.60143518083863
2023-09-19,Y2236,Upper Keys,-80.256528,25.145248,15.884292229275623
2023-09-19,Y1234,Upper Keys,-80.244713,25.268842,16.100006418398454
2023-09-19,Y1254,Upper Keys,-80.260284,25.16316,16.60143518083863
2023-08-14,Y2011,Martin,-80.124087,27.105068,1.4614293119737078
2023-08-14,Y2010,Martin,-80.133584,27.109763,1.4614293119737078
2023-08-14,Y2008,Martin,-80.12723,27.113233,1.4614293119737078
2023-08-14,Y2007,Martin,-80.135139,27.120036,1.4614293119737078
2023-08-14,Y1006,Martin,-80.124439,27.1106,1.4614293119737078
2023-08-14,Y2006,Martin,-80.135196,27.129984,1.4614293119737078
2023-08-15,Y2005,Martin,-80.134459,27.13357,1.4614293119737078
2023-08-15,Y1004,Martin,-80.1374,27.144873,1.4614293119737078
2023-08-15,Y1003,Martin,-80.1396,27.148602,1.4614293119737078
2023-08-15,Y2004,Martin,-80.132434,27.13446,1.4614293119737078
2023-08-15,Y2003,Martin,-80.139829,27.136435,1.4614293119737078
2023-09-12,Y1162,Broward-Miami,-80.09768333,25.77588333,11.352862327183999
2023-09-16,Y1455,Tortugas--Dry Tortugas NP,-82.841622,24.704028,14.295720332690651
2023-09-12,Y1158,Broward-Miami,-80.10808333,25.78545,10.872862142047714
2023-09-16,Y1448,Tortugas--Dry Tortugas NP,-82.873705,24.718957,14.184291761262081
2023-09-16,Y1467,Tortugas--Dry Tortugas NP,-82.823281,24.709355,14.295720332690651
2023-09-16,Y1437,Tortugas--Dry Tortugas NP,-82.916937,24.70216,14.101434618404936
2023-07-04,W2030,Broward-Miami,-80.066419,26.324877999999998,0
2023-09-01,Y1247,Upper Keys,-80.277443,25.215874,15.662862996906046
2023-09-14,Y1463,Tortugas--Dry Tortugas NP,-82.94815,24.58891,12.72429090739361
2023-09-14,Y1449,Tortugas--Dry Tortugas NP,-82.919129,24.587022,12.72429090739361
2023-09-08,Y1046,Broward-Miami,-80.066552,26.245205,10.614290976779806
2023-08-03,Y1216,Biscayne,-80.189536,25.358331,7.612860068891734
2023-09-12,Y1161,Broward-Miami,-80.09343333,25.77661667,11.352862327183999
2023-10-23,Y1168,Biscayne,-80.09963333,25.67028333,7.54571786882622
2023-09-12,Y1157,Broward-Miami,-80.11608333,25.78765,10.872862142047714
2023-09-14,Y1190,Biscayne,-80.155994,25.465032,14.644291568334621
2023-09-11,Y1219,Biscayne,-80.190463,25.343443,13.815719854618825
2023-10-06,Y1178,Biscayne,-80.133944,25.531118,12.001433762780263
2023-09-19,Y1136,Broward-Miami,-80.10766667,25.91048333,10.612862416080068
2023-09-19,Y1140,Broward-Miami,-80.10783333,25.88973333,10.840005276799207
2023-09-11,Y2409,Tortugas--Dry Tortugas NP,-82.863188,24.705563,13.42286271741348
2023-10-17,Y1035,South Palm Beach,-80.025656,26.584858,7.814289471932823
2023-10-17,Y1033,South Palm Beach,-80.024579,26.600522,7.9085752801597184
2023-09-14,Y3045,Tortugas--Dry Tortugas NP,-82.91955,24.61933,12.895719575030466
2023-09-07,Y3028,Middle Keys,-81.080022,24.63498,16.032863022642488
2023-09-08,Y2378,Lower Keys,-81.562898,24.511502,18.37429262793491
2023-09-08,Y1385,Lower Keys,-81.567281,24.511425,18.37429262793491
2023-09-10,Y1481,Tortugas--Dry Tortugas NP,-82.857586,24.632472,12.690005100412034
2023-09-10,Y2440,Tortugas--Dry Tortugas NP,-82.97169,24.601257,12.467147957554888
2023-09-10,Y2465,Tortugas--Dry Tortugas NP,-82.984529,24.601973,12.467147957554888
2023-09-10,Y1447,Tortugas--Dry Tortugas NP,-82.956432,24.596808,12.290005004267613
2023-09-10,Y1429,Tortugas--Dry Tortugas NP,-82.942675,24.577022,12.437147861410466
2023-09-10,Y1484,Tortugas--Dry Tortugas NP,-82.860426,24.623421,12.690005100412034
2023-09-10,Y2463,Tortugas--Dry Tortugas NP,-82.868678,24.616076,12.690005100412034
2023-09-11,Y2458,Tortugas--Dry Tortugas NP,-82.812986,24.678248,13.314291194358043
2023-09-11,Y1454,Tortugas--Dry Tortugas NP,-82.838608,24.702022,13.52429128884205
2023-09-11,Y2425,Tortugas--Dry Tortugas NP,-82.903646,24.69242,12.730005196620317
2023-09-11,Y1430,Tortugas--Dry Tortugas NP,-82.852406,24.708719,13.42286271741348
2023-09-11,Y1441,Tortugas--Dry Tortugas NP,-82.917898,24.700342,13.348577003127764
2023-09-19,Y1406,Lower Keys,-81.957971,24.478853,18.027149479963953
2023-09-07,Y1326,Middle Keys,-81.020787,24.693304,17.047148740887653
2023-09-19,Y1139,Broward-Miami,-80.09918333,25.89083333,11.477148318695177
2023-10-13,Y1130,Broward-Miami,-80.110514,25.926757,7.215717958137396
2023-09-19,Y1137,Broward-Miami,-80.10336667,25.91001667,10.612862416080068
2023-09-10,Y1474,Tortugas--Dry Tortugas NP,-82.899713,24.623056,12.690005100412034
2023-09-26,Y1145,Broward-Miami,-80.10903333,25.85728333,10.840005276799207
2023-09-11,Y1476,Tortugas--Dry Tortugas NP,-82.811636,24.701692,13.52429128884205
2023-09-11,Y1469,Tortugas--Dry Tortugas NP,-82.823296,24.703947,13.52429128884205
2023-09-21,Y1410,Lower Keys,-81.952584,24.476077,18.46572109775884
2023-09-10,Y2431,Tortugas--Dry Tortugas NP,-82.900644,24.637815,12.608576528983459
2023-09-10,Y2432,Tortugas--Dry Tortugas NP,-82.905125,24.632545,12.608576528983459
2023-09-10,Y3038,Tortugas--Dry Tortugas NP,-82.948687,24.602393,12.608576528983459
2023-09-21,Y1423,Lower Keys,-81.987152,24.446781,16.71714938094573
2023-09-11,Y1431,Tortugas--Dry Tortugas NP,-82.88398,24.712057,13.42286271741348
2023-09-11,Y1438,Tortugas--Dry Tortugas NP,-82.894358,24.679424,13.031433860744755
2023-09-20,Y1414,Lower Keys,-81.94992,24.4735,18.148578148271355
2023-09-20,Y1424,Lower Keys,-81.948382,24.446569,16.42714928639787
2023-09-20,Y2376,Lower Keys,-81.95249,24.51321,19.185721106955
2023-09-15,Y1152,Broward-Miami,-80.09733333,25.82188333,11.105719468284931
2023-09-19,Y1386,Lower Keys,-81.967169,24.511268,18.952863869358403
2023-09-15,Y1259,Upper Keys,-80.297262,25.122498,15.121434708737906
2023-09-12,Y1155,Broward-Miami,-80.10643333,25.80346667,10.648576424377309
2023-09-15,Y1256,Upper Keys,-80.284461,25.1397,15.121434708737906
2023-09-15,Y1153,Broward-Miami,-80.10936667,25.81026667,10.648576424377309
2023-09-15,Y1260,Upper Keys,-80.283636,25.122149,15.121434708737906
2023-09-15,Y1257,Upper Keys,-80.260579,25.138865,15.121434708737906
2023-09-19,Y1384,Lower Keys,-81.99986,24.518368,18.952863869358403
2023-08-25,Y1369,Lower Keys,-81.704762,24.550643,19.93429254472256
2023-08-17,Y1381,Lower Keys,-81.646156,24.523305,16.131434445274735
2023-08-17,Y1382,Lower Keys,-81.649312,24.522596,16.131434445274735
2023-08-17,Y1391,Lower Keys,-81.665831,24.509197,16.28429158813188
2023-08-17,Y1393,Lower Keys,-81.672853,24.502674,16.28429158813188
2023-08-07,Y1397,Lower Keys,-81.837751,24.487009,9.934289310744836
2023-09-14,Y1261,Upper Keys,-80.30201,25.113737,16.015720425099143
2023-09-14,Y1266,Upper Keys,-80.327063,25.057875,14.605720049238633
2023-09-14,Y1264,Upper Keys,-80.335431,25.077773,14.605720049238633
2023-08-07,Y1401,Lower Keys,-81.817371,24.48189,9.934289310744836
2023-08-07,Y1403,Lower Keys,-81.776784,24.480873,9.791432167887688
2023-10-05,YMQ23-63,Lower Keys,-81.95454,24.44447,15.308577385087103
2023-10-05,YMQ23-6,Lower Keys,-81.98585,24.45453,16.492863198007857
2023-10-05,YMQ23-55,Marquesas,-82.08118,24.47476,16.158577294498684
2023-08-17,Y3000,Lower Keys,-81.71322,24.48034,12.947147494682245
2023-09-19,Y1289,Mid-Upper Keys Transition,-80.535959,24.956928,18.571435288861405
2023-09-19,Y1294,Mid-Upper Keys Transition,-80.547657,24.948398,17.031435099637942
2023-09-07,Y2223,Upper Keys,-80.2655,25.230899,15.807148805611904
2023-09-07,Y1244,Upper Keys,-80.264633,25.216861,15.807148805611904
2023-09-11,Y1221,Biscayne,-80.180972,25.331346,13.815719854618825
2023-09-11,Y1222,Biscayne,-80.178783,25.330564,13.815719854618825
2023-08-03,Y1215,Biscayne,-80.164378,25.362722,7.612860068891734
2023-09-13,Y3042,Upper Keys,-80.37548,25.01011,14.520005670956213
2023-09-12,Y1274,Upper Keys,-80.355735,25.030522,14.347148433583133
2023-09-12,Y1271,Upper Keys,-80.370018,25.039763,14.347148433583133
2023-08-16,Y1281,Upper Keys,-80.378629,25.008738,11.588575681788587
2023-09-28,Y3056,South Palm Beach,-80.0051666,26.7130278,10.65286240177496
2023-09-28,Y2024,South Palm Beach,-80.017711,26.698508,10.79714811784881
2023-09-28,Y1026,North Palm Beach,-80.018984,26.719333,10.65286240177496
2023-09-28,Y2022,South Palm Beach,-80.019116,26.716652,10.65286240177496
2023-08-26,Y3049,Mid-Upper Keys Transition,-80.572374,24.895397,14.790005489332339
2023-08-25,Y3050,Mid-Upper Keys Transition,-80.570256,24.878513,14.617148251831535
2023-08-25,Y3051,Mid-Upper Keys Transition,-80.548795,24.888295,13.137147869872194
2023-09-30,Y3057,Mid-Upper Keys Transition,-80.64075,24.8323,15.94286339144622
2023-09-13,Y1275,Upper Keys,-80.365441,25.017406,14.520005670956213
2023-09-13,Y1276,Upper Keys,-80.372315,25.017161,14.520005670956213
2023-09-14,Y3043,Upper Keys,-80.3353,25.05228,14.605720049238633
2023-09-21,Y2407,Lower Keys,-81.965538,24.436313,16.71714938094573
2023-09-13,Y1482,Tortugas--Dry Tortugas NP,-82.834759,24.624188,13.045719575030471
2023-10-23,Y1313,Middle Keys,-80.761496,24.752791,10.342861219399744
2023-10-23,Y1316,Middle Keys,-80.811124,24.733652,9.744289601221686
2023-10-23,Y1312,Middle Keys,-80.78495,24.757816,10.342861219399744
2023-09-15,Y2413,Tortugas--Dry Tortugas NP,-82.970349,24.610736,12.755719575030467
2023-09-29,Y1150,Broward-Miami,-80.11068333,25.83146667,10.564290710091596
2023-09-29,Y3058,Broward-Miami,-80.0922,25.8507,11.07000527322293
2023-09-07,Y3010,Upper Keys,-80.415602,25.037273,15.215719864038489
2023-09-07,Y3011,Upper Keys,-80.39648,25.02163,14.19143405335291
2023-09-29,Y1295,Mid-Upper Keys Transition,-80.468819,24.946467,15.097148908206401
2023-09-29,Y1293,Mid-Upper Keys Transition,-80.462858,24.95051,15.965720338821418
2023-07-18,Y3001,Upper Keys,-80.32954803,25.13428699,4.602858748542412
2023-09-07,Y3009,Upper Keys,-80.46446,24.98733,15.032862628485484
2023-09-13,Y1453,Tortugas--Dry Tortugas NP,-82.86071,24.638382,12.83286233772125
2023-09-13,Y1472,Tortugas--Dry Tortugas NP,-82.877838,24.627498,12.83286233772125
2023-09-14,Y1442,Tortugas--Dry Tortugas NP,-82.923769,24.567552,12.72429090739361
2023-10-31,Y1128,Broward-Miami,-80.089446,25.939719,4.974288161737579
2023-10-31,Y1121,Broward-Miami,-80.093815,25.955998,4.908573875193088
2023-09-11,Y1426,Tortugas--Dry Tortugas NP,-82.82235,24.721847,13.52429128884205
2023-09-15,Y1465,Tortugas--Dry Tortugas NP,-82.954446,24.590957,12.575719478822187
2023-09-17,Y2464,Tortugas--Dry Tortugas NP,-82.775397,24.664191,14.352863189833512
2023-09-11,Y1468,Tortugas--Dry Tortugas NP,-82.812324,24.657817,13.314291194358043
2023-09-11,Y1460,Tortugas--Dry Tortugas NP,-82.783671,24.665181,13.56000557455634
2023-09-11,Y2411,Tortugas--Dry Tortugas NP,-82.92149,24.676823,12.730005196620317
2023-09-06,Y3025,Upper Keys,-80.294322,25.128966,14.50000575962876
2023-09-29,Y1226,Biscayne,-80.20752,25.319084,15.457148897988462
2023-09-29,Y1230,Upper Keys,-80.22387,25.296764,15.41286327809096
2023-09-08,Y1048,Broward-Miami,-80.07917,26.232194,10.614290976779806
2023-09-08,Y1054,Broward-Miami,-80.081794,26.216862,10.614290976779806
2023-08-31,Y1068,Broward-Miami,-80.095245,26.160065,10.374290790557867
2023-09-29,Y1229,Upper Keys,-80.216917,25.307327,15.457148897988462
2023-09-29,Y1228,Biscayne,-80.20139,25.30937,15.457148897988462
2023-09-29,Y1225,Biscayne,-80.216824,25.319322,15.457148897988462
2023-09-11,Y1223,Biscayne,-80.18052,25.327143,13.815719854618825
2023-08-31,Y1069,Broward-Miami,-80.091879,26.159809,10.374290790557867
2023-07-19,Y3006,Upper Keys,-80.37773,25.07793,4.955715986426388
2023-09-13,Y1459,Tortugas--Dry Tortugas NP,-82.859571,24.630208,12.83286233772125
2023-09-28,Y1202,Biscayne,-80.13155,25.436577,13.85572013580374
2023-07-31,Y3008,Middle Keys,-81.0667,24.63991,8.890003129563166
2023-08-31,Y1070,Broward-Miami,-80.090793,26.156776,10.374290790557867
2023-09-17,Y2434,Tortugas--Dry Tortugas NP,-82.829801,24.640204,13.524291286958125
2023-10-09,Y1330,Middle Keys,-80.972933,24.682085,13.837148167916709
2023-09-14,Y1082,Broward-Miami,-80.08481,26.086864,10.540005172033402
2023-09-14,Y1091,Broward-Miami,-80.093649,26.042677,10.547148030932462
2023-09-12,Y1159,Broward-Miami,-80.12105,25.78191667,10.872862142047714
2023-09-12,Y1160,Broward-Miami,-80.12113333,25.78055,10.872862142047714
2023-09-11,Y1087,Broward-Miami,-80.103003,26.061245,9.96857650829213
2023-09-18,Y2410,Tortugas--Dry Tortugas NP,-82.85453,24.65643,13.994291570314347
2023-09-14,Y1427,Tortugas--Dry Tortugas NP,-82.925526,24.574269,12.72429090739361
2023-09-14,Y1458,Tortugas--Dry Tortugas NP,-82.922673,24.560794,12.72429090739361
2023-09-11,Y1088,Broward-Miami,-80.098588,26.050383,10.540005172033402
2023-09-11,Y1090,Broward-Miami,-80.100135,26.044072,9.840004987344154
2023-09-11,Y1092,Broward-Miami,-80.103675,26.038677,9.840004987344154
2023-07-17,Y3004,Mid-Upper Keys Transition,-80.5495,24.9354,4.6514302744397105
2023-09-18,Y2450,Tortugas--Dry Tortugas NP,-82.849968,24.657628,14.274291761262077
2023-09-29,Y1210,Biscayne,-80.169476,25.400336,14.414291568334619
2023-09-14,Y1089,Broward-Miami,-80.109086,26.049997,9.840004987344154
2023-09-14,Y1093,Broward-Miami,-80.088236,26.031808,10.547148030932462
2023-09-29,Y1212,Biscayne,-80.165155,25.394331,14.635720326559895
2023-09-08,Y1083,Broward-Miami,-80.097812,26.086495,10.540005172033402
2023-09-08,Y1084,Broward-Miami,-80.103897,26.082392,9.96857650829213
2023-09-29,Y1214,Biscayne,-80.151731,25.371794,14.635720326559895
2023-09-29,Y1207,Biscayne,-80.166132,25.40849,14.414291568334619
2023-09-29,Y1209,Biscayne,-80.164096,25.403807,14.414291568334619
2023-09-14,Y1085,Broward-Miami,-80.108866,26.07361,9.96857650829213
2023-09-28,Y1205,Biscayne,-80.144039,25.424007,13.85572013580374
2023-09-14,Y1110,Broward-Miami,-80.100142,25.977708,9.897147846179353
2023-10-05,Y3059,Mid-Upper Keys Transition,-80.45735,24.95625,14.208576914199767
2023-08-20,Y3052,Upper Keys,-80.4216366,24.9818202,12.307147395440518
2023-08-02,Y3053,Mid-Upper Keys Transition,-80.5055,24.92233333,8.600003122187088
2023-08-02,Y3054,Mid-Upper Keys Transition,-80.515217,24.914017,8.600003122187088
2023-08-20,Y3055,Upper Keys,-80.417019,24.985194,12.307147395440518
2023-09-12,Y1224,Biscayne,-80.183878000000007,25.319354,13.95857709186418
2023-10-05,Y1227,Biscayne,-80.217876,25.311995,13.708576903087758
2023-10-05,Y2245,Upper Keys,-80.376656,25.07871,14.032862528445465
2023-09-10,Y1471,Tortugas--Dry Tortugas NP,-82.974873,24.595067,12.290005004267613
2023-07-31,Y1331,Middle Keys,-81.066333,24.667395,10.47857484723841
2023-09-12,Y2304,Middle Keys,-80.948574,24.710477,17.997148835786756
2023-10-11,Y1309,Middle Keys,-80.763168,24.782964,13.778576642753826
2023-10-11,Y1305,Mid-Upper Keys Transition,-80.726193,24.836788,14.038576640997622
2023-09-10,Y1483,Tortugas--Dry Tortugas NP,-82.986003,24.601502,12.467147957554888
2023-10-05,Y2238,Upper Keys,-80.329724,25.134125,14.317148524267342
2023-09-15,Y1456,Tortugas--Dry Tortugas NP,-82.917128,24.678157,13.0214339570169
2023-09-14,Y1109,Broward-Miami,-80.10711,25.980912,9.897147846179353
2023-09-14,Y1112,Broward-Miami,-80.103145,25.976824,9.897147846179353
2023-09-10,Y2447,Tortugas--Dry Tortugas NP,-82.852,24.640337,12.690005100412034
2023-09-22,Y1197,Biscayne,-80.124275,25.449535,14.401434704586869
2023-09-22,Y1199,Biscayne,-80.139729,25.444984,14.401434704586869
2023-09-22,Y1198,Biscayne,-80.150176,25.446339,15.548577849141198
2023-09-22,Y1201,Biscayne,-80.146960000000007,25.437119,14.401434704586869
2023-09-22,Y1200,Biscayne,-80.137201,25.439179,14.401434704586869
2023-09-17,Y2418,Tortugas--Dry Tortugas NP,-82.873835,24.592877,13.138576810519616
2023-09-22,Y1208,Biscayne,-80.157827,25.407249,15.548577849141198
2023-09-17,Y1470,Tortugas--Dry Tortugas NP,-82.814986,24.639477,13.524291286958125
2023-10-05,YMQ23-33,Marquesas,-82.04002,24.46832,16.525720340865004
2023-10-09,YMQ23-22,Marquesas,-82.1421,24.45295,14.744291201766055
2023-09-17,Y2453,Tortugas--Dry Tortugas NP,-82.81449,24.634586,13.524291286958125
2023-09-29,Y1347,Lower Keys,-81.398366,24.592633,17.60286358514002
2023-09-17,Y1433,Tortugas--Dry Tortugas NP,-82.903362,24.589028,13.05714823909104
2023-09-15,Y1439,Tortugas--Dry Tortugas NP,-82.922125,24.653793,13.0214339570169
2023-09-15,Y3046,Tortugas--Dry Tortugas NP,-82.97795,24.60617,12.755719575030467
2023-10-08,YMQ23-18,Marquesas,-82.31919,24.49991,14.090005483776334
2023-09-17,Y1435,Tortugas--Dry Tortugas NP,-82.881084,24.59275,13.138576810519616
2023-09-14,Y1111,Broward-Miami,-80.095647,25.97768,10.742862412503793
2023-09-14,Y1113,Broward-Miami,-80.100001,25.972567,10.742862412503793
2023-10-04,Y2202,Biscayne,-80.189109,25.349009,13.362862806149893
2023-09-14,Y1191,Biscayne,-80.128375,25.463196,13.495719852734899
2023-09-15,Y1118,Broward-Miami,-80.107732,25.964663,9.897147846179353
2023-09-20,Y1196,Biscayne,-80.184151,25.45223,15.655720706284054
2023-09-20,Y1193,Biscayne,-80.153125,25.4576,15.655720706284054
2023-08-15,Y1278,Upper Keys,-80.372618,25.013818,11.350004158701221
2023-10-17,Y1036,South Palm Beach,-80.026273,26.57132,7.814289471932823
2023-10-10,YMQ23-30,Marquesas,-82.11885,24.4793,14.422862535725752
2023-08-16,Y1175,Biscayne,-80.101055,25.567169,10.160003869916716
2023-10-05,YMQ23-48,Marquesas,-82.01021,24.44585,15.262863004824954
2023-10-05,YMQ23-7,Marquesas,-82.01743,24.47822,16.525720340865004
2023-09-20,Y1194,Biscayne,-80.147945000000007,25.456554,14.520006133158304
2023-09-20,Y1195,Biscayne,-80.147416,25.452344,14.520006133158304
2023-09-14,Y3068,Biscayne,-80.14086,25.46725,13.495719852734899
2023-10-06,YMQ23-3,Marquesas,-82.61688,24.43734,12.554291001813759
2023-10-06,Y1063,Broward-Miami,-80.080629,26.173967,9.000004418236875
2023-10-06,YMQ23-14,Marquesas,-82.5707,24.52911,13.708577003127768
2023-10-06,YMQ23-35,Marquesas,-82.59806,24.47056,13.300005478220335
2023-10-07,YMQ23-23,Marquesas,-82.37413,24.44089,13.45143414410098
2023-10-07,YMQ23-11,Marquesas,-82.44391,24.432,12.988576812339687
2023-09-11,Y2442,Tortugas--Dry Tortugas NP,-82.832412,24.700188,13.52429128884205
2023-10-06,YMQ23-58,Marquesas,-82.59228,24.45176,13.300005478220335
2023-09-14,Y1286,Upper Keys,-80.439604,24.983502,14.470005672872075
2023-10-06,Y1179,Biscayne,-80.135601,25.528559,12.001433762780263
2023-10-10,Y1086,Broward-Miami,-80.092976,26.065246,8.42714708880655
2023-09-17,Y1461,Tortugas--Dry Tortugas NP,-82.826102,24.634636,13.524291286958125
2023-10-10,Y1098,Broward-Miami,-80.105356,26.01476,7.621432523663557
2023-10-10,Y1097,Broward-Miami,-80.100349,26.016083,7.621432523663557
2023-10-09,YMQ23-42,Marquesas,-82.17336,24.45498,14.630005485628335
2023-09-15,Y1443,Tortugas--Dry Tortugas NP,-82.931174,24.696109,13.0214339570169
2023-09-15,Y1452,Tortugas--Dry Tortugas NP,-82.931154,24.630655,12.895719575030466
2023-10-10,YMQ23-31,Marquesas,-82.09169,24.47666,14.555719678582893
2023-10-08,YMQ23-16,Marquesas,-82.30143,24.50506,14.91571986780636
2023-10-06,YMQ23-61,Marquesas,-82.56074,24.44821,12.658576716099471
2023-10-10,YMQ23-44,Marquesas,-82.16978,24.47484,14.318576819619963
2023-10-10,YMQ23-46,Marquesas,-82.08747,24.4512,14.555719678582893
2023-09-20,Y2374,Lower Keys,-81.9253,24.51403,19.370006821240707
2023-09-13,Y1329,Middle Keys,-81.047441,24.684363,17.545720454156413
2023-09-18,Y2461,Tortugas--Dry Tortugas NP,-82.855909,24.665106,13.994291570314347
2023-10-10,Y1095,Broward-Miami,-80.102737,26.030545,7.621432523663557
2023-10-10,Y1096,Broward-Miami,-80.103302,26.021971,7.621432523663557
2023-10-06,Y1297,Mid-Upper Keys Transition,-80.491385,24.938758,13.194291103514182
2023-10-06,Y1301,Mid-Upper Keys Transition,-80.544725,24.896626,13.11143396247711
2023-09-18,Y2426,Tortugas--Dry Tortugas NP,-82.820925,24.676095,14.274291761262077
2023-10-10,YMQ23-47,Marquesas,-82.1511,24.48009,14.318576819619963
2023-10-13,Y2149,Broward-Miami,-80.11291667,25.77903333,7.667146535792526
2023-09-11,Y2030,South Palm Beach,-80.023947,26.608771,10.754290881050485
2023-09-01,Y2318,Middle Keys,-81.22955,24.62715,18.99429245212249
2023-09-01,Y2319,Middle Keys,-81.235465,24.625007,18.99429245212249
2023-07-19,Y1269,Upper Keys,-80.406069,25.044604,4.962858844718764
2023-10-06,Y1064,Broward-Miami,-80.08114,26.172616,9.000004418236875
2023-10-06,Y1075,Broward-Miami,-80.086491,26.127957,9.4442904145377
2023-10-06,Y1081,Broward-Miami,-80.104769,26.091955,8.562861564095536
2023-10-06,Y1074,Broward-Miami,-80.086466,26.131117,9.4442904145377
2023-10-06,Y1077,Broward-Miami,-80.088075,26.117132,9.4442904145377
2023-10-06,Y1078,Broward-Miami,-80.088586,26.115781,9.4442904145377
2023-10-10,YMQ23-56,Lower Keys,-81.95882,24.48299,14.851434153520641
2023-10-05,YMQ23-52,Lower Keys,-81.95287,24.45181,16.492863198007857
2023-08-17,Y1027,South Palm Beach,-80.029666,26.70451,7.748575184941297
2023-09-17,Y2456,Tortugas--Dry Tortugas NP,-82.786186,24.681202,14.352863189833512
2023-10-05,YMQ23-72,Lower Keys,-81.98044,24.45042,16.492863198007857
2023-09-13,Y1321,Middle Keys,-80.972845,24.713215,18.980006265448683
2023-10-09,YMQ23-40,Marquesas,-82.20581,24.47601,14.351434057056908
2023-09-07,Y2273,Mid-Upper Keys Transition,-80.53481,24.95128,16.74572015164155
2023-10-05,YMQ23-49,Marquesas,-81.98397,24.4633,16.492863198007857
2023-08-14,Y1005,Martin,-80.133093,27.12553,1.4614293119737078
2023-10-07,YMQ23-20,Marquesas,-82.54236,24.42868,12.534290907393615
2023-08-15,Y2002,Martin,-80.13836,27.151198,1.6042865459620954
2023-08-15,Y1002,Martin,-80.143852,27.158906000000002,1.6042865459620954
2023-10-08,YMQ23-2,Marquesas,-82.31048,24.50271,14.91571986780636
2023-10-08,YMQ23-34,Marquesas,-82.26455,24.46124,14.407148437350992
2023-10-08,YMQ23-26,Marquesas,-82.29401,24.45348,14.407148437350992
2023-10-08,YMQ23-29,Marquesas,-82.34591,24.44308,13.341434051500903
2023-08-14,Y1395,Lower Keys,-81.732703,24.496586,12.072861496465547
2023-08-14,Y1400,Lower Keys,-81.739062,24.481956,12.072861496465547
2023-10-06,YMQ23-19,Marquesas,-82.58872,24.45658,13.300005478220335
2023-10-06,YMQ23-13,Marquesas,-82.57036,24.52776,13.708577003127768
2023-08-17,Y1389,Lower Keys,-81.721066,24.50935,16.145719970081537
2023-10-06,YMQ23-12,Marquesas,-82.61051,24.44746,12.554291001813759
2023-10-07,YMQ23-66,Marquesas,-82.36244,24.44964,13.45143414410098
2023-10-07,YMQ23-37,Marquesas,-82.43807,24.43262,12.988576812339687
2023-09-29,Y1341,Lower Keys,-81.380663,24.618917,19.084292167425158
2023-10-06,Y1131,Broward-Miami,-80.114019,25.925424,8.665718617290262
2023-10-09,YMQ23-24,Marquesas,-82.14775,24.45439,14.744291201766055
2023-10-09,YMQ23-39,Marquesas,-82.12327,24.45255,14.744291201766055
2023-09-15,Y1478,Tortugas--Dry Tortugas NP,-82.926892,24.610396,12.895719575030466
2023-09-18,Y2446,Tortugas--Dry Tortugas NP,-82.820914,24.669911,14.274291761262077
2023-09-11,Y3062,South Palm Beach,-80.017176,26.714749,10.185719262904364
2023-09-29,Y1346,Lower Keys,-81.375106,24.594174,17.60286358514002
2023-10-07,YMQ23-70,Marquesas,-82.56596,24.45597,13.07857681233969
2023-10-07,YMQ23-8,Marquesas,-82.46977,24.43289,12.772862430385183
2023-10-10,Y1103,Broward-Miami,-80.100473,25.999832,7.651432525004664
2023-09-29,Y1343,Lower Keys,-81.36344,24.608305,17.60286358514002
2023-10-09,YMQ23-51,Marquesas,-82.1902,24.45606,14.630005485628335
2023-10-09,Y1348,Lower Keys,-81.390244,24.588825,14.337148352031202
2023-09-15,Y1457,Tortugas--Dry Tortugas NP,-82.958787,24.597424,12.575719478822187
2023-10-09,YMQ23-41,Marquesas,-82.20629,24.45886,14.351434057056908
2023-10-10,YMQ23-43,Marquesas,-82.09677,24.45097,14.555719678582893
2023-10-06,YMQ23-4,Marquesas,-82.57834,24.45835,13.300005478220335
2023-10-07,YMQ23-9,Marquesas,-82.46384,24.42501,12.772862430385183
2023-10-07,YMQ23-54,Marquesas,-82.41616,24.44609,12.988576812339687
2023-10-09,YMQ23-45,Marquesas,-82.2276,24.45855,14.351434057056908
2023-10-09,YMQ23-32,Marquesas,-82.20272,24.46532,14.351434057056908
2023-10-21,Y1300,Mid-Upper Keys Transition,-80.616409,24.896738,10.415718546115933
2023-10-21,Y1303,Mid-Upper Keys Transition,-80.584491,24.864652,9.622861212534568
2023-10-21,Y1306,Mid-Upper Keys Transition,-80.646053,24.836692,9.87857568897307
2023-09-14,Y1477,Tortugas--Dry Tortugas NP,-82.95616,24.611013,12.755719575030467
2023-09-16,Y1445,Tortugas--Dry Tortugas NP,-82.833175,24.718555,14.295720332690651
2023-09-16,Y1434,Tortugas--Dry Tortugas NP,-82.892406,24.713756,14.184291761262081
2023-10-09,Y1351,Lower Keys,-81.451589,24.576451,14.652862641449497
2023-10-10,Y1102,Broward-Miami,-80.099176,26.008411,8.41143280452916
2023-09-17,Y1473,Tortugas--Dry Tortugas NP,-82.893884,24.586051,13.138576810519616
2023-10-23,Y1314,Middle Keys,-80.76538,24.747641,9.508575312889057
2023-10-10,Y1100,Broward-Miami,-80.09756,26.009706,8.41143280452916
2023-09-18,Y1466,Tortugas--Dry Tortugas NP,-82.907814,24.652031,13.538577097611773
2023-09-11,Y3063,South Palm Beach,-80.016529,26.704926,10.185719262904364
2023-09-11,Y3064,South Palm Beach,-80.01701,26.69834,10.325719264596705
2023-10-18,Y3061,South Palm Beach,-80.03772,26.49015,8.095718231243747
2023-09-16,Y2417,Tortugas--Dry Tortugas NP,-82.873543,24.708125,14.184291761262081
2023-10-18,Y1041,South Palm Beach,-80.033849,26.505915,7.7914323290756835
2023-09-16,Y3047,Tortugas--Dry Tortugas NP,-82.81239,24.72435,14.295720332690651
2023-10-06,Y1125,Broward-Miami,-80.112363,25.946633,8.665718617290262
2023-08-08,Y1030,South Palm Beach,-80.022318,26.65525,5.8000029121765095
2023-10-18,Y1044,South Palm Beach,-80.052278,26.399953,7.558575280159714
2023-08-07,Y1031,South Palm Beach,-80.020909,26.642527,5.944288720403401
2023-08-24,Y2028,South Palm Beach,-80.018876,26.673288,9.222861558092497
2023-09-15,Y1151,Broward-Miami,-80.10771667,25.82473333,10.648576424377309
2023-09-14,Y1192,Biscayne,-80.14586,25.462411,13.495719852734899
2023-09-20,Y1187,Biscayne,-80.148519,25.478133,14.520006133158304
2023-09-16,Y1485,Tortugas--Dry Tortugas NP,-82.791587,24.708684,14.30572033473424
2023-10-17,Y1034,South Palm Beach,-80.025174,26.590529,7.814289471932823
2023-10-06,Y1116,Broward-Miami,-80.10072,25.967328,8.475718615821433
2023-10-06,Y1115,Broward-Miami,-80.096615,25.968186,9.288576039512247
2023-10-13,Y1126,Broward-Miami,-80.10366,25.942034,7.215717958137396
2023-10-06,Y1120,Broward-Miami,-80.108789,25.956994,8.475718615821433
2023-10-13,Y2097,Broward-Miami,-80.114722,25.927695,7.215717958137396
2023-10-13,Y1129,Broward-Miami,-80.100468,25.934821,7.215717958137396
2023-09-10,Y1462,Tortugas--Dry Tortugas NP,-82.957628,24.586526,12.290005004267613
2023-10-09,YMQ23-27,Marquesas,-82.16579,24.45817,14.630005485628335
2023-10-18,Y1040,South Palm Beach,-80.032823,26.508617,7.7914323290756835
2023-10-05,YMQ23-15,Marquesas,-82.04082,24.47985,16.525720340865004
2023-10-13,Y1165,Biscayne,-80.11488333,25.73626667,8.041432345679834
2023-09-26,Y1148,Broward-Miami,-80.09563333,25.84758333,11.615719750970602
2023-09-26,Y1147,Broward-Miami,-80.10705667,25.85136667,10.840005276799207
2023-09-26,Y1143,Broward-Miami,-80.10946667,25.86625,10.840005276799207
2023-09-26,Y1146,Broward-Miami,-80.10508333,25.85316667,10.840005276799207
2023-09-26,Y1141,Broward-Miami,-80.1078,25.87621667,10.840005276799207
2023-10-23,Y1166,Biscayne,-80.0966,25.68875,7.54571786882622
2023-10-13,Y1127,Broward-Miami,-80.102427,25.939799,7.215717958137396
2023-07-31,Y1332,Middle Keys,-81.107562,24.661016,11.691432466219581
2023-10-10,Y1144,Broward-Miami,-80.08813333,25.85751667,8.700004237411285
2023-10-10,Y1154,Broward-Miami,-80.10993333,25.80756667,8.1528611017976509
2023-09-20,Y1325,Middle Keys,-81.040172,24.694307,19.117149689878747
2023-10-10,Y1149,Broward-Miami,-80.09221667,25.83413333,8.651432717485092
2023-09-15,Y1164,Broward-Miami,-80.09023333,25.77133333,11.352862327183999
2023-09-15,Y1156,Broward-Miami,-80.10053333,25.79581667,10.872862142047714
2023-09-15,Y2452,Tortugas--Dry Tortugas NP,-82.974668,24.598935,12.575719478822187
2023-10-23,Y1065,Broward-Miami,-80.094658,26.171347,6.272860245023459
2023-10-23,Y1058,Broward-Miami,-80.085928,26.200185,6.411431766514269
2023-10-23,Y1071,Broward-Miami,-80.091334,26.148303,6.564289004462111
2023-10-23,Y1059,Broward-Miami,-80.084487,26.192501,6.272860245023459
2023-10-23,Y1062,Broward-Miami,-80.087076,26.181231,6.272860245023459
2023-09-15,Y1163,Broward-Miami,-80.08921667,25.77318333,11.352862327183999
2023-09-11,Y2448,Tortugas--Dry Tortugas NP,-82.814892,24.659733,13.314291194358043
2023-09-11,Y2436,Tortugas--Dry Tortugas NP,-82.909123,24.670453,12.730005196620317
2023-10-07,YMQ23-38,Marquesas,-82.41137,24.43826,12.988576812339687
2023-10-07,YMQ23-10,Marquesas,-82.47943,24.41917,12.772862430385183
2023-09-14,Y2428,Tortugas--Dry Tortugas NP,-82.948022,24.603804,12.895719575030466
2023-07-17,Y3005,Upper Keys,-80.46524,24.99308,4.340001513276783
2023-10-31,Y1123,Broward-Miami,-80.105817,25.953816,4.570002353319102
2023-10-08,YMQ23-28,Marquesas,-82.25597,24.45922,14.407148437350992
2023-10-08,YMQ23-57,Marquesas,-82.29808,24.50277,15.105719869690287
2023-09-14,Y1188,Biscayne,-80.141032,25.476893,13.495719852734899
2023-09-12,Y1184,Biscayne,-80.109287,25.488817,13.192862521165194
2023-09-15,Y1117,Broward-Miami,-80.095726,25.967297,10.742862412503793
2023-09-12,Y1185,Biscayne,-80.151561,25.486373,14.327148522351477
2023-09-12,Y1183,Biscayne,-80.13953,25.501192,13.252862617373472
2023-09-12,Y1181,Biscayne,-80.124331,25.514452,13.252862617373472
2023-09-28,Y1204,Biscayne,-80.143068,25.424906,13.85572013580374
2023-09-28,Y1206,Biscayne,-80.163758,25.409023,14.652863091326193
2023-10-18,Y1042,South Palm Beach,-80.03687,26.497742,8.095718231243747
2023-09-15,Y1451,Tortugas--Dry Tortugas NP,-82.962521,24.611745,12.755719575030467
2023-10-18,Y1043,South Palm Beach,-80.049564,26.425216,8.291432704840393
2023-10-31,Y1124,Broward-Miami,-80.093333,25.953738,4.908573875193088
2023-09-16,Y2421,Tortugas--Dry Tortugas NP,-82.777069,24.70027,14.30572033473424
2023-10-31,Y1122,Broward-Miami,-80.099814,25.955133,4.908573875193088
2023-09-07,Y1328,Middle Keys,-81.03623,24.688638,17.047148740887653
2023-10-10,YMQ23-73,Marquesas,-82.02544,24.47318,14.90000558209207
2023-10-10,YMQ23-36,Marquesas,-82.15716,24.47469,14.318576819619963
2023-10-13,Y1073,Broward-Miami,-80.090425,26.136559,8.065718327930998
2023-10-13,Y1076,Broward-Miami,-80.095551,26.120339,8.065718327930998
2023-09-21,Y1135,Broward-Miami,-80.106582,25.918606,10.612862416080068
2023-09-21,Y1133,Broward-Miami,-80.111058,25.920891,10.612862416080068
2023-09-17,Y2454,Tortugas--Dry Tortugas NP,-82.873842,24.609187,13.310005478220331
2023-09-13,Y1282,Upper Keys,-80.429811,25.007207,15.574291481705654
2023-09-11,Y1479,Tortugas--Dry Tortugas NP,-82.892027,24.67028,13.031433860744755
2023-09-13,Y1273,Upper Keys,-80.382071,25.031783,14.520005670956213
2023-09-19,Y1292,Mid-Upper Keys Transition,-80.554364,24.950852,20.000006814343593
2023-09-19,Y1291,Mid-Upper Keys Transition,-80.548103,24.953482,18.571435288861405
2023-09-29,Y1296,Mid-Upper Keys Transition,-80.54889,24.939607,15.96714891229358
2023-10-11,Y1311,Middle Keys,-80.740565,24.774405,13.054290830216244
2023-10-11,Y1310,Middle Keys,-80.735328,24.778596,13.054290830216244
2023-09-08,Y1108,Broward-Miami,-80.096112,25.982198,10.742862412503793
2023-10-06,Y1119,Broward-Miami,-80.111269,25.959267,8.475718615821433
2023-09-08,Y1107,Broward-Miami,-80.112068,25.985908,9.897147846179353
2023-07-31,Y1333,Middle Keys,-81.025861,24.652135,9.7057174173849
2023-10-09,Y2322,Lower Keys,-81.393075,24.61494,15.357148361291209
2023-09-21,Y1134,Broward-Miami,-80.107074,25.919512,10.612862416080068
2023-09-21,Y1132,Broward-Miami,-80.106558,25.921767,10.612862416080068
2023-09-08,Y1105,Broward-Miami,-80.09504,25.991671,10.742862412503793
2023-09-08,Y1106,Broward-Miami,-80.112061,25.986811,9.897147846179353
2023-10-17,Y1039,South Palm Beach,-80.033158,26.523441,7.975718137302575
2023-09-07,Y1327,Middle Keys,-81.029962,24.68991,17.047148740887653
2023-09-12,Y1319,Middle Keys,-80.960544,24.717523,18.92857769402011
2023-10-06,Y1298,Mid-Upper Keys Transition,-80.549707,24.934365,13.862862535725759
2023-10-23,Y3066,Lower Keys,-81.44595,24.576967,10.404289884226667
2023-10-08,YMQ23-17,Marquesas,-82.30259,24.50456,14.91571986780636
2023-10-08,YMQ23-25,Marquesas,-82.31287,24.44789,13.341434051500903
2023-08-16,Y1170,Biscayne,-80.095815,25.626889,9.512861008846338
2023-09-07,Y1173,Biscayne,-80.094611,25.588505,12.584291088953622
2023-08-16,Y1174,Biscayne,-80.126665,25.571904,10.160003869916716
2023-10-06,Y1177,Biscayne,-80.113358,25.535915,12.001433762780263
2023-09-12,Y3067,Biscayne,-80.14961,25.48289,13.192862521165194
2023-09-14,Y1284,Upper Keys,-80.442228,24.994568,14.470005672872075
2023-09-14,Y1287,Upper Keys,-80.446428,24.969866,14.470005672872075
2023-09-14,Y1288,Mid-Upper Keys Transition,-80.534437,24.957659,17.500006244374184
2023-09-14,Y1283,Upper Keys,-80.439723,24.997085,14.470005672872075
2023-08-16,Y1277,Upper Keys,-80.37342,25.016002,11.588575681788587
2023-09-14,Y1285,Upper Keys,-80.465161,24.990705,15.731434435376107
2023-09-13,Y1268,Upper Keys,-80.394583,25.045068,14.520005670956213
2023-09-29,Y1213,Biscayne,-80.172316,25.376635,14.635720326559895
2023-09-13,Y1270,Upper Keys,-80.391426,25.042031,14.520005670956213
2023-09-16,Y1446,Tortugas--Dry Tortugas NP,-82.792551,24.723774,14.30572033473424
2023-08-24,Y2029,South Palm Beach,-80.022862,26.618243,9.637147460260564
2023-08-08,Y1029,South Palm Beach,-80.018273,26.692013,5.8000029121765095
2023-08-08,Y1032,South Palm Beach,-80.022913,26.626696,6.194288814344579
2023-08-24,Y2027,South Palm Beach,-80.018589,26.680962,9.222861558092497
2023-08-25,Y1368,Lower Keys,-81.703015,24.550964,19.93429254472256
2023-08-14,Y1388,Lower Keys,-81.724273,24.509459,15.222862543006034
2023-09-19,Y1290,Mid-Upper Keys Transition,-80.543987,24.956768,18.571435288861405
2023-09-16,Y1436,Tortugas--Dry Tortugas NP,-82.802784,24.707412,14.295720332690651
2023-10-06,Y1176,Biscayne,-80.11313,25.538786,12.001433762780263
