sample_name,host_genus,host_species,date,era,subregion,site,latitude,longitude,depth,dominant_clade,A,B,C,D,Species_raw,Species
CR-1,Porites,astreoides,20210702,2020-21,Upper Keys,Conch,24.94844437,-80.46238708,55,A,0.9998291936516974,1.7080634830261195e-4,0,0,astreoides,PAST
CR-10,Orbicella,faveolata,20210702,2020-21,Upper Keys,Conch,24.94844437,-80.46238708,55,B,6.732306656568206e-4,0.9330977026003534,0.06622906673398972,0,faveolata,ORBI
CR-11,Orbicella,faveolata,20210702,2020-21,Upper Keys,Conch,24.94844437,-80.46238708,54,B,1.8584769781164332e-4,0.9920550109185522,0.0019514008270222496,0.005807740556613849,faveolata,ORBI
CR-14,Orbicella,faveolata,20210702,2020-21,Upper Keys,Conch,24.94844437,-80.46238708,54,C,0,0.4185490045941807,0.5814509954058193,0,faveolata,ORBI
CR-15,Orbicella,faveolata,20210702,2020-21,Upper Keys,Conch,24.94844437,-80.46238708,52,C,0,0.47692691444250446,0.5230730855574957,0,faveolata,ORBI
CR-16,Diploria,labyrinthiformis,20210702,2020-21,Upper Keys,Conch,24.94844437,-80.46238708,51,B,0,1,0,0,labyrinthiformis,DLAB
CR-17,Pseudodiploria,strigosa,20210702,2020-21,Upper Keys,Conch,24.94844437,-80.46238708,56,C,0.01123595505617977,0.02496088749822215,0.7063006684682123,0.25750248897738587,strigosa,PSTR
CR-18,Pseudodiploria,strigosa,20210702,2020-21,Upper Keys,Conch,24.94844437,-80.46238708,55,D,0,7.037651435178203e-4,0.3723922987985724,0.6269039360579098,strigosa,PSTR
CR-19,Diploria,labyrinthiformis,20210702,2020-21,Upper Keys,Conch,24.94844437,-80.46238708,54,B,1.890144785090538e-4,0.5205080709182325,0,0.4793029146032586,labyrinthiformis,DLAB
CR-21,Diploria,labyrinthiformis,20210702,2020-21,Upper Keys,Conch,24.94844437,-80.46238708,53,B,0,1,0,0,labyrinthiformis,DLAB
CR-22,Porites,astreoides,20210702,2020-21,Upper Keys,Conch,24.94844437,-80.46238708,50,A,1,0,0,0,astreoides,PAST
CR-23,Orbicella,faveolata,20210702,2020-21,Upper Keys,Conch,24.94844437,-80.46238708,54,C,3.6201715961336567e-4,0.07790609274879631,0.8904898092169569,0.03124208087463345,faveolata,ORBI
CR-24,Orbicella,faveolata,20210702,2020-21,Upper Keys,Conch,24.94844437,-80.46238708,54,B,0,0.9916509676314438,0.008349032368556261,0,faveolata,ORBI
CR-28,Siderastrea,radians,20210702,2020-21,Upper Keys,Conch,24.94844437,-80.46238708,54,A,1,0,0,0,radians,SRAD
CR-29,Siderastrea,radians,20210702,2020-21,Upper Keys,Conch,24.94844437,-80.46238708,50,D,0.0012127949871140503,0,0,0.998787205012886,radians,SRAD
CR-3,Diploria,labyrinthiformis,20210702,2020-21,Upper Keys,Conch,24.94844437,-80.46238708,52,B,1.4005602240896363e-4,0.9835784313725491,0.0015056022408963504,0.014775910364145654,labyrinthiformis,DLAB
CR-30,Stephanocoenia,intersepta,20210702,2020-21,Upper Keys,Conch,24.94844437,-80.46238708,54,A,0.9994224104736235,5.775895263765885e-4,0,0,intersepta,SINT
CR-32,Pseudodiploria,strigosa,20210702,2020-21,Upper Keys,Conch,24.94844437,-80.46238708,45,B,0,1,0,0,strigosa,PSTR
CR-33,Porites,astreoides,20210702,2020-21,Upper Keys,Conch,24.94844437,-80.46238708,50,A,0.9996697853604843,3.3021463951568526e-4,0,0,astreoides,PAST
CR-34,Stephanocoenia,intersepta,20210702,2020-21,Upper Keys,Conch,24.94844437,-80.46238708,51,A,0.9960560911481157,0.003943908851884311,0,0,intersepta,SINT
CR-4,Stephanocoenia,intersepta,20210702,2020-21,Upper Keys,Conch,24.94844437,-80.46238708,54,A,0.9995630325540747,4.369674459252786e-4,0,0,intersepta,SINT
CR-41,Stephanocoenia,intersepta,20210702,2020-21,Upper Keys,Conch,24.94844437,-80.46238708,64,A,0.5260068733830173,0.00196934007800131,0.4720237865389814,0,intersepta,SINT
CR-44,Porites,astreoides,20210702,2020-21,Upper Keys,Conch,24.94844437,-80.46238708,65,A,0.9997929520891133,2.070479108865791e-4,0,0,astreoides,PAST
CR-45,Orbicella,faveolata,20210702,2020-21,Upper Keys,Conch,24.94844437,-80.46238708,65,C,6.115459882583171e-4,3.0577299412915855e-4,0.9977984344422701,0.0012842465753424603,faveolata,ORBI
CR-46,Stephanocoenia,intersepta,20210702,2020-21,Upper Keys,Conch,24.94844437,-80.46238708,64,A,0.9993617021276596,6.382978723404255e-4,0,0,intersepta,SINT
CR-47,Porites,astreoides,20210702,2020-21,Upper Keys,Conch,24.94844437,-80.46238708,62,A,0.9993404380879648,4.859929878154615e-4,0,1.7356892421980768e-4,astreoides,PAST
CR-48,Porites,astreoides,20210702,2020-21,Upper Keys,Conch,24.94844437,-80.46238708,61,A,0.9995017438963628,4.982561036372695e-4,0,0,astreoides,PAST
CR-49,Porites,astreoides,20210702,2020-21,Upper Keys,Conch,24.94844437,-80.46238708,64,A,1,0,0,0,astreoides,PAST
CR-5-A,Porites,astreoides,20210702,2020-21,Upper Keys,Conch,24.94844437,-80.46238708,54,A,0.9998297334111694,1.7026658883051172e-4,0,0,astreoides,PAST
CR-5-B,Porites,astreoides,20210702,2020-21,Upper Keys,Conch,24.94844437,-80.46238708,54,B,0,1,0,0,astreoides,PAST
CR-51,Orbicella,faveolata,20210702,2020-21,Upper Keys,Conch,24.94844437,-80.46238708,63,D,0,2.549812406658653e-4,0,0.9997450187593342,faveolata,ORBI
CR-52,Stephanocoenia,intersepta,20210702,2020-21,Upper Keys,Conch,24.94844437,-80.46238708,57,A,0.9985485131564257,2.605232796159143e-4,0.0011909635639584602,0,intersepta,SINT
CR-53,Porites,astreoides,20210702,2020-21,Upper Keys,Conch,24.94844437,-80.46238708,57,A,0.9997271487039564,2.7285129604365623e-4,0,0,astreoides,PAST
CR-55,Stephanocoenia,intersepta,20210702,2020-21,Upper Keys,Conch,24.94844437,-80.46238708,55,C,2.774848770741995e-4,0.0023586214551306905,0.9973638936677951,0,intersepta,SINT
CR-56,Porites,astreoides,20210702,2020-21,Upper Keys,Conch,24.94844437,-80.46238708,55,A,0.9990643075876148,3.827832596121129e-4,5.52909152773052e-4,0,astreoides,PAST
CR-57,Orbicella,faveolata,20210702,2020-21,Upper Keys,Conch,24.94844437,-80.46238708,56,B,0,0.7926471722860889,0.207352827713911,0,faveolata,ORBI
CR-58,Orbicella,faveolata,20210702,2020-21,Upper Keys,Conch,24.94844437,-80.46238708,56,B,0,1,0,0,faveolata,ORBI
CR-59,Siderastrea,radians,20210702,2020-21,Upper Keys,Conch,24.94844437,-80.46238708,55,A,0.9200142725461627,0.00454937408938182,0.07543635336445545,0,radians,SRAD
CR-6,Orbicella,faveolata,20210702,2020-21,Upper Keys,Conch,24.94844437,-80.46238708,52,D,0,6.023370678231539e-4,0,0.9993976629321768,faveolata,ORBI
CR-7,Stephanocoenia,intersepta,20210702,2020-21,Upper Keys,Conch,24.94844437,-80.46238708,55,A,0.994279176201373,0.005720823798627001,0,0,intersepta,SINT
CR-8,Orbicella,faveolata,20210702,2020-21,Upper Keys,Conch,24.94844437,-80.46238708,54,C,2.817496654222724e-4,4.5784320631119256e-4,0.9852433612735085,0.014017045854758051,faveolata,ORBI
KL-003,Diploria,labyrinthiformis,20010621,2001-03,Upper Keys,Little Grecian,25.11901093,-80.30082703,31.824148,B,0.01441715569079185,0.98159820328914,0.0039846410200681,0,labyrinthiformis,DLAB
KL-015,Diploria,labyrinthiformis,20010621,2001-03,Upper Keys,Little Grecian,25.11901093,-80.30082703,32.8084,B,0.00406281926394069,0.7738601534842833,0,0.222077027251776,labyrinthiformis,DLAB
KL-025,Diploria,labyrinthiformis,20010621,2001-03,Upper Keys,Little Grecian,25.11901093,-80.30082703,31.16798,B,0,0.8394116555308091,0.16058834446919085,0,labyrinthiformis,DLAB
KL-102,Pseudodiploria,strigosa,20010622,2001-03,Upper Keys,Conch,24.94844437,-80.46238708,51.837272,B,0,0.9996993023815252,3.006976184748617e-4,0,strigosa,PSTR
KL-103,Stephanocoenia,intersepta,20010622,2001-03,Upper Keys,Conch,24.94844437,-80.46238708,51.181104,A,0.9584702242352716,2.8707218270549584e-4,0.0412427035820229,0,intersepta,SINT
KL-104,Stephanocoenia,intersepta,20010622,2001-03,Upper Keys,Conch,24.94844437,-80.46238708,50.85302,C,0.018950313718840095,7.2070544344582e-4,0.9803289808377141,0,intersepta,SINT
KL-105,Orbicella,faveolata,20010622,2001-03,Upper Keys,Conch,24.94844437,-80.46238708,50.85302,B,8.694140149539211e-4,0.9991305859850461,0,0,faveolata,ORBI
KL-106,Pseudodiploria,strigosa,20010622,2001-03,Upper Keys,Conch,24.94844437,-80.46238708,49.868768,B,0.0013531799729363998,0.998346113366411,3.007066606525334e-4,0,strigosa,PSTR
KL-107,Stephanocoenia,intersepta,20010622,2001-03,Upper Keys,Conch,24.94844437,-80.46238708,49.868768,C,0.005694708088337421,0.018287883698319372,0.9760174082133433,0,intersepta,SINT
KL-108,Stephanocoenia,intersepta,20010622,2001-03,Upper Keys,Conch,24.94844437,-80.46238708,50.196852,A,0.9555139520370866,0.0054827493982348196,0.039003298564678615,0,intersepta,SINT
KL-110,Diploria,labyrinthiformis,20010622,2001-03,Upper Keys,Conch,24.94844437,-80.46238708,55.118112000000004,B,0.04345323741007194,0.9120863309352518,0.04446043165467626,0,labyrinthiformis,DLAB
KL-112,Porites,astreoides,20010622,2001-03,Upper Keys,Conch,24.94844437,-80.46238708,62.664044,A,0.9796862946772948,0.01748521470815119,0.00282849061455387,0,astreoides,PAST
KL-113,Diploria,labyrinthiformis,20010622,2001-03,Upper Keys,Conch,24.94844437,-80.46238708,62.664044,B,0.0012787723785166198,0.998437055981813,2.8417163967036084e-4,0,labyrinthiformis,DLAB
KL-115,Stephanocoenia,intersepta,20010622,2001-03,Upper Keys,Conch,24.94844437,-80.46238708,63.648296,C,0.0013939363767610801,0.0020411211231144504,0.9965649425001245,0,intersepta,SINT
KL-116,Diploria,labyrinthiformis,20010622,2001-03,Upper Keys,Conch,24.94844437,-80.46238708,57.742784,B,4.899859129050039e-4,0.9958351197403074,0.00367489434678753,0,labyrinthiformis,DLAB
KL-117,Orbicella,faveolata,20010622,2001-03,Upper Keys,Conch,24.94844437,-80.46238708,54.13386,B,0,0.9949508549885553,0.0012117948027467304,0.0038373502086979914,faveolata,ORBI
KL-118,Stephanocoenia,intersepta,20010622,2001-03,Upper Keys,Conch,24.94844437,-80.46238708,53.149608,A,0.94933544689672,3.0484087306426044e-4,0.05035971223021581,0,intersepta,SINT
KL-119,Diploria,labyrinthiformis,20010622,2001-03,Upper Keys,Conch,24.94844437,-80.46238708,51.509188,B,0.07197608831895094,0.9252277876874125,0.0027961239936363995,0,labyrinthiformis,DLAB
KL-121,Diploria,labyrinthiformis,20010622,2001-03,Upper Keys,Conch,24.94844437,-80.46238708,51.181104,B,0.02716996785232811,0.9716893083065437,0.00114072384112827,0,labyrinthiformis,DLAB
KL-122,Diploria,labyrinthiformis,20010622,2001-03,Upper Keys,Conch,24.94844437,-80.46238708,49.540684,B,0.0013584649346238702,0.9986415350653761,0,0,labyrinthiformis,DLAB
KL-125,Pseudodiploria,strigosa,20010622,2001-03,Upper Keys,Conch,24.94844437,-80.46238708,46.259844,B,0.01671776479435414,0.9829351535836178,3.470816220281136e-4,0,strigosa,PSTR
KL-126,Orbicella,faveolata,20010622,2001-03,Upper Keys,Conch,24.94844437,-80.46238708,49.868768,B,0,1,0,0,faveolata,ORBI
KL-127,Dichocoenia,stokesii,20010622,2001-03,Upper Keys,Conch,24.94844437,-80.46238708,53.477692,B,9.507829977628634e-4,0.999049217002237,0,0,stokesii,DSTO
KL-156,Solenastrea,hyades,20010622,2001-03,Upper Keys,Triangles,25.00873947,-80.44978333,8.530184,B,0,1,0,0,hyades,SOLE
KL-158,Diploria,labyrinthiformis,20010622,2001-03,Upper Keys,Triangles,25.00873947,-80.44978333,6.56168,B,0.003348789283874291,0.9921432251416796,0.0038639876352395608,6.439979392065947e-4,labyrinthiformis,DLAB
KL-160,Orbicella,faveolata,20010622,2001-03,Upper Keys,Triangles,25.00873947,-80.44978333,6.233596,B,0.0053160753495897295,0.9946839246504102,0,0,faveolata,ORBI
KL-162,Diploria,labyrinthiformis,20010622,2001-03,Upper Keys,Triangles,25.00873947,-80.44978333,6.56168,B,7.260055176419341e-4,0.9992739944823581,0,0,labyrinthiformis,DLAB
KL-163,Orbicella,faveolata,20010622,2001-03,Upper Keys,Triangles,25.00873947,-80.44978333,6.233596,B,0.0016687061964623395,0.9910446100789854,0.005117365669151179,0.0021693180554010396,faveolata,ORBI
KL-165,Porites,astreoides,20010622,2001-03,Upper Keys,Triangles,25.00873947,-80.44978333,7.545932,A,0.999084249084249,9.157509157509155e-4,0,0,astreoides,PAST
KL-168,Orbicella,faveolata,20010622,2001-03,Upper Keys,Triangles,25.00873947,-80.44978333,7.874016,B,0.009855453350854138,0.9901445466491458,0,0,faveolata,ORBI
KL-169,Stephanocoenia,intersepta,20010622,2001-03,Upper Keys,Triangles,25.00873947,-80.44978333,8.2021,B,0.0022002933724496595,0.9891985598079743,0.007867715695426047,7.334311241498864e-4,intersepta,SINT
KL-17,Solenastrea,bournoni,20010621,2001-03,Upper Keys,Little Grecian,25.11901093,-80.30082703,32.8084,B,0.009900990099009901,0.9838237344861246,0.004253242225631011,0.0020220331892344106,bournoni,SOLE
KL-170,Diploria,labyrinthiformis,20010622,2001-03,Upper Keys,Triangles,25.00873947,-80.44978333,8.2021,B,0,0.9992700197094678,7.299802905321556e-4,0,labyrinthiformis,DLAB
KL-172,Orbicella,faveolata,20010622,2001-03,Upper Keys,Triangles,25.00873947,-80.44978333,7.874016,B,0,0.9995977312039905,4.022687960094937e-4,0,faveolata,ORBI
KL-173,Orbicella,faveolata,20010622,2001-03,Upper Keys,Triangles,25.00873947,-80.44978333,8.2021,B,0,1,0,0,faveolata,ORBI
KL-174,Pseudodiploria,strigosa,20010622,2001-03,Upper Keys,Triangles,25.00873947,-80.44978333,8.530184,B,0,0.9997410109207062,2.589890792938232e-4,0,strigosa,PSTR
KL-177,Orbicella,faveolata,20010622,2001-03,Upper Keys,Triangles,25.00873947,-80.44978333,7.874016,B,2.7529249827942196e-4,0.9997247075017206,0,0,faveolata,ORBI
KL-178,Diploria,labyrinthiformis,20010622,2001-03,Upper Keys,Triangles,25.00873947,-80.44978333,8,B,0,1,0,0,labyrinthiformis,DLAB
KL-232,Orbicella,faveolata,20010623,2001-03,Upper Keys,Tavernier Rocks,24.93535233,-80.54960632,10.826772,D,0.00320378882852765,0.00919348098620978,0,0.9876027301852626,faveolata,ORBI
KL-233,Orbicella,faveolata,20010623,2001-03,Upper Keys,Tavernier Rocks,24.93535233,-80.54960632,8.2021,D,3.6874855957593915e-4,7.835906890988708e-4,0.0028578013367135204,0.9959898594146117,faveolata,ORBI
KL-234,Porites,astreoides,20010623,2001-03,Upper Keys,Tavernier Rocks,24.93535233,-80.54960632,9.514436,A,1,0,0,0,astreoides,PAST
KL-237,Stephanocoenia,intersepta,20010623,2001-03,Upper Keys,Tavernier Rocks,24.93535233,-80.54960632,11.154856,B,4.351610095735422e-4,0.9380620829706992,0.00210327821293878,0.05939947780678852,intersepta,SINT
KL-240,Siderastrea,radians,20010623,2001-03,Upper Keys,Tavernier Rocks,24.93535233,-80.54960632,11.811024,B,0.0013035685188202701,0.776079517679648,5.540166204986151e-4,0.22206289718103314,radians,SRAD
KL-241,Solenastrea,bournoni,20010623,2001-03,Upper Keys,Tavernier Rocks,24.93535233,-80.54960632,11.48294,B,0.3425719769673704,0.6517466410748561,0.0036852207293666,0.00199616122840691,bournoni,SOLE
KL-242,Solenastrea,bournoni,20010623,2001-03,Upper Keys,Tavernier Rocks,24.93535233,-80.54960632,12.139108,B,0.003740594145535199,0.9899960854247314,0.004784480883824099,0.0014788395459092597,bournoni,SOLE
KL-244,Diploria,labyrinthiformis,20010623,2001-03,Upper Keys,Tavernier Rocks,24.93535233,-80.54960632,12.139108,B,0.2025174476570289,0.7968594217347956,4.154204054503157e-4,2.0771020272515787e-4,labyrinthiformis,DLAB
KL-245,Colpophyllia,natans,20010623,2001-03,Upper Keys,Tavernier Rocks,24.93535233,-80.54960632,10.170604,D,6.748397255651782e-4,0.01883927567202789,5.623664379709819e-4,0.979923518164436,natans,CNAT
KL-247,Siderastrea,radians,20010623,2001-03,Upper Keys,Tavernier Rocks,24.93535233,-80.54960632,12.139108,B,0.232163279669218,0.7623823348288907,0.0028151667106536406,0.0026392187912377906,radians,SRAD
KL-248,Colpophyllia,natans,20010623,2001-03,Upper Keys,Tavernier Rocks,24.93535233,-80.54960632,11.811024,B,0.00722504682900722,0.5003121933815003,0,0.4924627597894925,natans,CNAT
KL-249,Solenastrea,bournoni,20010623,2001-03,Upper Keys,Tavernier Rocks,24.93535233,-80.54960632,10.826772,A,0.822873553509587,0.16530112340569303,0.00430779626657656,0.00751752681814342,bournoni,SOLE
KL-250,Diploria,labyrinthiformis,20010623,2001-03,Upper Keys,Tavernier Rocks,24.93535233,-80.54960632,10.826772,A,0.5338266812244734,0.4654858667960693,6.874519794573173e-4,0,labyrinthiformis,DLAB
KL-252,Orbicella,faveolata,20010623,2001-03,Upper Keys,Tavernier Rocks,24.93535233,-80.54960632,11.154856,D,0.0159223044397463,0.05219344608879489,0.00323731501057082,0.928646934460888,faveolata,ORBI
KL-253,Orbicella,faveolata,20010623,2001-03,Upper Keys,Tavernier Rocks,24.93535233,-80.54960632,10.826772,D,0.0015417823003391902,0.010021584952204742,0,0.9884366327474561,faveolata,ORBI
KL-254,Orbicella,faveolata,20010623,2001-03,Upper Keys,Tavernier Rocks,24.93535233,-80.54960632,11.48294,B,0.0632992327365729,0.9085677749360614,0,0.02813299232736572,faveolata,ORBI
KL-255,Siderastrea,radians,20010623,2001-03,Upper Keys,Tavernier Rocks,24.93535233,-80.54960632,11.811024,B,0.3465753424657535,0.6424657534246574,0,0.010958904109589041,radians,SRAD
KL-257,Porites,astreoides,20010623,2001-03,Upper Keys,Tavernier Rocks,24.93535233,-80.54960632,11.811024,C,0.01950612160199211,0.26271010583108523,0.7177837725669227,0,astreoides,PAST
KL-27,Diploria,labyrinthiformis,20010621,2001-03,Upper Keys,Little Grecian,25.11901093,-80.30082703,31.16798,B,8.498417536045013e-4,0.9241003399367015,0.07504981830969405,0,labyrinthiformis,DLAB
KL-29,Diploria,labyrinthiformis,20010621,2001-03,Upper Keys,Little Grecian,25.11901093,-80.30082703,32.152232,B,5.148977069888784e-4,0.9573664698613209,0.042118632431690256,0,labyrinthiformis,DLAB
KL-33,Pseudodiploria,strigosa,20010621,2001-03,Upper Keys,Little Grecian,25.11901093,-80.30082703,32.480316,B,0,0.9781703235403496,0.02182967645965042,0,strigosa,PSTR
KL-339,Stephanocoenia,intersepta,20020926,2001-03,Upper Keys,Cheeca,24.90399933,-80.61685944,12,B,0,1,0,0,intersepta,SINT
KL-342,Diploria,labyrinthiformis,20020926,2001-03,Upper Keys,Cheeca,24.90399933,-80.61685944,11,B,0.004359756097560972,0.6332926829268293,0,0.36234756097560983,labyrinthiformis,DLAB
KL-343,Diploria,labyrinthiformis,20020926,2001-03,Upper Keys,Cheeca,24.90399933,-80.61685944,11,B,0.0010932322093539597,0.6647876738068396,0,0.33411909398380646,labyrinthiformis,DLAB
KL-344,Porites,astreoides,20020926,2001-03,Upper Keys,Cheeca,24.90399933,-80.61685944,11,A,0.9996779258424252,3.220741575747816e-4,0,0,astreoides,PAST
KL-348,Stephanocoenia,intersepta,20020926,2001-03,Upper Keys,Cheeca,24.90399933,-80.61685944,11,B,0.07029080812509135,0.9052316235569194,0.02192021043402017,0.00255735788396902,intersepta,SINT
KL-349,Stephanocoenia,intersepta,20020926,2001-03,Upper Keys,Cheeca,24.90399933,-80.61685944,11,B,0.34810031536266706,0.6083496020423488,0.02733143114581768,0.01621865144916653,intersepta,SINT
KL-35,Colpophyllia,natans,20010621,2001-03,Upper Keys,Little Grecian,25.11901093,-80.30082703,30.839896,B,0,0.9992572944297082,7.42705570291777e-4,0,natans,CNAT
KL-360,Porites,astreoides,20020926,2001-03,Upper Keys,Cheeca,24.90399933,-80.61685944,11,A,0.9569332702318979,0.010601041173686704,0.002650260293421671,0.02981542830099385,astreoides,PAST
KL-366,Diploria,labyrinthiformis,20020926,2001-03,Upper Keys,Cheeca,24.90399933,-80.61685944,11,D,0.0036243643838580505,0.11982040463053122,0,0.8765552309856107,labyrinthiformis,DLAB
KL-367,Diploria,labyrinthiformis,20020926,2001-03,Upper Keys,Cheeca,24.90399933,-80.61685944,11,D,8.043973723019169e-4,0.061804531438530604,0,0.9373910711891674,labyrinthiformis,DLAB
KL-37,Pseudodiploria,strigosa,20010621,2001-03,Upper Keys,Little Grecian,25.11901093,-80.30082703,31.496064,B,0,0.9976438492063492,0.0023561507936507905,0,strigosa,PSTR
KL-374,Stephanocoenia,intersepta,20020926,2001-03,Upper Keys,Cheeca,24.90399933,-80.61685944,11,B,0.0995354354057527,0.8791143619650095,0.01532074725709202,0.00602945537214589,intersepta,SINT
KL-375,Stephanocoenia,intersepta,20020926,2001-03,Upper Keys,Cheeca,24.90399933,-80.61685944,11,B,0.057053733145502085,0.9335882471322198,0.007043670758703958,0.0023143489635741497,intersepta,SINT
KL-376,Diploria,labyrinthiformis,20020926,2001-03,Upper Keys,Cheeca,24.90399933,-80.61685944,11,B,0.029741077676696977,0.967109867039888,0,0.0031490552834149686,labyrinthiformis,DLAB
KL-377,Diploria,labyrinthiformis,20020926,2001-03,Upper Keys,Cheeca,24.90399933,-80.61685944,11,B,0.022947034204069853,0.9740222254293549,0,0.0030307403665752602,labyrinthiformis,DLAB
KL-378,Stephanocoenia,intersepta,20020926,2001-03,Upper Keys,Cheeca,24.90399933,-80.61685944,11,B,0.11826741996233527,0.8572504708097929,0.016949152542372888,0.007532956685499053,intersepta,SINT
KL-379,Stephanocoenia,intersepta,20020926,2001-03,Upper Keys,Cheeca,24.90399933,-80.61685944,11,B,0.08169596690796276,0.8857290589451914,0.021199586349534637,0.011375387797311268,intersepta,SINT
KL-396,Diploria,labyrinthiformis,20020926,2001-03,Upper Keys,Cheeca,24.90399933,-80.61685944,11,B,0.1511831726555653,0.6507449605609116,0.018843120070113933,0.17922874671340933,labyrinthiformis,DLAB
KL-400,Orbicella,faveolata,20020926,2001-03,Upper Keys,Cheeca,24.90399933,-80.61685944,11,D,0.00849858356940509,0.00230169971671388,0.00495750708215297,0.984242209631728,faveolata,ORBI
KL-403,Orbicella,faveolata,20020926,2001-03,Upper Keys,Cheeca,24.90399933,-80.61685944,11,D,0.0011638056444573698,0.0020366598778003998,0,0.9967995344777422,faveolata,ORBI
KL-406,Orbicella,faveolata,20020926,2001-03,Upper Keys,Cheeca,24.90399933,-80.61685944,11,D,0.001194743130227,0.18000796495420152,0.00637196336121067,0.8124253285543608,faveolata,ORBI
KL-41,Solenastrea,bournoni,20010621,2001-03,Upper Keys,Outer Reef,25.11186028,-80.28582764,17.716536,B,0.013161491896114041,0.8958406561218513,0.07787541495801603,0.013122437024018743,bournoni,SOLE
KL-414,Dichocoenia,stokesii,20030522,2001-03,Upper Keys,Pickles,24.98698044,-80.41486359,22,B,0.002961865975564601,0.9970381340244354,0,0,stokesii,DSTO
KL-421,Orbicella,faveolata,20030522,2001-03,Upper Keys,Pickles,24.98698044,-80.41486359,23,D,0,0.29121970599920555,0.0035756853396901,0.7052046086611045,faveolata,ORBI
KL-422,Orbicella,faveolata,20030522,2001-03,Upper Keys,Pickles,24.98698044,-80.41486359,16,B,0.006124721603563467,0.8741648106904233,0.1174832962138084,0.0022271714922048893,faveolata,ORBI
KL-423,Orbicella,faveolata,20030522,2001-03,Upper Keys,Pickles,24.98698044,-80.41486359,19,B,0,0.997614503816794,0.0023854961832060996,0,faveolata,ORBI
KL-424,Orbicella,faveolata,20030522,2001-03,Upper Keys,Pickles,24.98698044,-80.41486359,24,B,0,0.5211816263593574,6.492452523940919e-4,0.47816912838824865,faveolata,ORBI
KL-425,Stephanocoenia,intersepta,20020925,2001-03,Upper Keys,Pickles,24.98698044,-80.41486359,21,A,0.9961474036850921,0.0023450586264656603,0,0.0015075376884422101,intersepta,SINT
KL-426,Siderastrea,radians,20030523,2001-03,Upper Keys,Tavernier Rocks,24.93535233,-80.54960632,10,B,0.0833014170815779,0.9078896974339334,0.00708540788969743,0.00172347759479126,radians,SRAD
KL-427,Siderastrea,radians,20030523,2001-03,Upper Keys,Tavernier Rocks,24.93535233,-80.54960632,10,B,0.019621486223211786,0.976899526857779,0.0025048705816866097,9.741163373225714e-4,radians,SRAD
KL-428,Siderastrea,radians,20030523,2001-03,Upper Keys,Tavernier Rocks,24.93535233,-80.54960632,10,B,0.009316770186335402,0.9754376058723885,0.011857707509881422,0.0033879164313946903,radians,SRAD
KL-429,Siderastrea,radians,20030523,2001-03,Upper Keys,Tavernier Rocks,24.93535233,-80.54960632,10,B,0.010840560373582381,0.9773182121414277,0.008839226150767172,0.0030020013342228103,radians,SRAD
KL-430,Siderastrea,radians,20030523,2001-03,Upper Keys,Tavernier Rocks,24.93535233,-80.54960632,10,B,0.08702882483370289,0.8736141906873615,0.02605321507760532,0.01330376940133037,radians,SRAD
KL-431,Siderastrea,radians,20030523,2001-03,Upper Keys,Tavernier Rocks,24.93535233,-80.54960632,10,B,0.019932622122403137,0.972206625491297,0.007860752386299828,0,radians,SRAD
KL-45,Solenastrea,bournoni,20010621,2001-03,Upper Keys,Outer Reef,25.11186028,-80.28582764,17.388452,B,0.0032380151387720693,0.8441968040370058,0.1521867115222876,3.7846930193439853e-4,bournoni,SOLE
KL-49,Dichocoenia,stokesii,20010621,2001-03,Upper Keys,Outer Reef,25.11186028,-80.28582764,17.716536,B,0,0.9961559582646898,0.00384404173531026,0,stokesii,DSTO
KL-5-foamy,Colpophyllia,natans,20010621,2001-03,Upper Keys,Little Grecian,25.11901093,-80.30082703,28.543308,B,0,1,0,0,natans,CNAT
KL-53,Solenastrea,bournoni,20010621,2001-03,Upper Keys,Outer Reef,25.11186028,-80.28582764,17.388452,B,0.0049761146496815215,0.9918391719745223,0.0031847133757961707,0,bournoni,SOLE
KL-56,Solenastrea,bournoni,20010621,2001-03,Upper Keys,Outer Reef,25.11186028,-80.28582764,17.388452,B,0,0.9932614555256065,0.0067385444743935305,0,bournoni,SOLE
KL-589,Colpophyllia,natans,20030522,2001-03,Upper Keys,Pickles,24.98698044,-80.41486359,14,B,0.010635155096011812,0.985672082717873,0.003692762186115211,0,natans,CNAT
KL-59,Solenastrea,bournoni,20010621,2001-03,Upper Keys,Outer Reef,25.11186028,-80.28582764,18.04462,B,0.0023782300480219504,0.9826663617653785,0.014955408186599581,0,bournoni,SOLE
KL-590,Orbicella,faveolata,20030522,2001-03,Upper Keys,"Tavernier Creek, down from fuel docks on point, end of transect",25.00673294,-80.5297699,21,B,0.012802498048399684,0.9817330210772833,0.005464480874316937,0,faveolata,ORBI
KL-591,Siderastrea,radians,20030523,2001-03,Upper Keys,"Tavernier Creek, down from fuel docks on point, end of transect",25.00673294,-80.5297699,6.56168,B,0.00917537746806039,0.988966318234611,0.00185830429732868,0,radians,SRAD
KL-60,Colpophyllia,natans,20010621,2001-03,Upper Keys,Outer Reef,25.11186028,-80.28582764,16.4042,B,2.941670869053624e-4,0.9985711884350311,8.404773911581783e-4,2.941670869053624e-4,natans,CNAT
KL-61,Stephanocoenia,intersepta,20010621,2001-03,Upper Keys,Outer Reef,25.11186028,-80.28582764,14.107612,A,0.9932720921205848,0.00420494242463449,0.00252296545478069,0,intersepta,SINT
KL-62,Pseudodiploria,strigosa,20010621,2001-03,Upper Keys,Outer Reef,25.11186028,-80.28582764,13.12336,B,2.5196321337084797e-4,0.9991601226220972,5.879141645319785e-4,0,strigosa,PSTR
KL-64,Diploria,labyrinthiformis,20010621,2001-03,Upper Keys,Outer Reef,25.11186028,-80.28582764,16.076116,C,0,0.00454369147226685,0.9954563085277331,0,labyrinthiformis,DLAB
KL-68,Colpophyllia,natans,20010621,2001-03,Upper Keys,Outer Reef,25.11186028,-80.28582764,15.091864,B,1.864906195218381e-4,0.9996643168848607,1.4919249561747046e-4,0,natans,CNAT
KL-69,Diploria,labyrinthiformis,20010621,2001-03,Upper Keys,Outer Reef,25.11186028,-80.28582764,16.732284,B,4.146366746138696e-4,0.9995853633253862,0,0,labyrinthiformis,DLAB
KL-699,Colpophyllia,natans,20030930,2001-03,Upper Keys,Cheeca,24.90399933,-80.61685944,12,B,0,1,0,0,natans,CNAT
KL-7,Dichocoenia,stokesii,20010621,2001-03,Upper Keys,Little Grecian,25.11901093,-80.30082703,29.855644,B,0.005120424805613499,0.992667045957393,0.0022125292369934795,0,stokesii,DSTO
KL-70,Stephanocoenia,intersepta,20010621,2001-03,Upper Keys,Outer Reef,25.11186028,-80.28582764,17.388452,A,0.998981031509641,8.099493128494537e-4,2.0901917750953643e-4,0,intersepta,SINT
KL-700,Stephanocoenia,intersepta,20030930,2001-03,Upper Keys,Cheeca,24.90399933,-80.61685944,14,B,7.731560228854183e-4,0.9959795886809958,0.001855574454925,0.00139168084119375,intersepta,SINT
KL-701,Porites,astreoides,20030930,2001-03,Upper Keys,Cheeca,24.90399933,-80.61685944,14,A,0.9994301994301994,5.698005698005697e-4,0,0,astreoides,PAST
KL-705,Pseudodiploria,strigosa,20030930,2001-03,Upper Keys,Cheeca,24.90399933,-80.61685944,9,B,0,1,0,0,strigosa,PSTR
KL-708,Dichocoenia,stokesii,20030930,2001-03,Upper Keys,Cheeca,24.90399933,-80.61685944,10,B,0,1,0,0,stokesii,DSTO
KL-709,Solenastrea,bournoni,20030930,2001-03,Upper Keys,Cheeca,24.90399933,-80.61685944,13,B,7.340347443112309e-4,0.9982872522632739,9.787129924149747e-4,0,bournoni,SOLE
KL-71,Dichocoenia,stokesii,20010621,2001-03,Upper Keys,Outer Reef,25.11186028,-80.28582764,15.748032,B,0.013399117112438321,0.9786029602700597,6.751493118670476e-4,0.0073227733056349005,stokesii,DSTO
KL-72,Stephanocoenia,intersepta,20010621,2001-03,Upper Keys,Outer Reef,25.11186028,-80.28582764,17.060368,A,0.9974913241627293,0.0025086758372705594,0,0,intersepta,SINT
KL-73,Stephanocoenia,intersepta,20010621,2001-03,Upper Keys,Outer Reef,25.11186028,-80.28582764,15.748032,B,0.010955265997178191,0.9814092455805461,0.007635488422275701,0,intersepta,SINT
KL-76,Solenastrea,bournoni,20010621,2001-03,Upper Keys,Outer Reef,25.11186028,-80.28582764,16.4042,A,0.99966400671986555,3.359932801343973e-4,0,0,bournoni,SOLE
KL-77,Dichocoenia,stokesii,20010621,2001-03,Upper Keys,Outer Reef,25.11186028,-80.28582764,17.388452,B,0.006495002072873,0.9928140402598,6.909576673269152e-4,0,stokesii,DSTO
KL-84,Colpophyllia,natans,20010622,2001-03,Upper Keys,Conch,24.94844437,-80.46238708,60.367456,B,0,1,0,0,natans,CNAT
KL-86,Solenastrea,bournoni,20010622,2001-03,Upper Keys,Conch,24.94844437,-80.46238708,56.430448,C,0.08273775595211996,7.015390011838469e-4,0.9165607050466962,0,bournoni,SOLE
KL-89,Stephanocoenia,intersepta,20010622,2001-03,Upper Keys,Conch,24.94844437,-80.46238708,57.742784,C,0.012185585820409222,6.516356053694775e-4,0.9871627785742213,0,intersepta,SINT
KL-9,Stephanocoenia,intersepta,20010621,2001-03,Upper Keys,Little Grecian,25.11901093,-80.30082703,32.8084,A,0.9980911380066606,0.0019088619933392895,0,0,intersepta,SINT
KL-90,Stephanocoenia,intersepta,20010622,2001-03,Upper Keys,Conch,24.94844437,-80.46238708,57.086616,C,0.028016555237185603,0,0.9719834447628144,0,intersepta,SINT
KL-91,Orbicella,faveolata,20010622,2001-03,Upper Keys,Conch,24.94844437,-80.46238708,54.13386,B,5.954349983460141e-4,0.9831955011577903,0.016209063843863718,0,faveolata,ORBI
KL-92,Orbicella,faveolata,20010622,2001-03,Upper Keys,Conch,24.94844437,-80.46238708,52.165356,B,6.891798759476222e-4,0.998080141774146,0.0010337698139214297,1.969085359850349e-4,faveolata,ORBI
KL-93,Orbicella,faveolata,20010622,2001-03,Upper Keys,Conch,24.94844437,-80.46238708,52.165356,D,6.207067781180171e-4,0.07742282545725401,0.11346519903997353,0.8084912687246545,faveolata,ORBI
KL-94,Stephanocoenia,intersepta,20010622,2001-03,Upper Keys,Conch,24.94844437,-80.46238708,52.165356,A,0.9931330028913672,0.0014973151590251896,0.004750103263114409,6.195786864931845e-4,intersepta,SINT
KL-95,Porites,astreoides,20010622,2001-03,Upper Keys,Conch,24.94844437,-80.46238708,51.509188,A,0.9991211109158024,3.515556336790297e-4,5.273334505185445e-4,0,astreoides,PAST
KL-96,Orbicella,faveolata,20010622,2001-03,Upper Keys,Conch,24.94844437,-80.46238708,51.837272,B,0,0.9988723015787778,0,0.0011276984212222098,faveolata,ORBI
KL-97,Pseudodiploria,strigosa,20010622,2001-03,Upper Keys,Conch,24.94844437,-80.46238708,52.165356,B,2.2232103156958637e-4,0.9992218763895063,5.558025789239659e-4,0,strigosa,PSTR
KL-98,Diploria,labyrinthiformis,20010622,2001-03,Upper Keys,Conch,24.94844437,-80.46238708,50.85302,B,0.0019428428177488003,0.9822010528954626,0.015229380797192282,6.267234895963902e-4,labyrinthiformis,DLAB
KL-99,Porites,astreoides,20010622,2001-03,Upper Keys,Conch,24.94844437,-80.46238708,52.165356,A,1,0,0,0,astreoides,PAST
KL-CP-1,Diploria,labyrinthiformis,20201012,2020-21,Upper Keys,Cheeca,24.90399933,-80.61685944,10,B,0.00110020683888571,0.9952911147295692,0,0.00360867843154513,labyrinthiformis,DLAB
KL-CP-10,Orbicella,faveolata,20201012,2020-21,Upper Keys,Cheeca,24.90399933,-80.61685944,12,D,0,0.0327703460130035,0,0.9672296539869965,faveolata,ORBI
KL-CP-11,Diploria,labyrinthiformis,20201012,2020-21,Upper Keys,Cheeca,24.90399933,-80.61685944,13,B,0,0.9984024869392514,0,0.00159751306074867,labyrinthiformis,DLAB
KL-CP-12,Diploria,labyrinthiformis,20201012,2020-21,Upper Keys,Cheeca,24.90399933,-80.61685944,13,B,0,0.8350450556801637,0,0.1649549443198363,labyrinthiformis,DLAB
KL-CP-13,Stephanocoenia,intersepta,20201012,2020-21,Upper Keys,Cheeca,24.90399933,-80.61685944,11,B,0,0.9990374125649746,3.8503497401013917e-4,5.775524610152088e-4,intersepta,SINT
KL-CP-15,Stephanocoenia,intersepta,20201012,2020-21,Upper Keys,Cheeca,24.90399933,-80.61685944,12,B,0,1,0,0,intersepta,SINT
KL-CP-16,Diploria,labyrinthiformis,20201012,2020-21,Upper Keys,Cheeca,24.90399933,-80.61685944,12,B,0,0.9993262752646777,0,6.737247353224255e-4,labyrinthiformis,DLAB
KL-CP-17,Porites,astreoides,20201012,2020-21,Upper Keys,Cheeca,24.90399933,-80.61685944,8,A,0.9997674538783525,2.325461216474601e-4,0,0,astreoides,PAST
KL-CP-18,Porites,astreoides,20201012,2020-21,Upper Keys,Cheeca,24.90399933,-80.61685944,8,A,0.9997988505747126,2.0114942528735632e-4,0,0,astreoides,PAST
KL-CP-19,Porites,astreoides,20201012,2020-21,Upper Keys,Cheeca,24.90399933,-80.61685944,6,A,0.999657135020229,3.4286497977096614e-4,0,0,astreoides,PAST
KL-CP-2,Orbicella,faveolata,20201012,2020-21,Upper Keys,Cheeca,24.90399933,-80.61685944,11,D,0,0.02947845804988663,0,0.9705215419501134,faveolata,ORBI
KL-CP-20,Porites,astreoides,20201012,2020-21,Upper Keys,Cheeca,24.90399933,-80.61685944,6,A,0.9996532047038054,1.2610738043443995e-4,0,2.206879157602699e-4,astreoides,PAST
KL-CP-21,Orbicella,faveolata,20201012,2020-21,Upper Keys,Cheeca,24.90399933,-80.61685944,9,D,0,0.2778684453274675,0,0.7221315546725325,faveolata,ORBI
KL-CP-22,Orbicella,faveolata,20201012,2020-21,Upper Keys,Cheeca,24.90399933,-80.61685944,8,D,3.32695666638942e-4,0.2989686434334193,0,0.7006986608999418,faveolata,ORBI
KL-CP-23,Porites,astreoides,20201012,2020-21,Upper Keys,Cheeca,24.90399933,-80.61685944,8,A,0.999498746867168,5.012531328320802e-4,0,0,astreoides,PAST
KL-CP-24,Orbicella,annularis,20201012,2020-21,Upper Keys,Cheeca,24.90399933,-80.61685944,9,B,2.845759817871372e-4,0.9239233542022388,0,0.0757920698159742,annularis,ORBI
KL-CP-25,Colpophyllia,natans,20201012,2020-21,Upper Keys,Cheeca,24.90399933,-80.61685944,12,A,0.658625495872199,0.333762195775705,0.00182266538007933,0.00578964297201672,natans,CNAT
KL-CP-26,Diploria,labyrinthiformis,20201012,2020-21,Upper Keys,Cheeca,24.90399933,-80.61685944,13,B,2.960818501825838e-4,0.999572326216403,0,1.315919334144817e-4,labyrinthiformis,DLAB
KL-CP-27,Orbicella,annularis,20201012,2020-21,Upper Keys,Cheeca,24.90399933,-80.61685944,9,B,0,0.5706526578220994,0,0.4293473421779006,annularis,ORBI
KL-CP-28,Porites,astreoides,20201012,2020-21,Upper Keys,Cheeca,24.90399933,-80.61685944,11,A,0.9938690606525072,0.003339172323188081,0.0025180643748631405,2.7370264944164664e-4,astreoides,PAST
KL-CP-29,Orbicella,faveolata,20201012,2020-21,Upper Keys,Cheeca,24.90399933,-80.61685944,8,D,1.6564518800728836e-4,0.13659102203081003,0,0.8632433327811826,faveolata,ORBI
KL-CP-3,Porites,astreoides,20201012,2020-21,Upper Keys,Cheeca,24.90399933,-80.61685944,8,A,0.9998559441063133,1.4405589368675047e-4,0,0,astreoides,PAST
KL-CP-31,Diploria,labyrinthiformis,20201012,2020-21,Upper Keys,Cheeca,24.90399933,-80.61685944,11,B,0,0.7115873228135865,0,0.28841267718641356,labyrinthiformis,DLAB
KL-CP-32,Porites,astreoides,20201012,2020-21,Upper Keys,Cheeca,24.90399933,-80.61685944,12,A,0.9995902059215245,4.0979407847556616e-4,0,0,astreoides,PAST
KL-CP-33,Diploria,labyrinthiformis,20201012,2020-21,Upper Keys,Cheeca,24.90399933,-80.61685944,13,B,1.9559264571652107e-4,0.9998044073542834,0,0,labyrinthiformis,DLAB
KL-CP-34,Porites,astreoides,20201012,2020-21,Upper Keys,Cheeca,24.90399933,-80.61685944,12,A,1,0,0,0,astreoides,PAST
KL-CP-35,Porites,astreoides,20201012,2020-21,Upper Keys,Cheeca,24.90399933,-80.61685944,10,A,1,0,0,0,astreoides,PAST
KL-CP-36,Diploria,labyrinthiformis,20201012,2020-21,Upper Keys,Cheeca,24.90399933,-80.61685944,13,B,0,1,0,0,labyrinthiformis,DLAB
KL-CP-37,Orbicella,faveolata,20201012,2020-21,Upper Keys,Cheeca,24.90399933,-80.61685944,11,D,0,0.10909317855582595,0,0.890906821444174,faveolata,ORBI
KL-CP-38,Diploria,labyrinthiformis,20201012,2020-21,Upper Keys,Cheeca,24.90399933,-80.61685944,14,B,0,1,0,0,labyrinthiformis,DLAB
KL-CP-39,Diploria,labyrinthiformis,20201012,2020-21,Upper Keys,Cheeca,24.90399933,-80.61685944,15,B,2.929483155471856e-4,0.9997070516844528,0,0,labyrinthiformis,DLAB
KL-CP-4,Diploria,labyrinthiformis,20201012,2020-21,Upper Keys,Cheeca,24.90399933,-80.61685944,9,B,1.800309653260361e-4,0.9991718575595002,0,6.481114751737298e-4,labyrinthiformis,DLAB
KL-CP-40,Solenastrea,bournoni,20201012,2020-21,Upper Keys,Cheeca,24.90399933,-80.61685944,13,B,0,0.9939899185730904,0.00601008142690965,0,bournoni,SOLE
KL-CP-41,Porites,astreoides,20201012,2020-21,Upper Keys,Cheeca,24.90399933,-80.61685944,12,A,0.9997985901309164,2.0140986908358515e-4,0,0,astreoides,PAST
KL-CP-42,Porites,astreoides,20201012,2020-21,Upper Keys,Cheeca,24.90399933,-80.61685944,11,A,1,0,0,0,astreoides,PAST
KL-CP-43,Orbicella,faveolata,20201012,2020-21,Upper Keys,Cheeca,24.90399933,-80.61685944,9,B,0.00723721191680719,0.5941891512085441,0,0.3985736368746487,faveolata,ORBI
KL-CP-45,Diploria,labyrinthiformis,20201012,2020-21,Upper Keys,Cheeca,24.90399933,-80.61685944,11,B,2.1476740689832912e-4,0.999226837335166,0,5.583952579356557e-4,labyrinthiformis,DLAB
KL-CP-46,Diploria,labyrinthiformis,20201012,2020-21,Upper Keys,Cheeca,24.90399933,-80.61685944,12,B,0,1,0,0,labyrinthiformis,DLAB
KL-CP-47,Porites,astreoides,20201012,2020-21,Upper Keys,Cheeca,24.90399933,-80.61685944,13,A,1,0,0,0,astreoides,PAST
KL-CP-48,Stephanocoenia,intersepta,20201012,2020-21,Upper Keys,Cheeca,24.90399933,-80.61685944,12,B,2.7774691700922115e-4,0.998889012331963,0,8.332407510276634e-4,intersepta,SINT
KL-CP-49,Stephanocoenia,intersepta,20201012,2020-21,Upper Keys,Cheeca,24.90399933,-80.61685944,12,B,0.0013843567685157697,0.9986156432314843,0,0,intersepta,SINT
KL-CP-5,Orbicella,faveolata,20201012,2020-21,Upper Keys,Cheeca,24.90399933,-80.61685944,11,D,0,1.7319016279875003e-4,0,0.9998268098372013,faveolata,ORBI
KL-CP-50,Orbicella,faveolata,20201012,2020-21,Upper Keys,Cheeca,24.90399933,-80.61685944,8,B,0,0.9863109863109863,0.013689013689013691,0,faveolata,ORBI
KL-CP-51,Stephanocoenia,intersepta,20201012,2020-21,Upper Keys,Cheeca,24.90399933,-80.61685944,14,B,0,0.9846736794480262,0.013346906458545407,0.0019794140934283394,intersepta,SINT
KL-CP-52,Diploria,labyrinthiformis,20201012,2020-21,Upper Keys,Cheeca,24.90399933,-80.61685944,10,B,0,0.9989814971991173,5.092514004413513e-4,5.092514004413514e-4,labyrinthiformis,DLAB
KL-CP-53,Orbicella,faveolata,20201012,2020-21,Upper Keys,Cheeca,24.90399933,-80.61685944,9,D,2.433208428633997e-4,0.026862621052119322,4.866416857267994e-4,0.9724074164192905,faveolata,ORBI
KL-CP-54,Dichocoenia,stokesii,20201012,2020-21,Upper Keys,Cheeca,24.90399933,-80.61685944,10,B,0,1,0,0,stokesii,DSTO
KL-CP-55,Orbicella,faveolata,20201012,2020-21,Upper Keys,Cheeca,24.90399933,-80.61685944,9,D,0.2015429394975556,0,1.9781275609687173e-4,0.7982592477463476,faveolata,ORBI
KL-CP-57,Stephanocoenia,intersepta,20201012,2020-21,Upper Keys,Cheeca,24.90399933,-80.61685944,13,B,0.00199523360860167,0.8967466607548634,0.08091780745995682,0.02034029817657816,intersepta,SINT
KL-CP-58,Diploria,labyrinthiformis,20201012,2020-21,Upper Keys,Cheeca,24.90399933,-80.61685944,13,B,0,0.9860649247822644,4.22275006598047e-4,0.0135128002111375,labyrinthiformis,DLAB
KL-CP-59,Orbicella,faveolata,20201012,2020-21,Upper Keys,Cheeca,24.90399933,-80.61685944,12,D,1.9688915140775743e-4,0,0,0.9998031108485922,faveolata,ORBI
KL-CP-6,Stephanocoenia,intersepta,20201012,2020-21,Upper Keys,Cheeca,24.90399933,-80.61685944,11,B,0,0.994437631394534,0.00122634898388227,0.00433601962158374,intersepta,SINT
KL-CP-60,Porites,astreoides,20201012,2020-21,Upper Keys,Cheeca,24.90399933,-80.61685944,13,A,0.997887715397443,0.0011117287381878802,0.0010005558643690902,0,astreoides,PAST
KL-CP-61,Stephanocoenia,intersepta,20201012,2020-21,Upper Keys,Cheeca,24.90399933,-80.61685944,12,B,0,0.9069979484841577,0.08950687637717505,0.0034951751386672705,intersepta,SINT
KL-CP-62,Orbicella,faveolata,20201012,2020-21,Upper Keys,Cheeca,24.90399933,-80.61685944,11,B,0,0.9959035047792444,0.0013654984069185199,0.0027309968138370497,faveolata,ORBI
KL-CP-63,Stephanocoenia,intersepta,20201012,2020-21,Upper Keys,Cheeca,24.90399933,-80.61685944,12,B,0,0.9035779642834606,0.0878399697103553,0.008582066006184129,intersepta,SINT
KL-CP-64,Diploria,labyrinthiformis,20201012,2020-21,Upper Keys,Cheeca,24.90399933,-80.61685944,8,B,0,0.9987072754537463,0,0.0012927245462536802,labyrinthiformis,DLAB
KL-CP-65,Stephanocoenia,intersepta,20201012,2020-21,Upper Keys,Cheeca,24.90399933,-80.61685944,11,B,0,0.9606770098730606,0.03328631875881524,0.006036671368124108,intersepta,SINT
KL-CP-67,Orbicella,faveolata,20201012,2020-21,Upper Keys,Cheeca,24.90399933,-80.61685944,9,B,0,0.7796105009594578,0.006777446617400881,0.2136120524231413,faveolata,ORBI
KL-CP-68,Diploria,labyrinthiformis,20201012,2020-21,Upper Keys,Cheeca,24.90399933,-80.61685944,9,B,0,0.8490781889382674,0,0.1509218110617327,labyrinthiformis,DLAB
KL-CP-69,Pseudodiploria,strigosa,20201012,2020-21,Upper Keys,Cheeca,24.90399933,-80.61685944,9,B,0,1,0,0,strigosa,PSTR
KL-CP-7,Diploria,labyrinthiformis,20201012,2020-21,Upper Keys,Cheeca,24.90399933,-80.61685944,12,B,0,0.9993431855500821,0,6.568144499178983e-4,labyrinthiformis,DLAB
KL-CP-70,Orbicella,faveolata,20201012,2020-21,Upper Keys,Cheeca,24.90399933,-80.61685944,11,D,4.498088312467202e-4,0.1559712122348002,4.872929005172802e-4,0.8430916860334359,faveolata,ORBI
KL-CP-71,Stephanocoenia,intersepta,20201012,2020-21,Upper Keys,Cheeca,24.90399933,-80.61685944,12,B,0.010202974058395741,0.9779659177249539,0.010094431781178761,0.0017366764354716103,intersepta,SINT
KL-CP-72,Porites,astreoides,20201012,2020-21,Upper Keys,Cheeca,24.90399933,-80.61685944,13,A,0.9950542656958374,7.784952145441226e-4,0.0024270733159316702,0.0017401657736868604,astreoides,PAST
KL-CP-73,Porites,astreoides,20201012,2020-21,Upper Keys,Cheeca,24.90399933,-80.61685944,12,C,0,0,0.9605300253735551,0.03946997462644488,astreoides,PAST
KL-CP-74,Orbicella,faveolata,20201012,2020-21,Upper Keys,Cheeca,24.90399933,-80.61685944,13,D,2.1097046413502105e-4,0.0015822784810126495,8.438818565400842e-4,0.9973628691983122,faveolata,ORBI
KL-CP-75,Orbicella,faveolata,20201012,2020-21,Upper Keys,Cheeca,24.90399933,-80.61685944,10,D,0,0,2.984629159826892e-4,0.9997015370840173,faveolata,ORBI
KL-CP-76,Diploria,labyrinthiformis,20201012,2020-21,Upper Keys,Cheeca,24.90399933,-80.61685944,11,D,0,0.3653846153846153,0,0.6346153846153847,labyrinthiformis,DLAB
KL-CP-77,Orbicella,faveolata,20201012,2020-21,Upper Keys,Cheeca,24.90399933,-80.61685944,10,D,0,0.13734129947722173,0,0.8626587005227783,faveolata,ORBI
KL-CP-79,Porites,astreoides,20201012,2020-21,Upper Keys,Cheeca,24.90399933,-80.61685944,10,A,0.9975442043222005,8.595284872298626e-4,9.82318271119843e-4,6.139489194499019e-4,astreoides,PAST
KL-CP-8,Orbicella,faveolata,20201012,2020-21,Upper Keys,Cheeca,24.90399933,-80.61685944,12,D,0,0.009244137676023782,6.470896373216653e-4,0.9901087726866545,faveolata,ORBI
KL-CP-80,Diploria,labyrinthiformis,20201012,2020-21,Upper Keys,Cheeca,24.90399933,-80.61685944,10,B,0,0.9996499124781196,3.500875218804701e-4,0,labyrinthiformis,DLAB
KL-CP-82,Porites,astreoides,20201012,2020-21,Upper Keys,Cheeca,24.90399933,-80.61685944,12,A,0.9997754953134648,2.2450468653533145e-4,0,0,astreoides,PAST
KL-CP-83,Porites,astreoides,20201012,2020-21,Upper Keys,Cheeca,24.90399933,-80.61685944,9,A,0.9535091640590077,0.03755029056772464,0.00894054537326776,0,astreoides,PAST
KL-CP-84,Porites,astreoides,20201012,2020-21,Upper Keys,Cheeca,24.90399933,-80.61685944,10,A,1,0,0,0,astreoides,PAST
KL-CP-85,Diploria,labyrinthiformis,20201012,2020-21,Upper Keys,Cheeca,24.90399933,-80.61685944,10,D,9.440813362381988e-4,0.48489469862018875,0,0.514161220043573,labyrinthiformis,DLAB
KL-CP-86,Stephanocoenia,intersepta,20201012,2020-21,Upper Keys,Cheeca,24.90399933,-80.61685944,12,B,3.500420050406049e-4,0.9985998319798376,0,0.00105012601512181,intersepta,SINT
KL-CP-87,Diploria,labyrinthiformis,20201012,2020-21,Upper Keys,Cheeca,24.90399933,-80.61685944,13,B,0,0.9879969024264327,0,0.012003097573567373,labyrinthiformis,DLAB
KL-CP-89,Stephanocoenia,intersepta,20201012,2020-21,Upper Keys,Cheeca,24.90399933,-80.61685944,11,B,0,0.997969027671998,0.0012693577050012603,7.616146230007618e-4,intersepta,SINT
KL-CP-9,Diploria,labyrinthiformis,20201012,2020-21,Upper Keys,Cheeca,24.90399933,-80.61685944,13,B,0,0.999277299992773,0,7.227000072270002e-4,labyrinthiformis,DLAB
KL-PR-3,Orbicella,faveolata,20201012,2020-21,Upper Keys,Pickles,24.98698044,-80.41486359,24,D,2.764212660093984e-4,5.067723210172303e-4,0,0.9992168064129734,faveolata,ORBI
KL-PR-4,Stephanocoenia,intersepta,20201012,2020-21,Upper Keys,Pickles,24.98698044,-80.41486359,21,A,0.9989091475767492,5.064671965092722e-4,4.285491662770765e-4,1.5583606046439146e-4,intersepta,SINT
KL-PR-5,Orbicella,faveolata,20201012,2020-21,Upper Keys,Pickles,24.98698044,-80.41486359,16,D,0.00245644101685232,4.5701228220508425e-4,0.00542702085118537,0.9916595258497573,faveolata,ORBI
KL-PR-7,Orbicella,faveolata,20201012,2020-21,Upper Keys,Pickles,24.98698044,-80.41486359,23,B,0,0.9988636363636364,0.00113636363636363,0,faveolata,ORBI
KL-PR-9,Dichocoenia,stokesii,20201012,2020-21,Upper Keys,Pickles,24.98698044,-80.41486359,22,B,0,1,0,0,stokesii,DSTO
Tr-1,Colpophyllia,natans,20210702,2020-21,Upper Keys,Tavernier Rocks,24.93535233,-80.54960632,15,B,0,1,0,0,natans,CNAT
Tr-13,Stephanocoenia,intersepta,20210702,2020-21,Upper Keys,Tavernier Rocks,24.93535233,-80.54960632,17,B,0,0.9992016257802294,0,7.983742197706489e-4,intersepta,SINT
Tr-14,Solenastrea,bournoni,20210702,2020-21,Upper Keys,Tavernier Rocks,24.93535233,-80.54960632,17,B,0,1,0,0,bournoni,SOLE
Tr-16,Diploria,labyrinthiformis,20210702,2020-21,Upper Keys,Tavernier Rocks,24.93535233,-80.54960632,16,D,0,0.0015139163852334902,0,0.9984860836147665,labyrinthiformis,DLAB
Tr-17,Solenastrea,bournoni,20210702,2020-21,Upper Keys,Tavernier Rocks,24.93535233,-80.54960632,18,B,0,1,0,0,bournoni,SOLE
Tr-18,Stephanocoenia,intersepta,20210702,2020-21,Upper Keys,Tavernier Rocks,24.93535233,-80.54960632,17,B,0,1,0,0,intersepta,SINT
Tr-19,Diploria,labyrinthiformis,20210702,2020-21,Upper Keys,Tavernier Rocks,24.93535233,-80.54960632,14,B,0,0.9934559939301972,0,0.00654400606980273,labyrinthiformis,DLAB
Tr-2,Orbicella,faveolata,20210702,2020-21,Upper Keys,Tavernier Rocks,24.93535233,-80.54960632,11,B,0,0.9990690870403617,0,9.309129596382739e-4,faveolata,ORBI
Tr-20,Stephanocoenia,intersepta,20210702,2020-21,Upper Keys,Tavernier Rocks,24.93535233,-80.54960632,16,A,0.6534789882885543,0.3465210117114457,0,0,intersepta,SINT
Tr-21,Colpophyllia,natans,20210702,2020-21,Upper Keys,Tavernier Rocks,24.93535233,-80.54960632,16,B,0.011946241911398703,0.9874564459930314,0,5.973120955699354e-4,natans,CNAT
Tr-22,Solenastrea,bournoni,20210702,2020-21,Upper Keys,Tavernier Rocks,24.93535233,-80.54960632,18,B,0,1,0,0,bournoni,SOLE
Tr-23,Diploria,labyrinthiformis,20210702,2020-21,Upper Keys,Tavernier Rocks,24.93535233,-80.54960632,19,B,0,1,0,0,labyrinthiformis,DLAB
Tr-24,Solenastrea,bournoni,20210702,2020-21,Upper Keys,Tavernier Rocks,24.93535233,-80.54960632,18,B,0,1,0,0,bournoni,SOLE
Tr-25,Siderastrea,radians,20210702,2020-21,Upper Keys,Tavernier Rocks,24.93535233,-80.54960632,19,B,0,1,0,0,radians,SRAD
Tr-26,Solenastrea,bournoni,20210702,2020-21,Upper Keys,Tavernier Rocks,24.93535233,-80.54960632,17,B,0,1,0,0,bournoni,SOLE
Tr-27,Solenastrea,bournoni,20210702,2020-21,Upper Keys,Tavernier Rocks,24.93535233,-80.54960632,19,B,0,1,0,0,bournoni,SOLE
Tr-29,Pseudodiploria,strigosa,20210702,2020-21,Upper Keys,Tavernier Rocks,24.93535233,-80.54960632,15,B,0,1,0,0,strigosa,PSTR
Tr-3,Orbicella,faveolata,20210702,2020-21,Upper Keys,Tavernier Rocks,24.93535233,-80.54960632,11,B,0,1,0,0,faveolata,ORBI
Tr-30,Orbicella,faveolata,20210702,2020-21,Upper Keys,Tavernier Rocks,24.93535233,-80.54960632,11,B,0,1,0,0,faveolata,ORBI
Tr-31-A,Diploria,labyrinthiformis,20210702,2020-21,Upper Keys,Tavernier Rocks,24.93535233,-80.54960632,12,B,5.213137105505874e-4,0.9994786862894494,0,0,labyrinthiformis,DLAB
Tr-31-B,Diploria,labyrinthiformis,20210702,2020-21,Upper Keys,Tavernier Rocks,24.93535233,-80.54960632,12,B,1.3016172594448603e-4,0.9998698382740556,0,0,labyrinthiformis,DLAB
Tr-32,Diploria,labyrinthiformis,20210702,2020-21,Upper Keys,Tavernier Rocks,24.93535233,-80.54960632,12,B,0,1,0,0,labyrinthiformis,DLAB
Tr-33,Orbicella,faveolata,20210702,2020-21,Upper Keys,Tavernier Rocks,24.93535233,-80.54960632,8,B,0,0.9899796121979786,0.0045981000303648096,0.005422287771656609,faveolata,ORBI
Tr-34,Porites,astreoides,20210702,2020-21,Upper Keys,Tavernier Rocks,24.93535233,-80.54960632,8,A,0.9986385045628496,0.00121430674124227,0,1.4718869590815426e-4,astreoides,PAST
Tr-35,Orbicella,faveolata,20210702,2020-21,Upper Keys,Tavernier Rocks,24.93535233,-80.54960632,11,B,0,0.9912059564987982,0.0023450782669871603,0.006448965234214692,faveolata,ORBI
Tr-4,Colpophyllia,natans,20210702,2020-21,Upper Keys,Tavernier Rocks,24.93535233,-80.54960632,16,B,0,1,0,0,natans,CNAT
Tr-5,Pseudodiploria,strigosa,20210702,2020-21,Upper Keys,Tavernier Rocks,24.93535233,-80.54960632,13,B,0,1,0,0,strigosa,PSTR
Tr-6,Porites,astreoides,20210702,2020-21,Upper Keys,Tavernier Rocks,24.93535233,-80.54960632,15,A,0.9997187693346082,2.812306653917543e-4,0,0,astreoides,PAST
Tr-7,Porites,astreoides,20210702,2020-21,Upper Keys,Tavernier Rocks,24.93535233,-80.54960632,16,A,1,0,0,0,astreoides,PAST
Tr-8,Solenastrea,bournoni,20210702,2020-21,Upper Keys,Tavernier Rocks,24.93535233,-80.54960632,16,A,0.9353462244787728,0.06465377552122718,0,0,bournoni,SOLE
Tri-1,Solenastrea,hyades,20210702,2020-21,Upper Keys,Triangles,25.00873947,-80.44978333,9,B,0,1,0,0,hyades,SOLE
Tri-10,Porites,astreoides,20210702,2020-21,Upper Keys,Triangles,25.00873947,-80.44978333,9,A,0.9989755357947794,0.0010244642052206602,0,0,astreoides,PAST
Tri-12,Dichocoenia,stokesii,20210702,2020-21,Upper Keys,Triangles,25.00873947,-80.44978333,9,B,0.0010682334089998603,0.9989317665910001,0,0,stokesii,DSTO
Tri-14,Porites,astreoides,20210702,2020-21,Upper Keys,Triangles,25.00873947,-80.44978333,8,A,0.9998012619863864,1.9873801361355387e-4,0,0,astreoides,PAST
Tri-17,Orbicella,faveolata,20210702,2020-21,Upper Keys,Triangles,25.00873947,-80.44978333,8,B,0,0.999372893313475,0,6.271066865250449e-4,faveolata,ORBI
Tri-18,Orbicella,faveolata,20210702,2020-21,Upper Keys,Triangles,25.00873947,-80.44978333,10,B,0,0.9989957150508838,0.0010042849491162201,0,faveolata,ORBI
Tri-19,Solenastrea,bournoni,20210702,2020-21,Upper Keys,Triangles,25.00873947,-80.44978333,9,B,0,1,0,0,bournoni,SOLE
Tri-2,Diploria,labyrinthiformis,20210702,2020-21,Upper Keys,Triangles,25.00873947,-80.44978333,9,D,0,2.546343450804645e-4,0.00198614789162762,0.997759217763292,labyrinthiformis,DLAB
Tri-20,Diploria,labyrinthiformis,20210702,2020-21,Upper Keys,Triangles,25.00873947,-80.44978333,11,B,6.227203985410551e-4,0.999377279601459,0,0,labyrinthiformis,DLAB
Tri-23,Dichocoenia,stokesii,20210702,2020-21,Upper Keys,Tavernier Rocks,24.93535233,-80.54960632,18,B,0,1,0,0,stokesii,DSTO
Tri-24,Colpophyllia,natans,20210702,2020-21,Upper Keys,Tavernier Rocks,24.93535233,-80.54960632,16,B,0,1,0,0,natans,CNAT
Tri-25,Colpophyllia,natans,20210702,2020-21,Upper Keys,Tavernier Rocks,24.93535233,-80.54960632,19,B,0,1,0,0,natans,CNAT
Tri-26,Dichocoenia,stokesii,20210702,2020-21,Upper Keys,Tavernier Rocks,24.93535233,-80.54960632,18,B,0,1,0,0,stokesii,DSTO
Tri-27,Solenastrea,bournoni,20210702,2020-21,Upper Keys,Tavernier Rocks,24.93535233,-80.54960632,19,B,0,1,0,0,bournoni,SOLE
Tri-28,Diploria,labyrinthiformis,20210702,2020-21,Upper Keys,Tavernier Rocks,24.93535233,-80.54960632,19,D,0,0.07612751892525856,0,0.9238724810747414,labyrinthiformis,DLAB
Tri-30,Diploria,labyrinthiformis,20210702,2020-21,Upper Keys,Tavernier Rocks,24.93535233,-80.54960632,19,B,0,1,0,0,labyrinthiformis,DLAB
Tri-31,Orbicella,faveolata,20210702,2020-21,Upper Keys,Triangles,25.00873947,-80.44978333,8,D,0,0.29369729884236095,0,0.706302701157639,faveolata,ORBI
Tri-32,Solenastrea,bournoni,20210702,2020-21,Upper Keys,Triangles,25.00873947,-80.44978333,9,B,0.00938967136150234,0.9906103286384976,0,0,bournoni,SOLE
Tri-34,Porites,astreoides,20210702,2020-21,Upper Keys,Triangles,25.00873947,-80.44978333,8,A,1,0,0,0,astreoides,PAST
Tri-37,Orbicella,faveolata,20210702,2020-21,Upper Keys,Triangles,25.00873947,-80.44978333,8,B,0.07028159180823831,0.9297184081917617,0,0,faveolata,ORBI
Tri-38,Porites,astreoides,20210702,2020-21,Upper Keys,Triangles,25.00873947,-80.44978333,9,A,0.9976331360946745,0.0010013654984069103,0,0.0013654984069185203,astreoides,PAST
Tri-39,Diploria,labyrinthiformis,20210702,2020-21,Upper Keys,Triangles,25.00873947,-80.44978333,10,D,0,0.0035971223021582705,0,0.9964028776978417,labyrinthiformis,DLAB
Tri-40,Orbicella,faveolata,20210702,2020-21,Upper Keys,Triangles,25.00873947,-80.44978333,9,B,0,1,0,0,faveolata,ORBI
Tri-43,Diploria,labyrinthiformis,20210702,2020-21,Upper Keys,Triangles,25.00873947,-80.44978333,10,D,0,0.007860442667034402,0,0.9921395573329655,labyrinthiformis,DLAB
Tri-44,Porites,astreoides,20210702,2020-21,Upper Keys,Triangles,25.00873947,-80.44978333,8,A,0.9997848884108632,2.1511158913686476e-4,0,0,astreoides,PAST
Tri-45,Dichocoenia,stokesii,20210702,2020-21,Upper Keys,Tavernier Rocks,24.93535233,-80.54960632,17,B,0,1,0,0,stokesii,DSTO
Tri-46,Diploria,labyrinthiformis,20210702,2020-21,Upper Keys,Tavernier Rocks,24.93535233,-80.54960632,19,B,0,1,0,0,labyrinthiformis,DLAB
Tri-47,Colpophyllia,natans,20210702,2020-21,Upper Keys,Tavernier Rocks,24.93535233,-80.54960632,16,B,0,0.9953685276983754,0,0.004631472301624629,natans,CNAT
Tri-48,Colpophyllia,natans,20210702,2020-21,Upper Keys,Tavernier Rocks,24.93535233,-80.54960632,17,B,0,1,0,0,natans,CNAT
Tri-49,Colpophyllia,natans,20210702,2020-21,Upper Keys,Tavernier Rocks,24.93535233,-80.54960632,16,B,0,1,0,0,natans,CNAT
Tri-5,Diploria,labyrinthiformis,20210702,2020-21,Upper Keys,Triangles,25.00873947,-80.44978333,9,D,0,0,0,1,labyrinthiformis,DLAB
Tri-51,Orbicella,annularis,20210702,2020-21,Upper Keys,Tavernier Rocks,24.93535233,-80.54960632,16,B,0,0.9391679564748371,0.060832043525162964,0,annularis,ORBI
Tri-52,Colpophyllia,natans,20210702,2020-21,Upper Keys,Tavernier Rocks,24.93535233,-80.54960632,16,B,0.0011048367296832803,0.9988951632703167,0,0,natans,CNAT
Tri-53,Diploria,labyrinthiformis,20210702,2020-21,Upper Keys,Tavernier Rocks,24.93535233,-80.54960632,17,B,0,0.9750100361300682,0,0.02498996386993174,labyrinthiformis,DLAB
Tri-54,Pseudodiploria,strigosa,20210702,2020-21,Upper Keys,Tavernier Rocks,24.93535233,-80.54960632,14,D,0,0.08290365563988183,0,0.9170963443601182,strigosa,PSTR
Tri-56,Colpophyllia,natans,20210702,2020-21,Upper Keys,Tavernier Rocks,24.93535233,-80.54960632,8,B,0,1,0,0,natans,CNAT
Tri-58,Diploria,labyrinthiformis,20210702,2020-21,Upper Keys,Tavernier Rocks,24.93535233,-80.54960632,12,B,0,0.643377885783718,0,0.3566221142162819,labyrinthiformis,DLAB
Tri-6,Solenastrea,bournoni,20210702,2020-21,Upper Keys,Triangles,25.00873947,-80.44978333,9,B,0,1,0,0,bournoni,SOLE
Tri-60,Pseudodiploria,strigosa,20210702,2020-21,Upper Keys,Tavernier Rocks,24.93535233,-80.54960632,16,B,0,0.9997133232996488,0,2.8667670035117894e-4,strigosa,PSTR
Tri-7,Orbicella,faveolata,20210702,2020-21,Upper Keys,Triangles,25.00873947,-80.44978333,8,C,0,0.00670396959459459,0.9930320945945946,2.639358108108108e-4,faveolata,ORBI
Tri-8,Dichocoenia,stokesii,20210702,2020-21,Upper Keys,Triangles,25.00873947,-80.44978333,10,B,0,1,0,0,stokesii,DSTO
