sample_name,host_genus,host_species,date,era,subregion,site,latitude,longitude,depth,dominant_clade,A,B,C,D
CR-1,Porites,astreoides,20210702,2020-21,Upper Keys,Conch,24.94844437,-80.46238708,55,A,0.9998291936516973,1.7080634830261192e-4,0,0
CR-10,Orbicella,faveolata,20210702,2020-21,Upper Keys,Conch,24.94844437,-80.46238708,55,B,6.732306656568207e-4,0.9330977026003535,0.06622906673398973,0
CR-11,Orbicella,faveolata,20210702,2020-21,Upper Keys,Conch,24.94844437,-80.46238708,54,B,1.8584769781164335e-4,0.9920550109185523,0.0019514008270222552,0.005807740556613855
CR-12,Madracis,decactis,20210702,2020-21,Upper Keys,Conch,24.94844437,-80.46238708,54,B,0.015783376773819868,0.9766869388937157,0,0.007529684332464523
CR-13,Madracis,decactis,20210702,2020-21,Upper Keys,Conch,24.94844437,-80.46238708,53,B,4.1184041184041183e-4,0.9845559845559846,0,0.015032175032175032
CR-14,Orbicella,faveolata,20210702,2020-21,Upper Keys,Conch,24.94844437,-80.46238708,54,C,0,0.41854900459418065,0.5814509954058192,0
CR-15,Orbicella,faveolata,20210702,2020-21,Upper Keys,Conch,24.94844437,-80.46238708,52,C,0,0.47692691444250446,0.5230730855574957,0
CR-16,Diploria,labyrinthiformis,20210702,2020-21,Upper Keys,Conch,24.94844437,-80.46238708,51,B,0,1.0000000000000002,0,0
CR-17,Pseudodiploria,strigosa,20210702,2020-21,Upper Keys,Conch,24.94844437,-80.46238708,56,C,0.011235955056179775,0.024960887498222152,0.7063006684682123,0.25750248897738587
CR-18,Pseudodiploria,strigosa,20210702,2020-21,Upper Keys,Conch,24.94844437,-80.46238708,55,D,0,7.037651435178203e-4,0.3723922987985724,0.6269039360579098
CR-19,Diploria,labyrinthiformis,20210702,2020-21,Upper Keys,Conch,24.94844437,-80.46238708,54,B,1.890144785090538e-4,0.5205080709182325,0,0.4793029146032586
CR-20,Montastraea,cavernosa,20210702,2020-21,Upper Keys,Conch,24.94844437,-80.46238708,51,C,7.371483996120271e-4,7.759456838021338e-4,0.9984869059165861,0
CR-21,Diploria,labyrinthiformis,20210702,2020-21,Upper Keys,Conch,24.94844437,-80.46238708,53,B,0,1.0000000000000002,0,0
CR-22,Porites,astreoides,20210702,2020-21,Upper Keys,Conch,24.94844437,-80.46238708,50,A,0.9999999999999999,0,0,0
CR-23,Orbicella,faveolata,20210702,2020-21,Upper Keys,Conch,24.94844437,-80.46238708,54,C,3.6201715961336567e-4,0.07790609274879631,0.8904898092169569,0.031242080874633458
CR-24,Orbicella,faveolata,20210702,2020-21,Upper Keys,Conch,24.94844437,-80.46238708,54,B,0,0.9916509676314437,0.008349032368556261,0
CR-25,Siderastrea,siderea,20210702,2020-21,Upper Keys,Conch,24.94844437,-80.46238708,53,B,3.1414709064888827e-4,0.9996858529093506,0,0
CR-26,Porites,porites,20210702,2020-21,Upper Keys,Conch,24.94844437,-80.46238708,53,C,0,3.044757941743631e-4,0.9996955242058255,0
CR-27,Eusmilia,fastigiata,20210702,2020-21,Upper Keys,Conch,24.94844437,-80.46238708,54,B,3.35371359285917e-4,0.9996646286407139,0,0
CR-28,Siderastrea,radians,20210702,2020-21,Upper Keys,Conch,24.94844437,-80.46238708,54,A,1,0,0,0
CR-29,Siderastrea,radians,20210702,2020-21,Upper Keys,Conch,24.94844437,-80.46238708,50,D,0.0012127949871140534,0,0,0.9987872050128855
CR-3,Diploria,labyrinthiformis,20210702,2020-21,Upper Keys,Conch,24.94844437,-80.46238708,52,B,1.4005602240896358e-4,0.9835784313725489,0.0015056022408963584,0.014775910364145656
CR-30,Stephanocoenia,intersepta,20210702,2020-21,Upper Keys,Conch,24.94844437,-80.46238708,54,A,0.9994224104736231,5.775895263765884e-4,0,0
CR-31,unknown,unknown,20210702,2020-21,Upper Keys,Conch,24.94844437,-80.46238708,55,A,0.9997170917027037,2.8290829729620497e-4,0,0
CR-32,Pseudodiploria,strigosa,20210702,2020-21,Upper Keys,Conch,24.94844437,-80.46238708,45,B,0,1.0000000000000002,0,0
CR-33,Porites,astreoides,20210702,2020-21,Upper Keys,Conch,24.94844437,-80.46238708,50,A,0.9996697853604842,3.302146395156852e-4,0,0
CR-34,Stephanocoenia,intersepta,20210702,2020-21,Upper Keys,Conch,24.94844437,-80.46238708,51,A,0.9960560911481157,0.003943908851884312,0,0
CR-36,Montastraea,cavernosa,20210702,2020-21,Upper Keys,Conch,24.94844437,-80.46238708,53,C,0,4.580529227299954e-4,0.99954194707727,0
CR-4,Stephanocoenia,intersepta,20210702,2020-21,Upper Keys,Conch,24.94844437,-80.46238708,54,A,0.9995630325540747,4.369674459252786e-4,0,0
CR-40,unknown,unknown,20210702,2020-21,Upper Keys,Conch,24.94844437,-80.46238708,55,A,0.9980776340110904,0.0014417744916820703,4.805914972273567e-4,0
CR-41,Stephanocoenia,intersepta,20210702,2020-21,Upper Keys,Conch,24.94844437,-80.46238708,64,A,0.5260068733830173,0.001969340078001313,0.4720237865389814,0
CR-42,Siderastrea,siderea,20210702,2020-21,Upper Keys,Conch,24.94844437,-80.46238708,64,B,3.829656862745098e-4,0.9996170343137253,0,0
CR-43,Montastraea,cavernosa,20210702,2020-21,Upper Keys,Conch,24.94844437,-80.46238708,65,C,0,1.1277135607555681e-4,0.9998872286439243,0
CR-44,Porites,astreoides,20210702,2020-21,Upper Keys,Conch,24.94844437,-80.46238708,65,A,0.9997929520891136,2.0704791088657916e-4,0,0
CR-45,Orbicella,faveolata,20210702,2020-21,Upper Keys,Conch,24.94844437,-80.46238708,65,C,6.11545988258317e-4,3.057729941291585e-4,0.99779843444227,0.0012842465753424657
CR-46,Stephanocoenia,intersepta,20210702,2020-21,Upper Keys,Conch,24.94844437,-80.46238708,64,A,0.9993617021276596,6.382978723404255e-4,0,0
CR-47,Porites,astreoides,20210702,2020-21,Upper Keys,Conch,24.94844437,-80.46238708,62,A,0.9993404380879647,4.859929878154615e-4,0,1.7356892421980768e-4
CR-48,Porites,astreoides,20210702,2020-21,Upper Keys,Conch,24.94844437,-80.46238708,61,A,0.9995017438963627,4.982561036372695e-4,0,0
CR-49,Porites,astreoides,20210702,2020-21,Upper Keys,Conch,24.94844437,-80.46238708,64,A,1,0,0,0
CR-5-A,Porites,astreoides,20210702,2020-21,Upper Keys,Conch,24.94844437,-80.46238708,54,A,0.9998297334111695,1.7026658883051177e-4,0,0
CR-5-B,Porites,astreoides,20210702,2020-21,Upper Keys,Conch,24.94844437,-80.46238708,54,B,0,1,0,0
CR-50,Montastraea,cavernosa,20210702,2020-21,Upper Keys,Conch,24.94844437,-80.46238708,64,C,0,0,1,0
CR-51,Orbicella,faveolata,20210702,2020-21,Upper Keys,Conch,24.94844437,-80.46238708,63,D,0,2.549812406658653e-4,0,0.9997450187593342
CR-52,Stephanocoenia,intersepta,20210702,2020-21,Upper Keys,Conch,24.94844437,-80.46238708,57,A,0.9985485131564255,2.6052327961591427e-4,0.0011909635639584652,0
CR-53,Porites,astreoides,20210702,2020-21,Upper Keys,Conch,24.94844437,-80.46238708,57,A,0.9997271487039563,2.7285129604365623e-4,0,0
CR-54,Montastraea,cavernosa,20210702,2020-21,Upper Keys,Conch,24.94844437,-80.46238708,55,C,3.153398503569074e-4,0,0.9996846601496431,0
CR-55,Stephanocoenia,intersepta,20210702,2020-21,Upper Keys,Conch,24.94844437,-80.46238708,55,C,2.7748487707419944e-4,0.0023586214551306953,0.997363893667795,0
CR-56,Porites,astreoides,20210702,2020-21,Upper Keys,Conch,24.94844437,-80.46238708,55,A,0.999064307587615,3.82783259612113e-4,5.529091527730521e-4,0
CR-57,Orbicella,faveolata,20210702,2020-21,Upper Keys,Conch,24.94844437,-80.46238708,56,B,0,0.7926471722860887,0.20735282771391095,0
CR-58,Orbicella,faveolata,20210702,2020-21,Upper Keys,Conch,24.94844437,-80.46238708,56,B,0,0.9999999999999999,0,0
CR-59,Siderastrea,radians,20210702,2020-21,Upper Keys,Conch,24.94844437,-80.46238708,55,A,0.9200142725461627,0.004549374089381821,0.07543635336445545,0
CR-6,Orbicella,faveolata,20210702,2020-21,Upper Keys,Conch,24.94844437,-80.46238708,52,D,0,6.023370678231539e-4,0,0.9993976629321768
CR-60,Siderastrea,siderea,20210702,2020-21,Upper Keys,Conch,24.94844437,-80.46238708,56,B,0.0019163206643244969,0.9980836793356754,0,0
CR-7,Stephanocoenia,intersepta,20210702,2020-21,Upper Keys,Conch,24.94844437,-80.46238708,55,A,0.9942791762013728,0.005720823798627003,0,0
CR-8,Orbicella,faveolata,20210702,2020-21,Upper Keys,Conch,24.94844437,-80.46238708,54,C,2.817496654222723e-4,4.578432063111925e-4,0.9852433612735085,0.01401704585475805
CR-9,Montastraea,cavernosa,20210702,2020-21,Upper Keys,Conch,24.94844437,-80.46238708,56,C,0,0,1,0
KL-003,Diploria,labyrinthiformis,20010621,2001-03,Upper Keys,Little Grecian,25.11901093,-80.30082703,31.824148,B,0.014417155690791859,0.98159820328914,0.003984641020068101,0
KL-015,Diploria,labyrinthiformis,20010621,2001-03,Upper Keys,Little Grecian,25.11901093,-80.30082703,32.8084,B,0.004062819263940697,0.7738601534842833,0,0.222077027251776
KL-025,Diploria,labyrinthiformis,20010621,2001-03,Upper Keys,Little Grecian,25.11901093,-80.30082703,31.16798,B,0,0.8394116555308093,0.16058834446919087,0
KL-100,Eusmilia,fastigiata,20010622,2001-03,Upper Keys,Conch,24.94844437,-80.46238708,51.509188,B,0,0.9999999999999999,0,0
KL-102,Pseudodiploria,strigosa,20010622,2001-03,Upper Keys,Conch,24.94844437,-80.46238708,51.837272,B,0,0.999699302381525,3.0069761847486165e-4,0
KL-103,Stephanocoenia,intersepta,20010622,2001-03,Upper Keys,Conch,24.94844437,-80.46238708,51.181104,A,0.9584702242352717,2.8707218270549584e-4,0.0412427035820229,0
KL-104,Stephanocoenia,intersepta,20010622,2001-03,Upper Keys,Conch,24.94844437,-80.46238708,50.85302,C,0.01895031371884009,7.207054434458199e-4,0.9803289808377139,0
KL-105,Orbicella,faveolata,20010622,2001-03,Upper Keys,Conch,24.94844437,-80.46238708,50.85302,B,8.69414014953921e-4,0.9991305859850459,0,0
KL-106,Pseudodiploria,strigosa,20010622,2001-03,Upper Keys,Conch,24.94844437,-80.46238708,49.868768,B,0.0013531799729364006,0.9983461133664111,3.0070666065253347e-4,0
KL-107,Stephanocoenia,intersepta,20010622,2001-03,Upper Keys,Conch,24.94844437,-80.46238708,49.868768,C,0.005694708088337424,0.018287883698319376,0.9760174082133432,0
KL-108,Stephanocoenia,intersepta,20010622,2001-03,Upper Keys,Conch,24.94844437,-80.46238708,50.196852,A,0.9555139520370867,0.005482749398234823,0.03900329856467862,0
KL-110,Diploria,labyrinthiformis,20010622,2001-03,Upper Keys,Conch,24.94844437,-80.46238708,55.118112000000004,B,0.043453237410071933,0.9120863309352517,0.04446043165467625,0
KL-112,Porites,astreoides,20010622,2001-03,Upper Keys,Conch,24.94844437,-80.46238708,62.664044,A,0.9796862946772948,0.017485214708151196,0.00282849061455387,0
KL-113,Diploria,labyrinthiformis,20010622,2001-03,Upper Keys,Conch,24.94844437,-80.46238708,62.664044,B,0.0012787723785166241,0.9984370559818131,2.841716396703609e-4,0
KL-115,Stephanocoenia,intersepta,20010622,2001-03,Upper Keys,Conch,24.94844437,-80.46238708,63.648296,C,0.0013939363767610893,0.002041121123114452,0.9965649425001244,0
KL-116,Diploria,labyrinthiformis,20010622,2001-03,Upper Keys,Conch,24.94844437,-80.46238708,57.742784,B,4.899859129050039e-4,0.9958351197403074,0.00367489434678753,0
KL-117,Orbicella,faveolata,20010622,2001-03,Upper Keys,Conch,24.94844437,-80.46238708,54.13386,B,0,0.994950854988555,0.001211794802746735,0.0038373502086979936
KL-118,Stephanocoenia,intersepta,20010622,2001-03,Upper Keys,Conch,24.94844437,-80.46238708,53.149608,A,0.94933544689672,3.0484087306426044e-4,0.05035971223021581,0
KL-119,Diploria,labyrinthiformis,20010622,2001-03,Upper Keys,Conch,24.94844437,-80.46238708,51.509188,B,0.07197608831895096,0.9252277876874128,0.0027961239936364077,0
KL-121,Diploria,labyrinthiformis,20010622,2001-03,Upper Keys,Conch,24.94844437,-80.46238708,51.181104,B,0.027169967852328114,0.9716893083065437,0.0011407238411282796,0
KL-122,Diploria,labyrinthiformis,20010622,2001-03,Upper Keys,Conch,24.94844437,-80.46238708,49.540684,B,0.001358464934623875,0.9986415350653761,0,0
KL-123,Porites,porites,20010622,2001-03,Upper Keys,Conch,24.94844437,-80.46238708,49.540684,C,0,0.0019751693002257337,0.9980248306997742,0
KL-125,Pseudodiploria,strigosa,20010622,2001-03,Upper Keys,Conch,24.94844437,-80.46238708,46.259844,B,0.016717764794354145,0.9829351535836178,3.470816220281136e-4,0
KL-126,Orbicella,faveolata,20010622,2001-03,Upper Keys,Conch,24.94844437,-80.46238708,49.868768,B,0,1,0,0
KL-127,Dichocoenia,stokesii,20010622,2001-03,Upper Keys,Conch,24.94844437,-80.46238708,53.477692,B,9.507829977628636e-4,0.9990492170022371,0,0
KL-156,Solenastrea,hyades,20010622,2001-03,Upper Keys,Triangles,25.00873947,-80.44978333,8.530184,B,0,1,0,0
KL-158,Diploria,labyrinthiformis,20010622,2001-03,Upper Keys,Triangles,25.00873947,-80.44978333,6.56168,B,0.003348789283874292,0.9921432251416794,0.0038639876352395677,6.439979392065945e-4
KL-160,Orbicella,faveolata,20010622,2001-03,Upper Keys,Triangles,25.00873947,-80.44978333,6.233596,B,0.005316075349589737,0.9946839246504103,0,0
KL-162,Diploria,labyrinthiformis,20010622,2001-03,Upper Keys,Triangles,25.00873947,-80.44978333,6.56168,B,7.26005517641934e-4,0.999273994482358,0,0
KL-163,Orbicella,faveolata,20010622,2001-03,Upper Keys,Triangles,25.00873947,-80.44978333,6.233596,B,0.0016687061964623428,0.9910446100789855,0.005117365669151185,0.0021693180554010457
KL-165,Porites,astreoides,20010622,2001-03,Upper Keys,Triangles,25.00873947,-80.44978333,7.545932,A,0.9990842490842491,9.157509157509158e-4,0,0
KL-168,Orbicella,faveolata,20010622,2001-03,Upper Keys,Triangles,25.00873947,-80.44978333,7.874016,B,0.009855453350854141,0.9901445466491459,0,0
KL-169,Stephanocoenia,intersepta,20010622,2001-03,Upper Keys,Triangles,25.00873947,-80.44978333,8.2021,B,0.00220029337244966,0.9891985598079746,0.007867715695426056,7.334311241498867e-4
KL-17,Solenastrea,bournoni,20010621,2001-03,Upper Keys,Little Grecian,25.11901093,-80.30082703,32.8084,B,0.0099009900990099,0.9838237344861245,0.004253242225631014,0.0020220331892344167
KL-170,Diploria,labyrinthiformis,20010622,2001-03,Upper Keys,Triangles,25.00873947,-80.44978333,8.2021,B,0,0.9992700197094678,7.299802905321556e-4,0
KL-172,Orbicella,faveolata,20010622,2001-03,Upper Keys,Triangles,25.00873947,-80.44978333,7.874016,B,0,0.9995977312039904,4.0226879600949357e-4,0
KL-173,Orbicella,faveolata,20010622,2001-03,Upper Keys,Triangles,25.00873947,-80.44978333,8.2021,B,0,0.9999999999999999,0,0
KL-174,Pseudodiploria,strigosa,20010622,2001-03,Upper Keys,Triangles,25.00873947,-80.44978333,8.530184,B,0,0.9997410109207061,2.5898907929382313e-4,0
KL-177,Orbicella,faveolata,20010622,2001-03,Upper Keys,Triangles,25.00873947,-80.44978333,7.874016,B,2.752924982794219e-4,0.9997247075017205,0,0
KL-178,Diploria,labyrinthiformis,20010622,2001-03,Upper Keys,Triangles,25.00873947,-80.44978333,8,B,0,1,0,0
KL-232,Orbicella,faveolata,20010623,2001-03,Upper Keys,Tavernier Rocks,24.93535233,-80.54960632,10.826772,D,0.0032037888285276505,0.00919348098620978,0,0.9876027301852626
KL-233,Orbicella,faveolata,20010623,2001-03,Upper Keys,Tavernier Rocks,24.93535233,-80.54960632,8.2021,D,3.6874855957593915e-4,7.835906890988707e-4,0.0028578013367135282,0.9959898594146116
KL-234,Porites,astreoides,20010623,2001-03,Upper Keys,Tavernier Rocks,24.93535233,-80.54960632,9.514436,A,1,0,0,0
KL-237,Stephanocoenia,intersepta,20010623,2001-03,Upper Keys,Tavernier Rocks,24.93535233,-80.54960632,11.154856,B,4.351610095735422e-4,0.9380620829706992,0.0021032782129387874,0.05939947780678852
KL-240,Siderastrea,radians,20010623,2001-03,Upper Keys,Tavernier Rocks,24.93535233,-80.54960632,11.811024,B,0.0013035685188202706,0.7760795176796479,5.54016620498615e-4,0.22206289718103311
KL-241,Solenastrea,bournoni,20010623,2001-03,Upper Keys,Tavernier Rocks,24.93535233,-80.54960632,11.48294,B,0.3425719769673704,0.6517466410748561,0.0036852207293666026,0.00199616122840691
KL-242,Solenastrea,bournoni,20010623,2001-03,Upper Keys,Tavernier Rocks,24.93535233,-80.54960632,12.139108,B,0.0037405941455352087,0.9899960854247316,0.004784480883824105,0.0014788395459092688
KL-244,Diploria,labyrinthiformis,20010623,2001-03,Upper Keys,Tavernier Rocks,24.93535233,-80.54960632,12.139108,B,0.2025174476570289,0.7968594217347956,4.154204054503157e-4,2.0771020272515787e-4
KL-245,Colpophyllia,natans,20010623,2001-03,Upper Keys,Tavernier Rocks,24.93535233,-80.54960632,10.170604,D,6.748397255651782e-4,0.018839275672027898,5.623664379709819e-4,0.9799235181644359
KL-247,Siderastrea,radians,20010623,2001-03,Upper Keys,Tavernier Rocks,24.93535233,-80.54960632,12.139108,B,0.23216327966921793,0.7623823348288905,0.0028151667106536466,0.0026392187912377936
KL-248,Colpophyllia,natans,20010623,2001-03,Upper Keys,Tavernier Rocks,24.93535233,-80.54960632,11.811024,B,0.0072250468290072254,0.5003121933815003,0,0.49246275978949244
KL-249,Solenastrea,bournoni,20010623,2001-03,Upper Keys,Tavernier Rocks,24.93535233,-80.54960632,10.826772,A,0.822873553509587,0.16530112340569303,0.004307796266576569,0.007517526818143425
KL-250,Diploria,labyrinthiformis,20010623,2001-03,Upper Keys,Tavernier Rocks,24.93535233,-80.54960632,10.826772,A,0.5338266812244734,0.4654858667960693,6.874519794573173e-4,0
KL-252,Orbicella,faveolata,20010623,2001-03,Upper Keys,Tavernier Rocks,24.93535233,-80.54960632,11.154856,D,0.0159223044397463,0.05219344608879489,0.0032373150105708243,0.9286469344608881
KL-253,Orbicella,faveolata,20010623,2001-03,Upper Keys,Tavernier Rocks,24.93535233,-80.54960632,10.826772,D,0.001541782300339192,0.010021584952204747,0,0.9884366327474561
KL-254,Orbicella,faveolata,20010623,2001-03,Upper Keys,Tavernier Rocks,24.93535233,-80.54960632,11.48294,B,0.0632992327365729,0.9085677749360614,0,0.028132992327365727
KL-255,Siderastrea,radians,20010623,2001-03,Upper Keys,Tavernier Rocks,24.93535233,-80.54960632,11.811024,B,0.34657534246575344,0.6424657534246573,0,0.010958904109589041
KL-257,Porites,astreoides,20010623,2001-03,Upper Keys,Tavernier Rocks,24.93535233,-80.54960632,11.811024,C,0.019506121601992117,0.26271010583108523,0.7177837725669227,0
KL-258,Cladocora,arbuscula,20010623,2001-03,Upper Keys,Tavernier Rocks,24.93535233,-80.54960632,8.858268,B,0.04450959488272921,0.9448294243070362,0.010660980810234541,0
KL-260,Cladocora,arbuscula,20010623,2001-03,Upper Keys,Tavernier Rocks,24.93535233,-80.54960632,12.139108,B,0.0011492051331162612,0.9848687990806358,0.0013407393219689715,0.012641256464278874
KL-27,Diploria,labyrinthiformis,20010621,2001-03,Upper Keys,Little Grecian,25.11901093,-80.30082703,31.16798,B,8.498417536045012e-4,0.9241003399367014,0.07504981830969404,0
KL-29,Diploria,labyrinthiformis,20010621,2001-03,Upper Keys,Little Grecian,25.11901093,-80.30082703,32.152232,B,5.148977069888783e-4,0.9573664698613208,0.04211863243169025,0
KL-33,Pseudodiploria,strigosa,20010621,2001-03,Upper Keys,Little Grecian,25.11901093,-80.30082703,32.480316,B,0,0.9781703235403497,0.021829676459650425,0
KL-339,Stephanocoenia,intersepta,20020926,2001-03,Upper Keys,Cheeca,24.90399933,-80.61685944,12,B,0,0.9999999999999999,0,0
KL-342,Diploria,labyrinthiformis,20020926,2001-03,Upper Keys,Cheeca,24.90399933,-80.61685944,11,B,0.004359756097560976,0.6332926829268289,0,0.36234756097560966
KL-343,Diploria,labyrinthiformis,20020926,2001-03,Upper Keys,Cheeca,24.90399933,-80.61685944,11,B,0.0010932322093539682,0.6647876738068397,0,0.3341190939838065
KL-344,Porites,astreoides,20020926,2001-03,Upper Keys,Cheeca,24.90399933,-80.61685944,11,A,0.9996779258424253,3.220741575747816e-4,0,0
KL-348,Stephanocoenia,intersepta,20020926,2001-03,Upper Keys,Cheeca,24.90399933,-80.61685944,11,B,0.07029080812509135,0.9052316235569194,0.02192021043402017,0.00255735788396902
KL-349,Stephanocoenia,intersepta,20020926,2001-03,Upper Keys,Cheeca,24.90399933,-80.61685944,11,B,0.34810031536266706,0.6083496020423488,0.027331431145817688,0.016218651449166538
KL-35,Colpophyllia,natans,20010621,2001-03,Upper Keys,Little Grecian,25.11901093,-80.30082703,30.839896,B,0,0.9992572944297083,7.427055702917772e-4,0
KL-360,Porites,astreoides,20020926,2001-03,Upper Keys,Cheeca,24.90399933,-80.61685944,11,A,0.9569332702318977,0.010601041173686702,0.0026502602934216756,0.029815428300993846
KL-366,Diploria,labyrinthiformis,20020926,2001-03,Upper Keys,Cheeca,24.90399933,-80.61685944,11,D,0.003624364383858055,0.1198204046305312,0,0.8765552309856106
KL-367,Diploria,labyrinthiformis,20020926,2001-03,Upper Keys,Cheeca,24.90399933,-80.61685944,11,D,8.043973723019171e-4,0.06180453143853062,0,0.9373910711891676
KL-37,Pseudodiploria,strigosa,20010621,2001-03,Upper Keys,Little Grecian,25.11901093,-80.30082703,31.496064,B,0,0.997643849206349,0.002356150793650794,0
KL-374,Stephanocoenia,intersepta,20020926,2001-03,Upper Keys,Cheeca,24.90399933,-80.61685944,11,B,0.0995354354057527,0.8791143619650095,0.015320747257092024,0.0060294553721458935
KL-375,Stephanocoenia,intersepta,20020926,2001-03,Upper Keys,Cheeca,24.90399933,-80.61685944,11,B,0.057053733145502106,0.93358824713222,0.007043670758703965,0.0023143489635741596
KL-376,Diploria,labyrinthiformis,20020926,2001-03,Upper Keys,Cheeca,24.90399933,-80.61685944,11,B,0.02974107767669699,0.9671098670398883,0,0.0031490552834149755
KL-377,Diploria,labyrinthiformis,20020926,2001-03,Upper Keys,Cheeca,24.90399933,-80.61685944,11,B,0.02294703420406985,0.9740222254293549,0,0.0030307403665752633
KL-378,Stephanocoenia,intersepta,20020926,2001-03,Upper Keys,Cheeca,24.90399933,-80.61685944,11,B,0.11826741996233522,0.8572504708097926,0.01694915254237288,0.007532956685499058
KL-379,Stephanocoenia,intersepta,20020926,2001-03,Upper Keys,Cheeca,24.90399933,-80.61685944,11,B,0.08169596690796277,0.8857290589451916,0.021199586349534644,0.011375387797311273
KL-396,Diploria,labyrinthiformis,20020926,2001-03,Upper Keys,Cheeca,24.90399933,-80.61685944,11,B,0.15118317265556527,0.6507449605609115,0.018843120070113933,0.1792287467134093
KL-400,Orbicella,faveolata,20020926,2001-03,Upper Keys,Cheeca,24.90399933,-80.61685944,11,D,0.008498583569405098,0.002301699716713881,0.004957507082152974,0.984242209631728
KL-403,Orbicella,faveolata,20020926,2001-03,Upper Keys,Cheeca,24.90399933,-80.61685944,11,D,0.0011638056444573757,0.002036659877800407,0,0.9967995344777423
KL-406,Orbicella,faveolata,20020926,2001-03,Upper Keys,Cheeca,24.90399933,-80.61685944,11,D,0.0011947431302270013,0.18000796495420152,0.006371963361210673,0.8124253285543608
KL-41,Solenastrea,bournoni,20010621,2001-03,Upper Keys,Outer Reef,25.11186028,-80.28582764,17.716536,B,0.013161491896114041,0.8958406561218512,0.07787541495801602,0.013122437024018743
KL-413,Millepora,complanata,20030522,2001-03,Upper Keys,Pickles,24.98698044,-80.41486359,22,B,0.010801665799062988,0.9891983342009368,0,0
KL-414,Dichocoenia,stokesii,20030522,2001-03,Upper Keys,Pickles,24.98698044,-80.41486359,22,B,0.002961865975564606,0.9970381340244353,0,0
KL-415,Pseudodiploria,clivosa,20030522,2001-03,Upper Keys,Pickles,24.98698044,-80.41486359,23,B,0.001321003963011889,0.9986789960369882,0,0
KL-416,Madracis,decactis,20030522,2001-03,Upper Keys,Pickles,24.98698044,-80.41486359,20,B,0.0033105731429753774,0.994620318642665,0.0012414649286157666,8.276432857438444e-4
KL-421,Orbicella,faveolata,20030522,2001-03,Upper Keys,Pickles,24.98698044,-80.41486359,23,D,0,0.29121970599920555,0.003575685339690107,0.7052046086611045
KL-422,Orbicella,faveolata,20030522,2001-03,Upper Keys,Pickles,24.98698044,-80.41486359,16,B,0.006124721603563474,0.8741648106904236,0.11748329621380846,0.0022271714922048997
KL-423,Orbicella,faveolata,20030522,2001-03,Upper Keys,Pickles,24.98698044,-80.41486359,19,B,0,0.9976145038167942,0.002385496183206107,0
KL-424,Orbicella,faveolata,20030522,2001-03,Upper Keys,Pickles,24.98698044,-80.41486359,24,B,0,0.5211816263593574,6.492452523940919e-4,0.47816912838824865
KL-425,Stephanocoenia,intersepta,20020925,2001-03,Upper Keys,Pickles,24.98698044,-80.41486359,21,A,0.9961474036850921,0.0023450586264656616,0,0.001507537688442211
KL-426,Siderastrea,radians,20030523,2001-03,Upper Keys,Tavernier Rocks,24.93535233,-80.54960632,10,B,0.0833014170815779,0.9078896974339334,0.007085407889697434,0.0017234775947912676
KL-427,Siderastrea,radians,20030523,2001-03,Upper Keys,Tavernier Rocks,24.93535233,-80.54960632,10,B,0.019621486223211793,0.9768995268577791,0.002504870581686613,9.741163373225717e-4
KL-428,Siderastrea,radians,20030523,2001-03,Upper Keys,Tavernier Rocks,24.93535233,-80.54960632,10,B,0.009316770186335404,0.9754376058723885,0.011857707509881422,0.003387916431394692
KL-429,Siderastrea,radians,20030523,2001-03,Upper Keys,Tavernier Rocks,24.93535233,-80.54960632,10,B,0.010840560373582386,0.9773182121414277,0.008839226150767179,0.003002001334222815
KL-430,Siderastrea,radians,20030523,2001-03,Upper Keys,Tavernier Rocks,24.93535233,-80.54960632,10,B,0.08702882483370289,0.8736141906873615,0.026053215077605323,0.013303769401330379
KL-431,Siderastrea,radians,20030523,2001-03,Upper Keys,Tavernier Rocks,24.93535233,-80.54960632,10,B,0.019932622122403144,0.9722066254912971,0.007860752386299831,0
KL-45,Solenastrea,bournoni,20010621,2001-03,Upper Keys,Outer Reef,25.11186028,-80.28582764,17.388452,B,0.0032380151387720775,0.844196804037006,0.15218671152228763,3.7846930193439864e-4
KL-49,Dichocoenia,stokesii,20010621,2001-03,Upper Keys,Outer Reef,25.11186028,-80.28582764,17.716536,B,0,0.9961559582646898,0.003844041735310269,0
KL-5-foamy,Colpophyllia,natans,20010621,2001-03,Upper Keys,Little Grecian,25.11901093,-80.30082703,28.543308,B,0,0.9999999999999999,0,0
KL-53,Solenastrea,bournoni,20010621,2001-03,Upper Keys,Outer Reef,25.11186028,-80.28582764,17.388452,B,0.004976114649681528,0.9918391719745221,0.0031847133757961785,0
KL-56,Solenastrea,bournoni,20010621,2001-03,Upper Keys,Outer Reef,25.11186028,-80.28582764,17.388452,B,0,0.9932614555256065,0.006738544474393531,0
KL-587,Millepora,complanata,20030522,2001-03,Upper Keys,Pickles,24.98698044,-80.41486359,24,B,0.003894687646050787,0.9951705873188971,9.347250350521888e-4,0
KL-589,Colpophyllia,natans,20030522,2001-03,Upper Keys,Pickles,24.98698044,-80.41486359,14,B,0.010635155096011817,0.9856720827178727,0.003692762186115214,0
KL-59,Solenastrea,bournoni,20010621,2001-03,Upper Keys,Outer Reef,25.11186028,-80.28582764,18.04462,B,0.002378230048021953,0.9826663617653785,0.014955408186599586,0
KL-590,Orbicella,faveolata,20030522,2001-03,Upper Keys,"Tavernier Creek, down from fuel docks on point, end of transect",25.00673294,-80.5297699,21,B,0.01280249804839969,0.9817330210772838,0.00546448087431694,0
KL-591,Siderastrea,radians,20030523,2001-03,Upper Keys,"Tavernier Creek, down from fuel docks on point, end of transect",25.00673294,-80.5297699,6.56168,B,0.009175377468060396,0.988966318234611,0.0018583042973286876,0
KL-60,Colpophyllia,natans,20010621,2001-03,Upper Keys,Outer Reef,25.11186028,-80.28582764,16.4042,B,2.9416708690536226e-4,0.9985711884350309,8.40477391158178e-4,2.9416708690536226e-4
KL-61,Stephanocoenia,intersepta,20010621,2001-03,Upper Keys,Outer Reef,25.11186028,-80.28582764,14.107612,A,0.9932720921205849,0.004204942424634494,0.002522965454780696,0
KL-62,Pseudodiploria,strigosa,20010621,2001-03,Upper Keys,Outer Reef,25.11186028,-80.28582764,13.12336,B,2.5196321337084786e-4,0.9991601226220969,5.879141645319782e-4,0
KL-64,Diploria,labyrinthiformis,20010621,2001-03,Upper Keys,Outer Reef,25.11186028,-80.28582764,16.076116,C,0,0.004543691472266858,0.9954563085277331,0
KL-68,Colpophyllia,natans,20010621,2001-03,Upper Keys,Outer Reef,25.11186028,-80.28582764,15.091864,B,1.8649061952183806e-4,0.9996643168848606,1.4919249561747044e-4,0
KL-69,Diploria,labyrinthiformis,20010621,2001-03,Upper Keys,Outer Reef,25.11186028,-80.28582764,16.732284,B,4.146366746138696e-4,0.9995853633253862,0,0
KL-699,Colpophyllia,natans,20030930,2001-03,Upper Keys,Cheeca,24.90399933,-80.61685944,12,B,0,1,0,0
KL-7,Dichocoenia,stokesii,20010621,2001-03,Upper Keys,Little Grecian,25.11901093,-80.30082703,29.855644,B,0.005120424805613502,0.9926670459573931,0.002212529236993489,0
KL-70,Stephanocoenia,intersepta,20010621,2001-03,Upper Keys,Outer Reef,25.11186028,-80.28582764,17.388452,A,0.9989810315096412,8.099493128494539e-4,2.090191775095365e-4,0
KL-700,Stephanocoenia,intersepta,20030930,2001-03,Upper Keys,Cheeca,24.90399933,-80.61685944,14,B,7.731560228854183e-4,0.9959795886809958,0.001855574454925004,0.0013916808411937528
KL-701,Porites,astreoides,20030930,2001-03,Upper Keys,Cheeca,24.90399933,-80.61685944,14,A,0.9994301994301995,5.698005698005698e-4,0,0
KL-702,Pseudodiploria,clivosa,20030930,2001-03,Upper Keys,Cheeca,24.90399933,-80.61685944,15,B,0.012780617915092243,0.9866637030451213,5.556790397866192e-4,0
KL-704,Oculina,varicosa,20030930,2001-03,Upper Keys,Cheeca,24.90399933,-80.61685944,7,B,0.0418217648346836,0.9299321217429383,0.02824611342237793,0
KL-705,Pseudodiploria,strigosa,20030930,2001-03,Upper Keys,Cheeca,24.90399933,-80.61685944,9,B,0,0.9999999999999999,0,0
KL-708,Dichocoenia,stokesii,20030930,2001-03,Upper Keys,Cheeca,24.90399933,-80.61685944,10,B,0,1,0,0
KL-709,Solenastrea,bournoni,20030930,2001-03,Upper Keys,Cheeca,24.90399933,-80.61685944,13,B,7.340347443112308e-4,0.99828725226327375,9.787129924149743e-4,0
KL-71,Dichocoenia,stokesii,20010621,2001-03,Upper Keys,Outer Reef,25.11186028,-80.28582764,15.748032,B,0.013399117112438328,0.9786029602700597,6.751493118670475e-4,0.0073227733056349005
KL-710,Mussa,angulosa,20030930,2001-03,Upper Keys,Cheeca,24.90399933,-80.61685944,13,B,0,0.6576554232804233,0,0.3423445767195767
KL-72,Stephanocoenia,intersepta,20010621,2001-03,Upper Keys,Outer Reef,25.11186028,-80.28582764,17.060368,A,0.9974913241627296,0.0025086758372705603,0,0
KL-73,Stephanocoenia,intersepta,20010621,2001-03,Upper Keys,Outer Reef,25.11186028,-80.28582764,15.748032,B,0.01095526599717819,0.981409245580546,0.0076354884222757085,0
KL-76,Solenastrea,bournoni,20010621,2001-03,Upper Keys,Outer Reef,25.11186028,-80.28582764,16.4042,A,0.9996640067198657,3.359932801343973e-4,0,0
KL-77,Dichocoenia,stokesii,20010621,2001-03,Upper Keys,Outer Reef,25.11186028,-80.28582764,17.388452,B,0.0064950020728730025,0.9928140402598001,6.909576673269152e-4,0
KL-84,Colpophyllia,natans,20010622,2001-03,Upper Keys,Conch,24.94844437,-80.46238708,60.367456,B,0,1,0,0
KL-86,Solenastrea,bournoni,20010622,2001-03,Upper Keys,Conch,24.94844437,-80.46238708,56.430448,C,0.08273775595211998,7.01539001183847e-4,0.9165607050466963,0
KL-89,Stephanocoenia,intersepta,20010622,2001-03,Upper Keys,Conch,24.94844437,-80.46238708,57.742784,C,0.012185585820409227,6.516356053694774e-4,0.9871627785742213,0
KL-9,Stephanocoenia,intersepta,20010621,2001-03,Upper Keys,Little Grecian,25.11901093,-80.30082703,32.8084,A,0.9980911380066607,0.00190886199333929,0,0
KL-90,Stephanocoenia,intersepta,20010622,2001-03,Upper Keys,Conch,24.94844437,-80.46238708,57.086616,C,0.02801655523718561,0,0.9719834447628146,0
KL-91,Orbicella,faveolata,20010622,2001-03,Upper Keys,Conch,24.94844437,-80.46238708,54.13386,B,5.954349983460139e-4,0.98319550115779,0.01620906384386371,0
KL-92,Orbicella,faveolata,20010622,2001-03,Upper Keys,Conch,24.94844437,-80.46238708,52.165356,B,6.891798759476223e-4,0.9980801417741462,0.0010337698139214334,1.9690853598503495e-4
KL-93,Orbicella,faveolata,20010622,2001-03,Upper Keys,Conch,24.94844437,-80.46238708,52.165356,D,6.20706778118017e-4,0.077422825457254,0.11346519903997351,0.8084912687246544
KL-94,Stephanocoenia,intersepta,20010622,2001-03,Upper Keys,Conch,24.94844437,-80.46238708,52.165356,A,0.9931330028913674,0.0014973151590251962,0.004750103263114414,6.195786864931846e-4
KL-95,Porites,astreoides,20010622,2001-03,Upper Keys,Conch,24.94844437,-80.46238708,51.509188,A,0.9991211109158025,3.515556336790297e-4,5.273334505185445e-4,0
KL-96,Orbicella,faveolata,20010622,2001-03,Upper Keys,Conch,24.94844437,-80.46238708,51.837272,B,0,0.998872301578778,0,0.0011276984212222102
KL-97,Pseudodiploria,strigosa,20010622,2001-03,Upper Keys,Conch,24.94844437,-80.46238708,52.165356,B,2.2232103156958648e-4,0.9992218763895068,5.558025789239662e-4,0
KL-98,Diploria,labyrinthiformis,20010622,2001-03,Upper Keys,Conch,24.94844437,-80.46238708,50.85302,B,0.0019428428177488094,0.9822010528954624,0.01522938079719228,6.2672348959639e-4
KL-99,Porites,astreoides,20010622,2001-03,Upper Keys,Conch,24.94844437,-80.46238708,52.165356,A,1.0000000000000002,0,0,0
KL-CP-1,Diploria,labyrinthiformis,20201012,2020-21,Upper Keys,Cheeca,24.90399933,-80.61685944,10,B,0.0011002068388857105,0.9952911147295692,0,0.00360867843154513
KL-CP-10,Orbicella,faveolata,20201012,2020-21,Upper Keys,Cheeca,24.90399933,-80.61685944,12,D,0,0.0327703460130035,0,0.9672296539869965
KL-CP-11,Diploria,labyrinthiformis,20201012,2020-21,Upper Keys,Cheeca,24.90399933,-80.61685944,13,B,0,0.9984024869392514,0,0.0015975130607486724
KL-CP-12,Diploria,labyrinthiformis,20201012,2020-21,Upper Keys,Cheeca,24.90399933,-80.61685944,13,B,0,0.8350450556801637,0,0.1649549443198363
KL-CP-13,Stephanocoenia,intersepta,20201012,2020-21,Upper Keys,Cheeca,24.90399933,-80.61685944,11,B,0,0.9990374125649747,3.850349740101393e-4,5.775524610152089e-4
KL-CP-14,Agaricia,agaricites,20201012,2020-21,Upper Keys,Cheeca,24.90399933,-80.61685944,13,D,2.1808348235704628e-4,0,0,0.9997819165176429
KL-CP-15,Stephanocoenia,intersepta,20201012,2020-21,Upper Keys,Cheeca,24.90399933,-80.61685944,12,B,0,0.9999999999999999,0,0
KL-CP-16,Diploria,labyrinthiformis,20201012,2020-21,Upper Keys,Cheeca,24.90399933,-80.61685944,12,B,0,0.9993262752646775,0,6.737247353224255e-4
KL-CP-17,Porites,astreoides,20201012,2020-21,Upper Keys,Cheeca,24.90399933,-80.61685944,8,A,0.9997674538783525,2.3254612164746007e-4,0,0
KL-CP-18,Porites,astreoides,20201012,2020-21,Upper Keys,Cheeca,24.90399933,-80.61685944,8,A,0.9997988505747126,2.0114942528735632e-4,0,0
KL-CP-19,Porites,astreoides,20201012,2020-21,Upper Keys,Cheeca,24.90399933,-80.61685944,6,A,0.9996571350202291,3.428649797709662e-4,0,0
KL-CP-2,Orbicella,faveolata,20201012,2020-21,Upper Keys,Cheeca,24.90399933,-80.61685944,11,D,0,0.02947845804988662,0,0.9705215419501133
KL-CP-20,Porites,astreoides,20201012,2020-21,Upper Keys,Cheeca,24.90399933,-80.61685944,6,A,0.9996532047038053,1.2610738043443992e-4,0,2.2068791576026987e-4
KL-CP-21,Orbicella,faveolata,20201012,2020-21,Upper Keys,Cheeca,24.90399933,-80.61685944,9,D,0,0.2778684453274675,0,0.7221315546725325
KL-CP-22,Orbicella,faveolata,20201012,2020-21,Upper Keys,Cheeca,24.90399933,-80.61685944,8,D,3.32695666638942e-4,0.2989686434334193,0,0.7006986608999418
KL-CP-23,Porites,astreoides,20201012,2020-21,Upper Keys,Cheeca,24.90399933,-80.61685944,8,A,0.9994987468671679,5.012531328320802e-4,0,0
KL-CP-24,Orbicella,annularis,20201012,2020-21,Upper Keys,Cheeca,24.90399933,-80.61685944,9,B,2.845759817871372e-4,0.9239233542022387,0,0.0757920698159742
KL-CP-25,Colpophyllia,natans,20201012,2020-21,Upper Keys,Cheeca,24.90399933,-80.61685944,12,A,0.658625495872199,0.333762195775705,0.0018226653800793395,0.005789642972016726
KL-CP-26,Diploria,labyrinthiformis,20201012,2020-21,Upper Keys,Cheeca,24.90399933,-80.61685944,13,B,2.960818501825838e-4,0.999572326216403,0,1.315919334144817e-4
KL-CP-27,Orbicella,annularis,20201012,2020-21,Upper Keys,Cheeca,24.90399933,-80.61685944,9,B,0,0.5706526578220993,0,0.4293473421779005
KL-CP-28,Porites,astreoides,20201012,2020-21,Upper Keys,Cheeca,24.90399933,-80.61685944,11,A,0.993869060652507,0.0033391723231880883,0.0025180643748631487,2.737026494416466e-4
KL-CP-29,Orbicella,faveolata,20201012,2020-21,Upper Keys,Cheeca,24.90399933,-80.61685944,8,D,1.6564518800728838e-4,0.13659102203081006,0,0.8632433327811828
KL-CP-3,Porites,astreoides,20201012,2020-21,Upper Keys,Cheeca,24.90399933,-80.61685944,8,A,0.9998559441063132,1.4405589368675045e-4,0,0
KL-CP-31,Diploria,labyrinthiformis,20201012,2020-21,Upper Keys,Cheeca,24.90399933,-80.61685944,11,B,0,0.7115873228135865,0,0.28841267718641356
KL-CP-32,Porites,astreoides,20201012,2020-21,Upper Keys,Cheeca,24.90399933,-80.61685944,12,A,0.9995902059215244,4.0979407847556605e-4,0,0
KL-CP-33,Diploria,labyrinthiformis,20201012,2020-21,Upper Keys,Cheeca,24.90399933,-80.61685944,13,B,1.9559264571652107e-4,0.9998044073542834,0,0
KL-CP-34,Porites,astreoides,20201012,2020-21,Upper Keys,Cheeca,24.90399933,-80.61685944,12,A,0.9999999999999999,0,0,0
KL-CP-35,Porites,astreoides,20201012,2020-21,Upper Keys,Cheeca,24.90399933,-80.61685944,10,A,1,0,0,0
KL-CP-36,Diploria,labyrinthiformis,20201012,2020-21,Upper Keys,Cheeca,24.90399933,-80.61685944,13,B,0,1,0,0
KL-CP-37,Orbicella,faveolata,20201012,2020-21,Upper Keys,Cheeca,24.90399933,-80.61685944,11,D,0,0.10909317855582595,0,0.890906821444174
KL-CP-38,Diploria,labyrinthiformis,20201012,2020-21,Upper Keys,Cheeca,24.90399933,-80.61685944,14,B,0,0.9999999999999998,0,0
KL-CP-39,Diploria,labyrinthiformis,20201012,2020-21,Upper Keys,Cheeca,24.90399933,-80.61685944,15,B,2.929483155471856e-4,0.9997070516844528,0,0
KL-CP-4,Diploria,labyrinthiformis,20201012,2020-21,Upper Keys,Cheeca,24.90399933,-80.61685944,9,B,1.800309653260361e-4,0.9991718575595002,0,6.481114751737298e-4
KL-CP-40,Solenastrea,bournoni,20201012,2020-21,Upper Keys,Cheeca,24.90399933,-80.61685944,13,B,0,0.9939899185730905,0.006010081426909655,0
KL-CP-41,Porites,astreoides,20201012,2020-21,Upper Keys,Cheeca,24.90399933,-80.61685944,12,A,0.9997985901309162,2.014098690835851e-4,0,0
KL-CP-42,Porites,astreoides,20201012,2020-21,Upper Keys,Cheeca,24.90399933,-80.61685944,11,A,0.9999999999999999,0,0,0
KL-CP-43,Orbicella,faveolata,20201012,2020-21,Upper Keys,Cheeca,24.90399933,-80.61685944,9,B,0.007237211916807196,0.5941891512085441,0,0.3985736368746487
KL-CP-44,Montastraea,cavernosa,20201012,2020-21,Upper Keys,Cheeca,24.90399933,-80.61685944,15,C,2.2210376687988628e-4,0.003153873489694385,0.9812988628287138,0.015325159914712153
KL-CP-45,Diploria,labyrinthiformis,20201012,2020-21,Upper Keys,Cheeca,24.90399933,-80.61685944,11,B,2.1476740689832912e-4,0.999226837335166,0,5.583952579356557e-4
KL-CP-46,Diploria,labyrinthiformis,20201012,2020-21,Upper Keys,Cheeca,24.90399933,-80.61685944,12,B,0,1,0,0
KL-CP-47,Porites,astreoides,20201012,2020-21,Upper Keys,Cheeca,24.90399933,-80.61685944,13,A,0.9999999999999999,0,0,0
KL-CP-48,Stephanocoenia,intersepta,20201012,2020-21,Upper Keys,Cheeca,24.90399933,-80.61685944,12,B,2.777469170092212e-4,0.9988890123319633,0,8.332407510276636e-4
KL-CP-49,Stephanocoenia,intersepta,20201012,2020-21,Upper Keys,Cheeca,24.90399933,-80.61685944,12,B,0.0013843567685157719,0.9986156432314846,0,0
KL-CP-5,Orbicella,faveolata,20201012,2020-21,Upper Keys,Cheeca,24.90399933,-80.61685944,11,D,0,0.00017319016279875303,0,0.9998268098372013
KL-CP-50,Orbicella,faveolata,20201012,2020-21,Upper Keys,Cheeca,24.90399933,-80.61685944,8,B,0,0.9863109863109862,0.01368901368901369,0
KL-CP-51,Stephanocoenia,intersepta,20201012,2020-21,Upper Keys,Cheeca,24.90399933,-80.61685944,14,B,0,0.9846736794480264,0.013346906458545412,0.001979414093428345
KL-CP-52,Diploria,labyrinthiformis,20201012,2020-21,Upper Keys,Cheeca,24.90399933,-80.61685944,10,B,0,0.9989814971991172,5.092514004413511e-4,5.092514004413513e-4
KL-CP-53,Orbicella,faveolata,20201012,2020-21,Upper Keys,Cheeca,24.90399933,-80.61685944,9,D,2.4332084286339967e-4,0.026862621052119326,4.8664168572679935e-4,0.9724074164192905
KL-CP-54,Dichocoenia,stokesii,20201012,2020-21,Upper Keys,Cheeca,24.90399933,-80.61685944,10,B,0,0.9999999999999999,0,0
KL-CP-55,Orbicella,faveolata,20201012,2020-21,Upper Keys,Cheeca,24.90399933,-80.61685944,9,D,0.20154293949755558,0,1.9781275609687173e-4,0.7982592477463476
KL-CP-57,Stephanocoenia,intersepta,20201012,2020-21,Upper Keys,Cheeca,24.90399933,-80.61685944,13,B,0.0019952336086016737,0.8967466607548634,0.08091780745995682,0.02034029817657816
KL-CP-58,Diploria,labyrinthiformis,20201012,2020-21,Upper Keys,Cheeca,24.90399933,-80.61685944,13,B,0,0.9860649247822644,4.22275006598047e-4,0.013512800211137507
KL-CP-59,Orbicella,faveolata,20201012,2020-21,Upper Keys,Cheeca,24.90399933,-80.61685944,12,D,1.9688915140775743e-4,0,0,0.9998031108485922
KL-CP-6,Stephanocoenia,intersepta,20201012,2020-21,Upper Keys,Cheeca,24.90399933,-80.61685944,11,B,0,0.9944376313945341,0.0012263489838822705,0.004336019621583742
KL-CP-60,Porites,astreoides,20201012,2020-21,Upper Keys,Cheeca,24.90399933,-80.61685944,13,A,0.9978877153974429,0.0011117287381878821,0.0010005558643690939,0
KL-CP-61,Stephanocoenia,intersepta,20201012,2020-21,Upper Keys,Cheeca,24.90399933,-80.61685944,12,B,0,0.9069979484841577,0.08950687637717504,0.0034951751386672744
KL-CP-62,Orbicella,faveolata,20201012,2020-21,Upper Keys,Cheeca,24.90399933,-80.61685944,11,B,0,0.9959035047792446,0.0013654984069185253,0.00273099681383705
KL-CP-63,Stephanocoenia,intersepta,20201012,2020-21,Upper Keys,Cheeca,24.90399933,-80.61685944,12,B,0,0.9035779642834607,0.08783996971035532,0.008582066006184136
KL-CP-64,Diploria,labyrinthiformis,20201012,2020-21,Upper Keys,Cheeca,24.90399933,-80.61685944,8,B,0,0.9987072754537459,0,0.0012927245462536843
KL-CP-65,Stephanocoenia,intersepta,20201012,2020-21,Upper Keys,Cheeca,24.90399933,-80.61685944,11,B,0,0.9606770098730607,0.03328631875881525,0.006036671368124119
KL-CP-67,Orbicella,faveolata,20201012,2020-21,Upper Keys,Cheeca,24.90399933,-80.61685944,9,B,0,0.7796105009594577,0.0067774466174008894,0.21361205242314127
KL-CP-68,Diploria,labyrinthiformis,20201012,2020-21,Upper Keys,Cheeca,24.90399933,-80.61685944,9,B,0,0.8490781889382674,0,0.1509218110617327
KL-CP-69,Pseudodiploria,strigosa,20201012,2020-21,Upper Keys,Cheeca,24.90399933,-80.61685944,9,B,0,0.9999999999999998,0,0
KL-CP-7,Diploria,labyrinthiformis,20201012,2020-21,Upper Keys,Cheeca,24.90399933,-80.61685944,12,B,0,0.9993431855500821,0,6.568144499178982e-4
KL-CP-70,Orbicella,faveolata,20201012,2020-21,Upper Keys,Cheeca,24.90399933,-80.61685944,11,D,4.4980883124672017e-4,0.15597121223480018,4.8729290051728017e-4,0.8430916860334358
KL-CP-71,Stephanocoenia,intersepta,20201012,2020-21,Upper Keys,Cheeca,24.90399933,-80.61685944,12,B,0.010202974058395745,0.9779659177249538,0.010094431781178768,0.0017366764354716162
KL-CP-72,Porites,astreoides,20201012,2020-21,Upper Keys,Cheeca,24.90399933,-80.61685944,13,A,0.9950542656958373,7.784952145441224e-4,0.0024270733159316754,0.0017401657736868619
KL-CP-73,Porites,astreoides,20201012,2020-21,Upper Keys,Cheeca,24.90399933,-80.61685944,12,C,0,0,0.960530025373555,0.03946997462644487
KL-CP-74,Orbicella,faveolata,20201012,2020-21,Upper Keys,Cheeca,24.90399933,-80.61685944,13,D,2.109704641350211e-4,0.0015822784810126584,8.438818565400844e-4,0.9973628691983123
KL-CP-75,Orbicella,faveolata,20201012,2020-21,Upper Keys,Cheeca,24.90399933,-80.61685944,10,D,0,0,2.9846291598268916e-4,0.9997015370840173
KL-CP-76,Diploria,labyrinthiformis,20201012,2020-21,Upper Keys,Cheeca,24.90399933,-80.61685944,11,D,0,0.3653846153846153,0,0.6346153846153847
KL-CP-77,Orbicella,faveolata,20201012,2020-21,Upper Keys,Cheeca,24.90399933,-80.61685944,10,D,0,0.13734129947722173,0,0.862658700522778
KL-CP-78,unknown,unknown,20201012,2020-21,Upper Keys,Cheeca,24.90399933,-80.61685944,10,D,0,0.004214140783518027,9.364757296706727e-4,0.9948493834868113
KL-CP-79,Porites,astreoides,20201012,2020-21,Upper Keys,Cheeca,24.90399933,-80.61685944,10,A,0.9975442043222005,8.595284872298625e-4,9.823182711198428e-4,6.139489194499018e-4
KL-CP-8,Orbicella,faveolata,20201012,2020-21,Upper Keys,Cheeca,24.90399933,-80.61685944,12,D,0,0.009244137676023789,6.470896373216652e-4,0.9901087726866545
KL-CP-80,Diploria,labyrinthiformis,20201012,2020-21,Upper Keys,Cheeca,24.90399933,-80.61685944,10,B,0,0.9996499124781195,3.500875218804701e-4,0
KL-CP-81,Mussa,angulosa,20201012,2020-21,Upper Keys,Cheeca,24.90399933,-80.61685944,12,B,0,0.5566220089315471,0,0.44337799106845294
KL-CP-82,Porites,astreoides,20201012,2020-21,Upper Keys,Cheeca,24.90399933,-80.61685944,12,A,0.9997754953134647,2.2450468653533142e-4,0,0
KL-CP-83,Porites,astreoides,20201012,2020-21,Upper Keys,Cheeca,24.90399933,-80.61685944,9,A,0.9535091640590077,0.03755029056772464,0.008940545373267769,0
KL-CP-84,Porites,astreoides,20201012,2020-21,Upper Keys,Cheeca,24.90399933,-80.61685944,10,A,1.0000000000000002,0,0,0
KL-CP-85,Diploria,labyrinthiformis,20201012,2020-21,Upper Keys,Cheeca,24.90399933,-80.61685944,10,D,9.44081336238199e-4,0.48489469862018886,0,0.5141612200435731
KL-CP-86,Stephanocoenia,intersepta,20201012,2020-21,Upper Keys,Cheeca,24.90399933,-80.61685944,12,B,3.500420050406049e-4,0.9985998319798375,0,0.0010501260151218146
KL-CP-87,Diploria,labyrinthiformis,20201012,2020-21,Upper Keys,Cheeca,24.90399933,-80.61685944,13,B,0,0.9879969024264325,0,0.012003097573567373
KL-CP-88,Mussa,angulosa,20201012,2020-21,Upper Keys,Cheeca,24.90399933,-80.61685944,13,B,0.12652068126520682,0.5304136253041363,0.2773722627737226,0.06569343065693431
KL-CP-89,Stephanocoenia,intersepta,20201012,2020-21,Upper Keys,Cheeca,24.90399933,-80.61685944,11,B,0,0.9979690276719978,0.0012693577050012694,7.616146230007616e-4
KL-CP-9,Diploria,labyrinthiformis,20201012,2020-21,Upper Keys,Cheeca,24.90399933,-80.61685944,13,B,0,0.9992772999927728,0,7.227000072270001e-4
KL-CP-90,Pseudodiploria,clivosa,20201012,2020-21,Upper Keys,Cheeca,24.90399933,-80.61685944,10,B,0,1,0,0
KL-PR-1,Madracis,decactis,20201012,2020-21,Upper Keys,Pickles,24.98698044,-80.41486359,23,B,0,0.9911598500531529,0.005762882560286465,0.003077267386560734
KL-PR-10,Millepora,complanata,20201012,2020-21,Upper Keys,Pickles,24.98698044,-80.41486359,22,B,0,1,0,0
KL-PR-11,unknown,unknown,20201012,2020-21,Upper Keys,Pickles,24.98698044,-80.41486359,20,B,0,0.9999999999999998,0,0
KL-PR-12,unknown,unknown,20201012,2020-21,Upper Keys,Pickles,24.98698044,-80.41486359,20,B,0.12926391382405744,0.8707360861759426,0,0
KL-PR-15,unknown,unknown,20201012,2020-21,Upper Keys,Pickles,24.98698044,-80.41486359,20,D,0,0,0,1
KL-PR-16,unknown,unknown,20201012,2020-21,Upper Keys,Pickles,24.98698044,-80.41486359,20,B,0,0.9999999999999999,0,0
KL-PR-3,Orbicella,faveolata,20201012,2020-21,Upper Keys,Pickles,24.98698044,-80.41486359,24,D,2.764212660093983e-4,5.067723210172302e-4,0,0.9992168064129733
KL-PR-4,Stephanocoenia,intersepta,20201012,2020-21,Upper Keys,Pickles,24.98698044,-80.41486359,21,A,0.9989091475767491,5.064671965092722e-4,4.285491662770765e-4,1.5583606046439146e-4
KL-PR-5,Orbicella,faveolata,20201012,2020-21,Upper Keys,Pickles,24.98698044,-80.41486359,16,D,0.002456441016852328,4.5701228220508425e-4,0.005427020851185374,0.9916595258497573
KL-PR-6,Porites,porites,20201012,2020-21,Upper Keys,Pickles,24.98698044,-80.41486359,20,C,0,0,1,0
KL-PR-7,Orbicella,faveolata,20201012,2020-21,Upper Keys,Pickles,24.98698044,-80.41486359,23,B,0,0.9988636363636364,0.0011363636363636363,0
KL-PR-8,Agaricia,agaricites,20201012,2020-21,Upper Keys,Pickles,24.98698044,-80.41486359,20,C,0,0.0037670240509997104,0.9962329759490003,0
KL-PR-9,Dichocoenia,stokesii,20201012,2020-21,Upper Keys,Pickles,24.98698044,-80.41486359,22,B,0,0.9999999999999999,0,0
Tr-1,Colpophyllia,natans,20210702,2020-21,Upper Keys,Tavernier Rocks,24.93535233,-80.54960632,15,B,0,1,0,0
Tr-10,Siderastrea,siderea,20210702,2020-21,Upper Keys,Tavernier Rocks,24.93535233,-80.54960632,16,B,0,1.0000000000000002,0,0
Tr-11,Siderastrea,siderea,20210702,2020-21,Upper Keys,Tavernier Rocks,24.93535233,-80.54960632,17,B,0,1.0000000000000002,0,0
Tr-12,unknown,unknown,20210702,2020-21,Upper Keys,Tavernier Rocks,24.93535233,-80.54960632,17,B,0,0.9999999999999999,0,0
Tr-13,Stephanocoenia,intersepta,20210702,2020-21,Upper Keys,Tavernier Rocks,24.93535233,-80.54960632,17,B,0,0.9992016257802294,0,7.983742197706489e-4
Tr-14,Solenastrea,bournoni,20210702,2020-21,Upper Keys,Tavernier Rocks,24.93535233,-80.54960632,17,B,0,1,0,0
Tr-16,Diploria,labyrinthiformis,20210702,2020-21,Upper Keys,Tavernier Rocks,24.93535233,-80.54960632,16,D,0,0.0015139163852334924,0,0.9984860836147664
Tr-17,Solenastrea,bournoni,20210702,2020-21,Upper Keys,Tavernier Rocks,24.93535233,-80.54960632,18,B,0,1,0,0
Tr-18,Stephanocoenia,intersepta,20210702,2020-21,Upper Keys,Tavernier Rocks,24.93535233,-80.54960632,17,B,0,1,0,0
Tr-19,Diploria,labyrinthiformis,20210702,2020-21,Upper Keys,Tavernier Rocks,24.93535233,-80.54960632,14,B,0,0.9934559939301972,0,0.006544006069802731
Tr-2,Orbicella,faveolata,20210702,2020-21,Upper Keys,Tavernier Rocks,24.93535233,-80.54960632,11,B,0,0.9990690870403616,0,9.309129596382738e-4
Tr-20,Stephanocoenia,intersepta,20210702,2020-21,Upper Keys,Tavernier Rocks,24.93535233,-80.54960632,16,A,0.6534789882885542,0.34652101171144567,0,0
Tr-21,Colpophyllia,natans,20210702,2020-21,Upper Keys,Tavernier Rocks,24.93535233,-80.54960632,16,B,0.011946241911398706,0.9874564459930312,0,5.973120955699353e-4
Tr-22,Solenastrea,bournoni,20210702,2020-21,Upper Keys,Tavernier Rocks,24.93535233,-80.54960632,18,B,0,1,0,0
Tr-23,Diploria,labyrinthiformis,20210702,2020-21,Upper Keys,Tavernier Rocks,24.93535233,-80.54960632,19,B,0,1.0000000000000002,0,0
Tr-24,Solenastrea,bournoni,20210702,2020-21,Upper Keys,Tavernier Rocks,24.93535233,-80.54960632,18,B,0,1,0,0
Tr-25,Siderastrea,radians,20210702,2020-21,Upper Keys,Tavernier Rocks,24.93535233,-80.54960632,19,B,0,0.9999999999999999,0,0
Tr-26,Solenastrea,bournoni,20210702,2020-21,Upper Keys,Tavernier Rocks,24.93535233,-80.54960632,17,B,0,1,0,0
Tr-27,Solenastrea,bournoni,20210702,2020-21,Upper Keys,Tavernier Rocks,24.93535233,-80.54960632,19,B,0,1,0,0
Tr-28,Pseudodiploria,clivosa,20210702,2020-21,Upper Keys,Tavernier Rocks,24.93535233,-80.54960632,19,B,0,0.9999999999999999,0,0
Tr-29,Pseudodiploria,strigosa,20210702,2020-21,Upper Keys,Tavernier Rocks,24.93535233,-80.54960632,15,B,0,1.0000000000000002,0,0
Tr-3,Orbicella,faveolata,20210702,2020-21,Upper Keys,Tavernier Rocks,24.93535233,-80.54960632,11,B,0,0.9999999999999996,0,0
Tr-30,Orbicella,faveolata,20210702,2020-21,Upper Keys,Tavernier Rocks,24.93535233,-80.54960632,11,B,0,1.0000000000000002,0,0
Tr-31-A,Diploria,labyrinthiformis,20210702,2020-21,Upper Keys,Tavernier Rocks,24.93535233,-80.54960632,12,B,5.213137105505875e-4,0.9994786862894495,0,0
Tr-31-B,Diploria,labyrinthiformis,20210702,2020-21,Upper Keys,Tavernier Rocks,24.93535233,-80.54960632,12,B,1.3016172594448603e-4,0.9998698382740555,0,0
Tr-32,Diploria,labyrinthiformis,20210702,2020-21,Upper Keys,Tavernier Rocks,24.93535233,-80.54960632,12,B,0,1,0,0
Tr-33,Orbicella,faveolata,20210702,2020-21,Upper Keys,Tavernier Rocks,24.93535233,-80.54960632,8,B,0,0.9899796121979787,0.004598100030364812,0.0054222877716566175
Tr-34,Porites,astreoides,20210702,2020-21,Upper Keys,Tavernier Rocks,24.93535233,-80.54960632,8,A,0.9986385045628495,0.0012143067412422725,0,1.4718869590815426e-4
Tr-35,Orbicella,faveolata,20210702,2020-21,Upper Keys,Tavernier Rocks,24.93535233,-80.54960632,11,B,0,0.9912059564987981,0.0023450782669871607,0.006448965234214692
Tr-4,Colpophyllia,natans,20210702,2020-21,Upper Keys,Tavernier Rocks,24.93535233,-80.54960632,16,B,0,1.0000000000000002,0,0
Tr-5,Pseudodiploria,strigosa,20210702,2020-21,Upper Keys,Tavernier Rocks,24.93535233,-80.54960632,13,B,0,1,0,0
Tr-6,Porites,astreoides,20210702,2020-21,Upper Keys,Tavernier Rocks,24.93535233,-80.54960632,15,A,0.9997187693346082,2.812306653917543e-4,0,0
Tr-7,Porites,astreoides,20210702,2020-21,Upper Keys,Tavernier Rocks,24.93535233,-80.54960632,16,A,0.9999999999999998,0,0,0
Tr-8,Solenastrea,bournoni,20210702,2020-21,Upper Keys,Tavernier Rocks,24.93535233,-80.54960632,16,A,0.9353462244787728,0.06465377552122718,0,0
Tr-9,Siderastrea,siderea,20210702,2020-21,Upper Keys,Tavernier Rocks,24.93535233,-80.54960632,17,B,0,0.9995875343721353,4.1246562786434465e-4,0
Tri-1,Solenastrea,hyades,20210702,2020-21,Upper Keys,Triangles,25.00873947,-80.44978333,9,B,0,1,0,0
Tri-10,Porites,astreoides,20210702,2020-21,Upper Keys,Triangles,25.00873947,-80.44978333,9,A,0.9989755357947792,0.0010244642052206696,0,0
Tri-12,Dichocoenia,stokesii,20210702,2020-21,Upper Keys,Triangles,25.00873947,-80.44978333,9,B,0.0010682334089998666,0.9989317665910001,0,0
Tri-14,Porites,astreoides,20210702,2020-21,Upper Keys,Triangles,25.00873947,-80.44978333,8,A,0.9998012619863866,1.9873801361355392e-4,0,0
Tri-17,Orbicella,faveolata,20210702,2020-21,Upper Keys,Triangles,25.00873947,-80.44978333,8,B,0,0.9993728933134751,0,6.27106686525045e-4
Tri-18,Orbicella,faveolata,20210702,2020-21,Upper Keys,Triangles,25.00873947,-80.44978333,10,B,0,0.9989957150508836,0.0010042849491162292,0
Tri-19,Solenastrea,bournoni,20210702,2020-21,Upper Keys,Triangles,25.00873947,-80.44978333,9,B,0,1,0,0
Tri-2,Diploria,labyrinthiformis,20210702,2020-21,Upper Keys,Triangles,25.00873947,-80.44978333,9,D,0,2.546343450804645e-4,0.0019861478916276226,0.997759217763292
Tri-20,Diploria,labyrinthiformis,20210702,2020-21,Upper Keys,Triangles,25.00873947,-80.44978333,11,B,6.227203985410551e-4,0.999377279601459,0,0
Tri-21,unknown,unknown,20210702,2020-21,Upper Keys,Triangles,25.00873947,-80.44978333,10,B,0,0.9999999999999997,0,0
Tri-22,unknown,unknown,20210702,2020-21,Upper Keys,Triangles,25.00873947,-80.44978333,10,B,0,1,0,0
Tri-23,Dichocoenia,stokesii,20210702,2020-21,Upper Keys,Tavernier Rocks,24.93535233,-80.54960632,18,B,0,1,0,0
Tri-24,Colpophyllia,natans,20210702,2020-21,Upper Keys,Tavernier Rocks,24.93535233,-80.54960632,16,B,0,0.9999999999999998,0,0
Tri-25,Colpophyllia,natans,20210702,2020-21,Upper Keys,Tavernier Rocks,24.93535233,-80.54960632,19,B,0,1.0000000000000002,0,0
Tri-26,Dichocoenia,stokesii,20210702,2020-21,Upper Keys,Tavernier Rocks,24.93535233,-80.54960632,18,B,0,1,0,0
Tri-27,Solenastrea,bournoni,20210702,2020-21,Upper Keys,Tavernier Rocks,24.93535233,-80.54960632,19,B,0,1,0,0
Tri-28,Diploria,labyrinthiformis,20210702,2020-21,Upper Keys,Tavernier Rocks,24.93535233,-80.54960632,19,D,0,0.07612751892525856,0,0.9238724810747414
Tri-29,Mussa,angulosa,20210702,2020-21,Upper Keys,Tavernier Rocks,24.93535233,-80.54960632,19,C,0,0,0.9979222578131762,0.0020777421868236516
Tri-3,Siderastrea,siderea,20210702,2020-21,Upper Keys,Triangles,25.00873947,-80.44978333,9,B,0.011702215951531248,0.9882977840484688,0,0
Tri-30,Diploria,labyrinthiformis,20210702,2020-21,Upper Keys,Tavernier Rocks,24.93535233,-80.54960632,19,B,0,0.9999999999999999,0,0
Tri-31,Orbicella,faveolata,20210702,2020-21,Upper Keys,Triangles,25.00873947,-80.44978333,8,D,0,0.29369729884236095,0,0.706302701157639
Tri-32,Solenastrea,bournoni,20210702,2020-21,Upper Keys,Triangles,25.00873947,-80.44978333,9,B,0.009389671361502348,0.9906103286384976,0,0
Tri-33,Porites,porites,20210702,2020-21,Upper Keys,Triangles,25.00873947,-80.44978333,7,A,1,0,0,0
Tri-34,Porites,astreoides,20210702,2020-21,Upper Keys,Triangles,25.00873947,-80.44978333,8,A,0.9999999999999999,0,0,0
Tri-35,DS,unknown,20210702,2020-21,Upper Keys,Triangles,25.00873947,-80.44978333,9,B,0,0.9997312344019966,0,2.687655980034556e-4
Tri-37,Orbicella,faveolata,20210702,2020-21,Upper Keys,Triangles,25.00873947,-80.44978333,8,B,0.0702815918082383,0.9297184081917614,0,0
Tri-38,Porites,astreoides,20210702,2020-21,Upper Keys,Triangles,25.00873947,-80.44978333,9,A,0.9976331360946744,0.0010013654984069185,0,0.0013654984069185253
Tri-39,Diploria,labyrinthiformis,20210702,2020-21,Upper Keys,Triangles,25.00873947,-80.44978333,10,D,0,0.0035971223021582736,0,0.9964028776978416
Tri-4,Porites,porites,20210702,2020-21,Upper Keys,Triangles,25.00873947,-80.44978333,8,C,0,0,1,0
Tri-40,Orbicella,faveolata,20210702,2020-21,Upper Keys,Triangles,25.00873947,-80.44978333,9,B,0,1,0,0
Tri-42,Siderastrea,siderea,20210702,2020-21,Upper Keys,Triangles,25.00873947,-80.44978333,9,B,8.450453655933108e-4,0.9988880982031665,0,2.668564312399929e-4
Tri-43,Diploria,labyrinthiformis,20210702,2020-21,Upper Keys,Triangles,25.00873947,-80.44978333,10,D,0,0.007860442667034407,0,0.9921395573329654
Tri-44,Porites,astreoides,20210702,2020-21,Upper Keys,Triangles,25.00873947,-80.44978333,8,A,0.9997848884108631,2.1511158913686476e-4,0,0
Tri-45,Dichocoenia,stokesii,20210702,2020-21,Upper Keys,Tavernier Rocks,24.93535233,-80.54960632,17,B,0,1,0,0
Tri-46,Diploria,labyrinthiformis,20210702,2020-21,Upper Keys,Tavernier Rocks,24.93535233,-80.54960632,19,B,0,1,0,0
Tri-47,Colpophyllia,natans,20210702,2020-21,Upper Keys,Tavernier Rocks,24.93535233,-80.54960632,16,B,0,0.9953685276983756,0,0.004631472301624634
Tri-48,Colpophyllia,natans,20210702,2020-21,Upper Keys,Tavernier Rocks,24.93535233,-80.54960632,17,B,0,0.9999999999999998,0,0
Tri-49,Colpophyllia,natans,20210702,2020-21,Upper Keys,Tavernier Rocks,24.93535233,-80.54960632,16,B,0,0.9999999999999999,0,0
Tri-5,Diploria,labyrinthiformis,20210702,2020-21,Upper Keys,Triangles,25.00873947,-80.44978333,9,D,0,0,0,1
Tri-50,Pseudodiploria,clivosa,20210702,2020-21,Upper Keys,Tavernier Rocks,24.93535233,-80.54960632,18,B,0,0.9999999999999999,0,0
Tri-51,Orbicella,annularis,20210702,2020-21,Upper Keys,Tavernier Rocks,24.93535233,-80.54960632,16,B,0,0.939167956474837,0.060832043525162964,0
Tri-52,Colpophyllia,natans,20210702,2020-21,Upper Keys,Tavernier Rocks,24.93535233,-80.54960632,16,B,0.00110483672968328,0.9988951632703166,0,0
Tri-53,Diploria,labyrinthiformis,20210702,2020-21,Upper Keys,Tavernier Rocks,24.93535233,-80.54960632,17,B,0,0.9750100361300684,0,0.024989963869931756
Tri-54,Pseudodiploria,strigosa,20210702,2020-21,Upper Keys,Tavernier Rocks,24.93535233,-80.54960632,14,D,0,0.08290365563988182,0,0.9170963443601181
Tri-55,Pseudodiploria,clivosa,20210702,2020-21,Upper Keys,Tavernier Rocks,24.93535233,-80.54960632,17,B,0,1,0,0
Tri-56,Colpophyllia,natans,20210702,2020-21,Upper Keys,Tavernier Rocks,24.93535233,-80.54960632,8,B,0,0.9999999999999999,0,0
Tri-57,Mycetophyllia,aliciae,20210702,2020-21,Upper Keys,Tavernier Rocks,24.93535233,-80.54960632,17,D,0,5.216484089723526e-4,0,0.9994783515910278
Tri-58,Diploria,labyrinthiformis,20210702,2020-21,Upper Keys,Tavernier Rocks,24.93535233,-80.54960632,12,B,0,0.643377885783718,0,0.3566221142162819
Tri-59,Mycetophyllia,aliciae,20210702,2020-21,Upper Keys,Tavernier Rocks,24.93535233,-80.54960632,13,D,2.4238506907974468e-4,0.0034337884786297167,0.24743475801890602,0.7488890684333847
Tri-6,Solenastrea,bournoni,20210702,2020-21,Upper Keys,Triangles,25.00873947,-80.44978333,9,B,0,0.9999999999999999,0,0
Tri-60,Pseudodiploria,strigosa,20210702,2020-21,Upper Keys,Tavernier Rocks,24.93535233,-80.54960632,16,B,0,0.9997133232996487,0,2.8667670035117894e-4
Tri-7,Orbicella,faveolata,20210702,2020-21,Upper Keys,Triangles,25.00873947,-80.44978333,8,C,0,0.006703969594594593,0.9930320945945946,2.639358108108108e-4
Tri-8,Dichocoenia,stokesii,20210702,2020-21,Upper Keys,Triangles,25.00873947,-80.44978333,10,B,0,1,0,0
Tri-9,Siderastrea,siderea,20210702,2020-21,Upper Keys,Triangles,25.00873947,-80.44978333,10,B,0.2810009878169246,0.7189990121830753,0,0
