sample,sample_uid,PC1,PC2,PC3,PC4,PC5,PC6,PC7,PC8,PC9,PC10,PC11,PC12,PC13,PC14,PC15,PC16,PC17,PC18,PC19,PC20,PC21,PC22,PC23,PC24,PC25,PC26,PC27,PC28,PC29,PC30,PC31,PC32,PC33,PC34,PC35,PC36,PC37,PC38,PC39,PC40,PC41,PC42,PC43,PC44,PC45,PC46,PC47,PC48,PC49,PC50,PC51,PC52,PC53,PC54,PC55,PC56,PC57,PC58,PC59,PC60,PC61,PC62,PC63,PC64,PC65,PC66,PC67,PC68,PC69,PC70,PC71,PC72,PC73,PC74,PC75,PC76,PC77,PC78,PC79
CR-6,201410,0.07880073089050936,-0.007432524964186501,0.03325897267190689,0.003653922904420917,0.008595648456401725,0.02292141969496584,-0.027162447030477488,0.03276661202586341,0.0008533198099401753,-0.01574137215671929,0.0042408779470169775,0.0708284374137966,-0.006237789794292384,0.00010817678520751185,0.04014793884611247,-0.02524563831014456,-0.004609434090296474,-0.0022487435889204724,0.01609487039467819,-0.00634610142031188,-0.0005487491322864247,0.0015393822799691067,0.011371157327803834,-0.0008985701461593565,0.005927247738727192,0.02357788580397973,0.011879114077046032,-0.0067099200394525205,0.006231285470144522,-0.008232453602479404,-0.0062879645890999945,0.001116942130587425,0.0008930157554547874,-2.019233315265569e-05,0.000963381619021595,-0.000255520556433448,0.0,0.0,0.0,0.0,0.0,0.0,0.0,0.0,0.0,0.0,0.0,0.0,0.0,0.0,0.0,0.0,0.0,0.0,0.0,0.0,0.0,0.0,0.0,0.0,0.0,0.0,0.0,0.0,0.0,0.0,0.0,0.0,0.0,0.0,0.0,0.0,0.0,0.0,0.0,0.0,0.0,0.0,0.0
CR-51,201451,0.034001726306858035,-0.03344035010927116,0.016632093910820808,0.0312300680465592,-0.013756420974411793,-0.01378426312587692,0.016729113144037015,-0.04765722380589587,0.016824648388773192,-0.002122134923174595,0.01226970125208958,-0.016084837474183707,-0.015469708062702084,0.00592082011372679,-0.0002140874665408995,-0.0020762379895949584,0.013467243316690736,0.006326139238954686,-0.012177696911704582,-0.0026103847155350274,0.0009166880772541754,-0.003723953103648296,-0.005611633611978908,-0.013274962708361801,0.0024037460851724316,0.00858198104830674,0.00588092311179633,-0.002944946241346685,-0.005115392098213018,0.01363408222101185,0.003244774840985151,-0.003365990790096609,0.00818975883076099,0.003085116440887245,0.0016729523216191043,-0.0006107577996738424,0.0,0.0,0.0,0.0,0.0,0.0,0.0,0.0,0.0,0.0,0.0,0.0,0.0,0.0,0.0,0.0,0.0,0.0,0.0,0.0,0.0,0.0,0.0,0.0,0.0,0.0,0.0,0.0,0.0,0.0,0.0,0.0,0.0,0.0,0.0,0.0,0.0,0.0,0.0,0.0,0.0,0.0,0.0
KL-CP-10,201459,0.03991383761220948,-0.026861440417859685,0.04062512368237352,0.023259144947734605,-0.021089243742029275,-0.03166037931902039,0.036489872171758364,-0.06184058523371946,0.010584295862621176,-0.002104693393663787,0.009006751380876771,0.014009313537243512,-0.004598143161476498,0.011307136187662088,-0.022759545504595018,-0.019300432670762507,-0.016510681017400775,0.009281111561420289,0.000648907615839901,-0.012343220988477868,-0.005046489825644443,-0.01245294002857486,0.0019334072860520805,0.014661871148680802,-0.0055351100705870486,0.004053480509781673,-0.004081714565254237,0.014721797422088647,0.00829800325276917,-0.0008660743000557932,0.00047686053399135825,0.0046263009613873775,-0.0014159627640593134,0.002197091975114641,0.00048722581344840524,7.183424222600801e-05,0.0,0.0,0.0,0.0,0.0,0.0,0.0,0.0,0.0,0.0,0.0,0.0,0.0,0.0,0.0,0.0,0.0,0.0,0.0,0.0,0.0,0.0,0.0,0.0,0.0,0.0,0.0,0.0,0.0,0.0,0.0,0.0,0.0,0.0,0.0,0.0,0.0,0.0,0.0,0.0,0.0,0.0,0.0
KL-CP-12,201461,-0.3763911853413499,0.1409263495280068,-0.09007622999420647,-0.08069104524876013,0.0907463352682408,0.051863448849158444,-0.004257845379872083,0.025537951289625348,0.0852716508647699,0.07576129823530307,0.03606992672403069,-0.03083389300465078,0.015269306210789112,-0.004896484553113004,-0.0035168705134705843,-0.04130906730182832,0.006675700390345209,-0.0048156389482669135,-0.001655170150894731,0.02717456396452493,0.022125515504216313,-0.050554464475580735,0.0139206042168784,0.00161067766815462,-0.004413651153218013,0.0017149480152388076,-0.006261723533959061,-0.0007640788283145654,0.007727090454037379,0.00043930671804483365,-0.0017100040219361077,-0.0006598098105086059,0.001608442819053357,9.56565049693909e-05,8.085795607629039e-05,-0.00023990219300892493,0.0,0.0,0.0,0.0,0.0,0.0,0.0,0.0,0.0,0.0,0.0,0.0,0.0,0.0,0.0,0.0,0.0,0.0,0.0,0.0,0.0,0.0,0.0,0.0,0.0,0.0,0.0,0.0,0.0,0.0,0.0,0.0,0.0,0.0,0.0,0.0,0.0,0.0,0.0,0.0,0.0,0.0,0.0
KL-CP-5,201465,0.07921442121550326,-0.0038703967630849168,0.01291195907460947,0.025154196466876996,0.0019906568661633367,0.04890200013129116,-0.016440194309375215,0.015156012643002667,0.02797862623796821,-0.006068588676439888,0.01665877829164065,0.0207327792327298,-0.017471357506176212,-0.0018475574154542228,-0.0032131821956021384,0.02763257033099403,0.0003686336584277464,-0.003566693594007164,0.017378750867865368,0.0021976942424133824,-0.01927247685000771,-0.003120711866611692,-0.003382994280728774,-0.0016230806417601468,0.000979272492920331,0.00767092055862009,0.010675689347076724,-0.005423172970690193,-0.001572990514575464,-0.0007739249939128225,-0.0047695011736713115,0.0014404754005773591,0.0032445341024971075,0.0009962492634099562,-0.000488798327061913,0.002199665716057857,0.0,0.0,0.0,0.0,0.0,0.0,0.0,0.0,0.0,0.0,0.0,0.0,0.0,0.0,0.0,0.0,0.0,0.0,0.0,0.0,0.0,0.0,0.0,0.0,0.0,0.0,0.0,0.0,0.0,0.0,0.0,0.0,0.0,0.0,0.0,0.0,0.0,0.0,0.0,0.0,0.0,0.0,0.0
KL-CP-8,201468,0.019895038885674163,-0.036641698860754954,0.011695947230607863,0.026067398275221153,-0.03801683860327108,0.0009625292014457259,-0.045874808225135164,0.01194434083228298,-0.031662536044085504,-0.007146487966049416,0.002318566999523006,-0.007086071351143893,0.016748369510347447,-0.024647660149377283,0.0200258483834858,-0.0015895117217707652,-0.0014826251032348087,0.014605709112794575,0.0011996458038539511,0.014009233378728819,-0.016433373206036272,0.0012859016750274915,0.005191543016207881,-0.013545349982036714,0.0026178870725711498,-0.007619414397374768,-0.0008228221445850035,-0.00539550156955813,-0.005093535616944732,-0.006211701858113926,0.00035389521004367696,0.01245841518011141,0.004337584725488291,0.0005646504230764259,-0.0022492074563764206,-0.0012618842353374622,0.0,0.0,0.0,0.0,0.0,0.0,0.0,0.0,0.0,0.0,0.0,0.0,0.0,0.0,0.0,0.0,0.0,0.0,0.0,0.0,0.0,0.0,0.0,0.0,0.0,0.0,0.0,0.0,0.0,0.0,0.0,0.0,0.0,0.0,0.0,0.0,0.0,0.0,0.0,0.0,0.0,0.0,0.0
KL-CP-14,201474,0.07236501203134184,0.012336887348758123,0.08716829655689631,-0.04537169926511124,0.012809959704165128,0.037844908435944416,-0.006090954180537818,0.04160623552906174,0.02778187755316798,0.026721573122765362,0.024986583944426145,0.019714116038478544,-0.026126858130509144,0.02661051151675838,-0.005283539386771821,-0.002754372183877486,-0.00806524084508455,-0.019165914105914037,-0.02332613903846661,0.0063100915465309606,-0.006725513278762203,-0.005248828613970538,0.024202741532064975,-0.017587954544461513,0.010603070148205967,0.0012712102767513962,-0.00818389340515945,0.006606004621526186,0.010261661436066563,-0.00741006325694012,0.0017047032016734242,0.0029871983157643217,0.00034333092791974,0.00043546708249026373,0.0015545727184173457,4.083270828822022e-05,0.0,0.0,0.0,0.0,0.0,0.0,0.0,0.0,0.0,0.0,0.0,0.0,0.0,0.0,0.0,0.0,0.0,0.0,0.0,0.0,0.0,0.0,0.0,0.0,0.0,0.0,0.0,0.0,0.0,0.0,0.0,0.0,0.0,0.0,0.0,0.0,0.0,0.0,0.0,0.0,0.0,0.0,0.0
KL-CP-21,201481,0.04582887102694839,-0.024829329269569746,0.02351201826717669,0.013526054482633913,-0.017077976470331113,0.03669158176774345,-0.05055357035416845,-0.019854515775602807,0.012192351149727073,-0.010631758780675533,0.013433456931443148,-0.008560368401060597,-0.009656986770986666,-0.015853188651159304,-0.00018535391666211492,0.012050013149477515,0.001899894095450103,-0.008014789951337264,0.004406107607489762,-0.00970710840021254,0.0010117665627269311,0.009298592877660147,-0.010091289278866399,-0.003692001613090283,-0.010761237192302953,-0.009563307919355883,-0.002974431628392619,-0.0019357327355999086,0.008442903523277357,-0.01346607121142028,-0.0005162136094396216,-0.00938868658468312,0.0032274073315481907,0.005036088262387228,0.0001119242518615321,0.001996365056573368,0.0,0.0,0.0,0.0,0.0,0.0,0.0,0.0,0.0,0.0,0.0,0.0,0.0,0.0,0.0,0.0,0.0,0.0,0.0,0.0,0.0,0.0,0.0,0.0,0.0,0.0,0.0,0.0,0.0,0.0,0.0,0.0,0.0,0.0,0.0,0.0,0.0,0.0,0.0,0.0,0.0,0.0,0.0
KL-CP-37,201485,0.03800722386758703,-0.022730345694567285,0.1123346156924007,-0.06518895409665436,-0.04240344334586015,0.011436435949182578,-0.0508822597907698,0.008255282233725224,0.056265257674823134,0.02933610023729777,-0.07242515330389944,-0.0299351722201215,0.008182976991937199,0.008029312187863865,0.005871670702138312,0.007739613378902783,0.02000089932343927,-0.00765758050290328,0.018841118176712492,-0.001114391928681211,-0.014166978198651106,-0.0024384471905962613,-0.010589437806682575,0.005646280895839645,-0.013201196472731826,-0.008813605240612874,-0.013236580813263798,-0.010345144663651405,-0.005990495415742078,-0.00034775793907350827,-0.0025996658387211808,0.0013943817261812183,-0.002755919683274785,7.515738838452476e-05,0.0006468692045527068,0.0002573976419701544,0.0,0.0,0.0,0.0,0.0,0.0,0.0,0.0,0.0,0.0,0.0,0.0,0.0,0.0,0.0,0.0,0.0,0.0,0.0,0.0,0.0,0.0,0.0,0.0,0.0,0.0,0.0,0.0,0.0,0.0,0.0,0.0,0.0,0.0,0.0,0.0,0.0,0.0,0.0,0.0,0.0,0.0,0.0
KL-CP-29,201489,0.04605906362872873,-0.02271195726824082,0.004939959299882691,0.015084773121348136,-0.0029275812195323587,0.04426769357515885,-0.038951047294608694,-0.015830446284398805,0.009169201503432308,-0.005873340091260332,0.006103201315879213,-0.0022795705082417606,-0.008643940584833922,-0.010921275374662226,-0.006627754970004009,0.007429423353170883,0.007642467280340875,0.0026704396683547025,0.0005855318583103742,-0.005990359143281739,-0.0010267800618186823,0.00129504556691764,0.003050867471344668,-0.0018007934536110998,-0.011996032454873243,0.0020366224660099777,-0.0024144612890909154,0.002628930591516288,-0.0006689372388260587,0.002667721421515898,0.0067790394266984185,0.005036664124895163,-0.002982469530837615,-0.0041054260233926,0.005976845392176616,0.0008609654443731085,0.0,0.0,0.0,0.0,0.0,0.0,0.0,0.0,0.0,0.0,0.0,0.0,0.0,0.0,0.0,0.0,0.0,0.0,0.0,0.0,0.0,0.0,0.0,0.0,0.0,0.0,0.0,0.0,0.0,0.0,0.0,0.0,0.0,0.0,0.0,0.0,0.0,0.0,0.0,0.0,0.0,0.0,0.0
KL-CP-31,201490,-0.34507396754746633,0.08506882760201545,-0.11458690879227487,0.02673215256755129,-0.023077527672710558,0.022164992360289126,-0.04512983107269489,0.012435468504743287,-0.019359543458300082,0.006121289103585021,-0.00382371181510448,0.04122848607744991,0.027208832249235215,0.025490250697452577,-0.012590740594533249,0.005217712743885963,-0.02124668975807899,0.019280250425903093,0.00708304764545198,0.030531283414772372,0.005525021428910964,-0.004232356298881474,0.023715844557466774,0.012129610014418432,-0.00017587497708212004,0.005953654284800331,0.0015795712523403993,-0.0023902247659425965,-0.010725704916395313,-0.005124364020250001,-0.002758775524465893,-0.0030562479214953516,-0.0012077457399203484,0.0023424480498551504,0.0004668497152090996,-0.0008867814908321091,0.0,0.0,0.0,0.0,0.0,0.0,0.0,0.0,0.0,0.0,0.0,0.0,0.0,0.0,0.0,0.0,0.0,0.0,0.0,0.0,0.0,0.0,0.0,0.0,0.0,0.0,0.0,0.0,0.0,0.0,0.0,0.0,0.0,0.0,0.0,0.0,0.0,0.0,0.0,0.0,0.0,0.0,0.0
KL-CP-53,201512,0.01458997974357715,-0.03607989621607196,0.0361698840015152,0.04128938075189621,-0.05352916082433431,-0.06596521546609214,0.03810873179452499,-0.03828604768053653,-0.02914355407588573,0.004003133013472964,0.006924083227914119,0.000992015682456003,0.011578535171262812,-0.005801997053681211,-0.023058481568041852,-4.816661862993721e-05,-0.01800901634300265,0.005292406246916489,-0.009583082576547912,0.00775605108955266,-0.004389040514597164,-0.007458493994433294,0.01073628086879402,-0.0067022247120038835,0.007611823381238519,-0.0032881863448382936,0.013409700518272224,-0.0021231263805948325,-0.0030670637124084158,-0.004702525228793894,0.0023878977438797026,0.002129231197727556,-0.007537202271158645,-0.004676730306190632,-0.0003913291223520162,0.0017982980213889104,0.0,0.0,0.0,0.0,0.0,0.0,0.0,0.0,0.0,0.0,0.0,0.0,0.0,0.0,0.0,0.0,0.0,0.0,0.0,0.0,0.0,0.0,0.0,0.0,0.0,0.0,0.0,0.0,0.0,0.0,0.0,0.0,0.0,0.0,0.0,0.0,0.0,0.0,0.0,0.0,0.0,0.0,0.0
KL-CP-57,201516,0.11330190707833802,-0.9423058524925566,-0.04341955012560733,0.241324940570513,0.20425610879571632,0.15298800049405328,0.10741988573773165,0.026608810363328968,0.02547119760477357,0.05013651177912231,-0.0037635703607417346,0.057202597879798964,0.029842287079771886,-0.004519296484721965,0.00271094344678605,0.012863708495233151,0.01138355115524775,-0.0003610183867718696,0.0006914249901776093,-0.0006409179734006486,-0.004079478283886469,-0.003711042931419256,-0.0008971948315423845,-0.002286240060170258,-0.0029287647368964487,-0.001053022908781929,-0.0007737823542011946,0.0011434840638045558,-0.00021699819000931399,0.0005134432809237629,0.0004020867814463386,8.767365123543984e-05,4.3022818441424526e-05,8.912566804560932e-05,-3.786770707782975e-05,-6.540248739109121e-05,0.0,0.0,0.0,0.0,0.0,0.0,0.0,0.0,0.0,0.0,0.0,0.0,0.0,0.0,0.0,0.0,0.0,0.0,0.0,0.0,0.0,0.0,0.0,0.0,0.0,0.0,0.0,0.0,0.0,0.0,0.0,0.0,0.0,0.0,0.0,0.0,0.0,0.0,0.0,0.0,0.0,0.0,0.0
KL-CP-58,201517,-0.20507980331088171,0.08372864898717915,-0.08568560963726206,-0.034449957488793315,0.16071175149278855,0.02306387065208337,-0.00774154927839482,-0.0480652738571111,0.03319614687316071,-0.0329090023459858,0.023492389793115055,-0.001923629626843744,0.03632173908843013,-0.05398824911878326,0.03320990786678045,0.04347559319651074,-0.030923400896754452,0.04344115203810534,-0.02593613618355617,-0.047010075887906844,-0.011812188730863891,-0.019674539844740293,-0.007208924164068489,0.015309657938482846,0.010304675811920138,0.009057988983252118,0.00011539767350823502,-0.0009363013714448589,-0.005258140703995273,-0.0007508061251765162,0.0010300540809886347,-0.002797954988819489,-0.0006667541225952716,0.0006626315130791562,-0.00011729496641756413,-0.0004071917885887239,0.0,0.0,0.0,0.0,0.0,0.0,0.0,0.0,0.0,0.0,0.0,0.0,0.0,0.0,0.0,0.0,0.0,0.0,0.0,0.0,0.0,0.0,0.0,0.0,0.0,0.0,0.0,0.0,0.0,0.0,0.0,0.0,0.0,0.0,0.0,0.0,0.0,0.0,0.0,0.0,0.0,0.0,0.0
KL-CP-74,201521,0.048124223867229934,-0.011125604776242273,0.13078431252568853,-0.07852510919474245,-0.029037982631642492,0.010365917352920084,-0.04037859262970719,0.033796442605982635,0.043103983926140677,0.02273781608363758,-0.09073871562816022,0.0012972392664451237,0.0025877960192019506,0.011777920491262212,-0.0005750191005794753,-0.010881624962368403,-0.006574577853847261,-0.012709037506200066,0.01631255859439844,-0.004767260009637442,0.01958108568143189,-0.017748263187336716,0.0048235847674023506,-0.00815909348274734,0.002044251707408507,0.015542368218661675,0.020420641717563442,0.01176323279385669,0.003653829173380808,0.0026912686519356016,0.002745680840763232,-0.002745114801560654,4.687565962694365e-05,0.0008268045992567927,-0.0016786771840654516,0.0003079756432720193,0.0,0.0,0.0,0.0,0.0,0.0,0.0,0.0,0.0,0.0,0.0,0.0,0.0,0.0,0.0,0.0,0.0,0.0,0.0,0.0,0.0,0.0,0.0,0.0,0.0,0.0,0.0,0.0,0.0,0.0,0.0,0.0,0.0,0.0,0.0,0.0,0.0,0.0,0.0,0.0,0.0,0.0,0.0
KL-CP-68,201526,-0.5298549731408767,0.14139435704161965,-0.13697597322468225,0.09184604483518181,-0.06570907864398255,-0.017382490508004285,0.0723765428741058,-0.0062934817695699296,-0.006772891734249548,0.0052950582831609305,0.033575948066992004,0.03518310910939545,-0.02342693276765064,-0.007471405540689255,0.0035197124378106353,-0.021879987064559944,0.02121963387504099,0.0013586731717822689,-0.020810598058067176,0.01985329545687101,0.02859070293686596,0.009486840338233701,-0.0025945959545495023,-0.00023677880837510808,0.0008103071932091877,0.002817775940404698,0.00445105946079994,-0.0053175012421994156,0.002468192897085949,0.006033789108642306,0.0006085972570062618,-0.0002798673900638155,-0.0022112390767747353,0.0010169805510363461,0.00019114612167605988,-0.00016594874576391275,0.0,0.0,0.0,0.0,0.0,0.0,0.0,0.0,0.0,0.0,0.0,0.0,0.0,0.0,0.0,0.0,0.0,0.0,0.0,0.0,0.0,0.0,0.0,0.0,0.0,0.0,0.0,0.0,0.0,0.0,0.0,0.0,0.0,0.0,0.0,0.0,0.0,0.0,0.0,0.0,0.0,0.0,0.0
KL-CP-75,201530,0.030143620207557544,-0.03815990822575134,0.014829489835154721,0.03430648002402734,-0.017041021399129636,-0.01637622437502061,0.008123885481205073,-0.045355589616511566,0.021653542735758712,-0.001452693029692493,0.015171221754467924,-0.026889084287826076,-0.016715232707460375,-0.00038537796486778767,0.002380965258620575,4.580607537215535e-05,0.013632128143137096,0.002658495267779538,-0.013745845512315932,-0.0022143364940706857,-9.484194454159145e-05,0.00437632534548909,-0.012465403372995103,-0.022186564309396528,0.009251214338975801,0.012081348063817571,-0.007911821474120598,0.001786338861996773,-0.007784121773443389,-0.005832809317694525,-0.008142789580648303,0.000864144116761207,-0.002867920170264082,-0.0028223275232361743,-0.0015262141113416357,-3.8412229565738066e-05,0.0,0.0,0.0,0.0,0.0,0.0,0.0,0.0,0.0,0.0,0.0,0.0,0.0,0.0,0.0,0.0,0.0,0.0,0.0,0.0,0.0,0.0,0.0,0.0,0.0,0.0,0.0,0.0,0.0,0.0,0.0,0.0,0.0,0.0,0.0,0.0,0.0,0.0,0.0,0.0,0.0,0.0,0.0
KL-CP-85,201532,0.04309173119903366,-0.027363539137212584,0.00761270724702107,0.01503621224402539,-0.005392510958819449,0.040231227067039015,-0.044233155964430226,-0.017597042731967147,0.0026624465520876774,-0.006223198438670363,0.004563015508198697,-0.011072204800585603,-0.014833354464862182,-0.0054249264949534585,-0.008022943375590499,0.003790123691060012,0.005342788118053837,0.013027935885915715,-0.006012253120679603,-0.01058186231001604,0.003772937838264945,-0.002718807940939356,0.00736263116464951,0.006208874852056547,0.0015578162199145129,0.009023576452503889,-0.010244572039446046,-0.006428011125852015,0.001005231514118513,-0.00033947975693220464,0.0005744402366174817,0.0074570955863446,-0.00016984720501038382,0.004662570063628625,-0.0020397276163562697,0.000847979076636612,0.0,0.0,0.0,0.0,0.0,0.0,0.0,0.0,0.0,0.0,0.0,0.0,0.0,0.0,0.0,0.0,0.0,0.0,0.0,0.0,0.0,0.0,0.0,0.0,0.0,0.0,0.0,0.0,0.0,0.0,0.0,0.0,0.0,0.0,0.0,0.0,0.0,0.0,0.0,0.0,0.0,0.0,0.0
KL-CP-76,201534,0.0676436947206217,0.007217387935286314,0.0785042409088024,-0.041137350317250784,0.003270279061133924,0.04122808175871975,-0.003154702679497052,0.039036901177723966,0.03497826387822893,0.03837210380325819,0.03123989757609797,0.002120537141716819,-0.012034438447398346,0.03825153227713107,-0.0059549464606735774,0.0033390705889472685,-0.008713450750911182,-0.014983452743077063,-0.017904399928836277,0.015405102141893966,-0.028156902891632335,0.002854459478110932,0.01107436395147865,0.01920390986714622,-0.007905204857486938,0.005326068407530377,-0.004959086950581484,-0.00899470061925668,-0.0045628827881098654,0.0006847473748291528,0.008677174330489337,-0.003965792479997518,-0.0023419785018124317,-0.0013605725117714939,-0.0023972026286205915,0.0007284949142747797,0.0,0.0,0.0,0.0,0.0,0.0,0.0,0.0,0.0,0.0,0.0,0.0,0.0,0.0,0.0,0.0,0.0,0.0,0.0,0.0,0.0,0.0,0.0,0.0,0.0,0.0,0.0,0.0,0.0,0.0,0.0,0.0,0.0,0.0,0.0,0.0,0.0,0.0,0.0,0.0,0.0,0.0,0.0
KL-CP-78,201536,0.04656440661768013,-0.025566809011425676,0.10481494588655435,0.01603012391454123,-0.06486972391315134,-0.0665409870216352,0.03492053296342044,-0.07661869050256825,0.02254551294600217,-0.009049098078010777,0.02448983236800893,0.024050675283073492,0.010315964648811841,-0.0065652968973536705,-0.021732635489444884,-0.010443600849898356,-0.05407017958209034,-0.008985647164645824,0.041234278564694506,-0.010780891478531394,0.010408437805253306,-0.013736809524259317,-0.006198828175216337,0.00734301494154976,-0.00596102654819874,0.013746688938993381,-0.0001693812511279966,-0.01422375213336491,-8.741055595690876e-05,-0.002954969970768836,0.009734676400557836,0.0020168701870465714,0.0013671618490486898,-0.0027201673218335796,0.000527156511729385,0.0003992658763303181,0.0,0.0,0.0,0.0,0.0,0.0,0.0,0.0,0.0,0.0,0.0,0.0,0.0,0.0,0.0,0.0,0.0,0.0,0.0,0.0,0.0,0.0,0.0,0.0,0.0,0.0,0.0,0.0,0.0,0.0,0.0,0.0,0.0,0.0,0.0,0.0,0.0,0.0,0.0,0.0,0.0,0.0,0.0
KL-CP-81,201539,-0.22245864418255196,0.0767436953078508,-0.056462470886326804,-0.046235953369397065,0.061960614963682464,-0.00604843144956478,-0.002605049514464918,0.03890030745588501,-0.03190546219248789,0.07586849480380498,0.013356012880512238,-0.010764931638078548,0.04608283116394176,0.0038079336632054657,-0.009457131635988056,0.038522307852431874,0.007797156228012939,0.019098948986216155,-3.275875347138389e-05,-0.00348814763396028,-0.005408014706617958,-0.003629715831144262,0.0012153881774383014,-0.015105124428709031,0.01291808782052921,-0.026405983567320657,-0.0012413823183599372,-0.0012069264007753644,0.009259948243862386,-0.006475427148906146,0.0021162369954290487,-0.0031361363814699996,0.000513124273055799,-0.0018969135064432266,-0.00038830090264560817,0.0003777976293996305,0.0,0.0,0.0,0.0,0.0,0.0,0.0,0.0,0.0,0.0,0.0,0.0,0.0,0.0,0.0,0.0,0.0,0.0,0.0,0.0,0.0,0.0,0.0,0.0,0.0,0.0,0.0,0.0,0.0,0.0,0.0,0.0,0.0,0.0,0.0,0.0,0.0,0.0,0.0,0.0,0.0,0.0,0.0
KL-CP-87,201542,-0.3704992172731296,0.09536618600221347,-0.03100629043680365,0.0414746325311758,-0.10321329418082062,0.019101023937557617,-0.13261747013921335,-0.05186556599717744,0.1244793422334296,-0.033076072257917956,0.07615069309375233,0.0032683019823420826,0.008895790414985064,0.0011550911573550446,0.031536845925769746,0.033917408952091235,-0.001366164220423006,-0.03944648200868476,0.02551494371694017,-0.00387274993773906,-0.015105081367355767,0.008724567955342584,-0.009204841149578522,-0.015162149438344411,-0.0037504276491891766,-0.009801926926257337,-0.0004980748302326825,0.0032084376917161763,0.0015140883419808944,-0.0007010197667470766,0.00027628429669305084,-1.761927643668668e-05,0.0003402912422440775,7.724012801597476e-05,2.4584666407760198e-06,0.00025132463788919403,0.0,0.0,0.0,0.0,0.0,0.0,0.0,0.0,0.0,0.0,0.0,0.0,0.0,0.0,0.0,0.0,0.0,0.0,0.0,0.0,0.0,0.0,0.0,0.0,0.0,0.0,0.0,0.0,0.0,0.0,0.0,0.0,0.0,0.0,0.0,0.0,0.0,0.0,0.0,0.0,0.0,0.0,0.0
KL-PR-3,201550,0.0473405817082958,-0.023149651416803023,0.018818976572883384,0.012759190987958293,-0.009218881491503374,0.03897776486723947,-0.042198964597199955,-0.011788187056680057,0.0067790662506592575,-0.009559139103226637,0.009111100845299286,0.0007161804082701383,-0.011462360400147037,-0.004357706207670267,-0.0025778827998100672,0.005116772087529303,-0.014129764909720167,0.014108453072403097,-0.0005392938073187734,-0.00313455070792941,0.015529147096757536,-0.009480561872401778,-0.010007026981647512,-0.001624049098693707,-0.01702763232266305,-0.01508081279051719,0.002093355907740009,0.003252345857811769,-0.014463857009557773,0.013057309901238543,-0.011396166167506602,0.0015237787663619471,-0.001074982767685173,-0.0020730214975429313,-0.0003774235642264452,-0.0005993056920761731,0.0,0.0,0.0,0.0,0.0,0.0,0.0,0.0,0.0,0.0,0.0,0.0,0.0,0.0,0.0,0.0,0.0,0.0,0.0,0.0,0.0,0.0,0.0,0.0,0.0,0.0,0.0,0.0,0.0,0.0,0.0,0.0,0.0,0.0,0.0,0.0,0.0,0.0,0.0,0.0,0.0,0.0,0.0
KL-PR-5,201552,0.048193380897648685,-0.02164955224691659,0.01779985540746123,0.01469653122284706,-0.0123673735541176,0.04166562144186295,-0.04361745564452102,-0.016539643371236645,0.01088122891298483,-0.007519705292909379,0.010583357432447508,-0.00534297015837223,-0.010182507202152616,-0.014691680870186847,-0.0019036402840036052,0.011478030488194468,0.0028621178886477083,-0.0023603843104985315,0.006733334642573056,-0.009003527461762997,0.00290133303865608,0.00617143189594253,-0.005992018731413803,-0.002759188174116714,-0.011452654463446657,-0.0015707850241352466,-0.0008407386080093492,7.393579949484372e-05,0.0017185945715516146,-0.010988951467887913,0.006544858586854427,-0.0056178452789342175,-0.0013094606523542608,-0.003315449998149502,-0.0022009186399387292,-0.004086258232839434,0.0,0.0,0.0,0.0,0.0,0.0,0.0,0.0,0.0,0.0,0.0,0.0,0.0,0.0,0.0,0.0,0.0,0.0,0.0,0.0,0.0,0.0,0.0,0.0,0.0,0.0,0.0,0.0,0.0,0.0,0.0,0.0,0.0,0.0,0.0,0.0,0.0,0.0,0.0,0.0,0.0,0.0,0.0
Tri-2,201556,0.07656800501535524,0.010801310448042223,0.06568442017993714,0.003342790069222945,0.015958872146590225,0.030126981560528333,-0.009937365565886862,0.037034160209162045,0.0112605779726524,-0.0324100239968104,0.016363990387469777,0.04669197093387153,-0.03513223850515254,0.01617689946171953,-0.0027873972081483953,0.009900478518479203,-0.05535019544627921,-0.0147899627285167,-0.025091743684239297,0.013742953633395297,0.014584879219516067,0.007651702282404315,0.015721050015236028,0.0017668166892114282,0.0036509976187365538,-0.0031804339744816346,-0.007645974911919189,0.015156061056788794,-0.01288502894576834,-0.0034394600604543317,-0.002255269726248272,-0.0018066190345137401,0.004934524901731274,-0.0010093373445419717,0.0005297203385939231,-0.0009553001735345856,0.0,0.0,0.0,0.0,0.0,0.0,0.0,0.0,0.0,0.0,0.0,0.0,0.0,0.0,0.0,0.0,0.0,0.0,0.0,0.0,0.0,0.0,0.0,0.0,0.0,0.0,0.0,0.0,0.0,0.0,0.0,0.0,0.0,0.0,0.0,0.0,0.0,0.0,0.0,0.0,0.0,0.0,0.0
Tri-5,201567,0.02981247872777098,-0.04273751257578033,0.08443969685843505,-0.05743652404116894,-0.04741513820840316,-0.0571848109399722,0.035756225540345965,-0.03727463504520493,0.028253305436084872,0.04077950355792631,0.030646424469235954,-0.00781721415714781,0.03434765924245125,-0.019981077980896145,0.04115684653438861,-0.08485282134050295,0.04242991234243508,-0.001728003640970839,-0.0038137239015693324,-0.003058356197135979,0.010861764705320036,0.006946444934550924,0.010478552168391435,-0.001110503353132375,0.027412506098458137,-0.010580785827303669,-0.004025981053009554,-0.005903700780998149,-0.010806114485910383,0.0010338309724146689,0.0034902190584675027,0.002167651857660921,0.001709476986501725,-0.0016205187006437197,-0.0002145956259896215,2.72987473701641e-05,0.0,0.0,0.0,0.0,0.0,0.0,0.0,0.0,0.0,0.0,0.0,0.0,0.0,0.0,0.0,0.0,0.0,0.0,0.0,0.0,0.0,0.0,0.0,0.0,0.0,0.0,0.0,0.0,0.0,0.0,0.0,0.0,0.0,0.0,0.0,0.0,0.0,0.0,0.0,0.0,0.0,0.0,0.0
Tri-39,201593,0.042669747656881134,-0.018017558359219418,0.08905211738873206,0.02189600018342515,-0.013737468242354814,-0.06732477551795164,0.027590170753356832,-0.00717949529277582,0.05711257780497602,-0.04474656500476259,-0.05902476278392078,-0.005024373031708167,-0.05425972238276177,0.03874995715610201,0.030546822989385436,0.020442154862700797,-0.007652515942940977,-0.021938127409472482,-0.024709434835819367,0.026067338574804682,-0.008850113396744037,-0.006452042617267174,-0.006953798947924322,0.025897881309115266,0.004287954694721072,-0.006050537014503553,-0.011993428380122781,-0.011352257728089976,0.001932786569207516,-0.0018423277671392516,0.0011796013417696483,-0.002559947076290997,0.0007725145054002728,-0.0014373581965533694,0.0002759102570830321,-0.0006757510114417056,0.0,0.0,0.0,0.0,0.0,0.0,0.0,0.0,0.0,0.0,0.0,0.0,0.0,0.0,0.0,0.0,0.0,0.0,0.0,0.0,0.0,0.0,0.0,0.0,0.0,0.0,0.0,0.0,0.0,0.0,0.0,0.0,0.0,0.0,0.0,0.0,0.0,0.0,0.0,0.0,0.0,0.0,0.0
Tri-31,201596,0.06179818627118841,-0.009029025907123851,0.06420400506602657,-0.0015426379204866764,-0.0045841234802512405,0.012024431556766498,-0.03905087549738073,0.032493601287049936,-0.007069143982125447,-0.027368942453754454,0.01114751796359452,0.05824155150245022,-0.00532524174437772,0.009894364392550009,0.047195939393613676,-0.029181270673108863,-0.03405992255936591,0.003989502230516853,0.010336722127990458,0.004918587202385836,0.00943374920110094,-0.005554653010238346,-0.017753951168018627,-0.0007999601542833922,0.007125492450728247,-2.6026345695409196e-05,0.000913374299542825,0.007307000187904745,0.0003228721106210214,0.0065740362891925355,0.007654139967943111,-0.0007559712164608433,-0.00251022975940248,-0.00036172098318806693,-0.0014870610014048515,0.0007110423767934938,0.0,0.0,0.0,0.0,0.0,0.0,0.0,0.0,0.0,0.0,0.0,0.0,0.0,0.0,0.0,0.0,0.0,0.0,0.0,0.0,0.0,0.0,0.0,0.0,0.0,0.0,0.0,0.0,0.0,0.0,0.0,0.0,0.0,0.0,0.0,0.0,0.0,0.0,0.0,0.0,0.0,0.0,0.0
Tri-54,201619,0.017520578372293507,-0.036938780720760435,0.013598674007666747,0.027386588900571142,-0.044531315968823496,-0.009238360864193617,-0.04524409243780849,0.02350542732562334,-0.05398103944523016,-0.0015825434298974354,0.0037715192657019007,0.006097855458805753,0.030964050171877706,-0.013942380301513829,0.0349188019613833,-0.005685568039289897,0.0009873569674352094,0.004149628298489593,-0.005886619967412677,0.001863737237650777,-0.005301875896485945,-0.014860767197081797,-0.0050688684267431,0.00048424334762274307,0.0037919603785896983,-0.0019082478068920318,-0.0002607988788804495,-0.004182427344768308,0.0007478774986842245,-0.00027016409419484586,0.001947438928324622,-0.0026595014793387673,-0.0009168119179932336,0.0007827234930801518,0.0005246697627397821,0.0024250684025873964,0.0,0.0,0.0,0.0,0.0,0.0,0.0,0.0,0.0,0.0,0.0,0.0,0.0,0.0,0.0,0.0,0.0,0.0,0.0,0.0,0.0,0.0,0.0,0.0,0.0,0.0,0.0,0.0,0.0,0.0,0.0,0.0,0.0,0.0,0.0,0.0,0.0,0.0,0.0,0.0,0.0,0.0,0.0
Tri-57,201622,0.024297567091341635,-0.01824647117915469,0.08106486938746126,-0.025693224760416924,-0.048388435314500725,-0.048389434358774075,0.05887167979356324,-0.02968009592636715,-0.021848894915586364,0.06185092801707949,0.0046801381342394,0.011071089202243478,0.003279661158176555,0.01617547033491942,-0.04039550407526715,-0.016083237648815803,0.011443270750182845,0.009041046679005921,-0.0004578350916844383,0.007498705019643206,-0.010743919151413355,-0.017120877837907906,0.0019471198548764758,-0.004305411586957858,-0.013032686223057165,-0.010532696110791086,-0.00017504190800677854,-0.00033655997318559006,0.007147854832334807,-0.0007334031450659408,-0.0036173573030513343,-0.002533237849772958,-0.001199622306223368,0.001108353581364047,-8.180542842032548e-06,-0.0006730639004179845,0.0,0.0,0.0,0.0,0.0,0.0,0.0,0.0,0.0,0.0,0.0,0.0,0.0,0.0,0.0,0.0,0.0,0.0,0.0,0.0,0.0,0.0,0.0,0.0,0.0,0.0,0.0,0.0,0.0,0.0,0.0,0.0,0.0,0.0,0.0,0.0,0.0,0.0,0.0,0.0,0.0,0.0,0.0
Tri-59,201624,0.04704512915027065,-0.018790386230862398,0.05231197633160219,0.017950172701783555,-0.002541886301140551,-0.030955419895700005,0.02075262155561581,-0.036710462172108875,0.016832022463478934,-0.01325792924434084,0.006078250982459045,0.02282004151372887,-0.03831520306178252,0.01871472585826097,0.008047263515336647,0.0019302550987478626,-0.004539505815528651,-0.016303540850870903,-0.030771248958502275,-0.00937814176831634,0.009130425341874502,0.013509726953279054,0.013402441137247206,-0.029243893427697776,-0.017610856872110895,0.004381530951440912,-0.0020198578371436364,0.005537483120663501,0.0032847962423792473,0.005863424836870282,0.0033691195065509616,-0.0019792381952869276,-0.0017556412763827661,0.0030218944975892526,-0.0003247124584439837,0.0006662532654110985,0.0,0.0,0.0,0.0,0.0,0.0,0.0,0.0,0.0,0.0,0.0,0.0,0.0,0.0,0.0,0.0,0.0,0.0,0.0,0.0,0.0,0.0,0.0,0.0,0.0,0.0,0.0,0.0,0.0,0.0,0.0,0.0,0.0,0.0,0.0,0.0,0.0,0.0,0.0,0.0,0.0,0.0,0.0
Tr-16,201630,0.0060854908955619656,-0.04170597071104356,0.06066177875781999,0.033146150642761864,-0.06068686591772693,-0.0884946744678961,0.02648601382490736,-0.028472756163445165,0.010433588914595157,-0.009731461972626688,-0.09079622373921652,-0.028607840664183988,0.0036768500164263604,-0.0015874065883434397,0.001105615558483156,0.009429447156835354,-0.018815424312754195,0.00730513884570939,0.003818178196795187,0.006609454213218048,-0.020121789422530918,-0.004673191472054088,-0.004753749739469669,-0.007456417741670845,0.0020764862399172386,0.007641662748454684,-0.005886348394673397,0.01322106603194257,0.007561134878438855,0.001183025304533883,-0.007418180930587576,-0.0008001563230281782,-0.00019786033452469078,-0.003561207298333747,-0.00019980129113564968,-0.000346260906266375,0.0,0.0,0.0,0.0,0.0,0.0,0.0,0.0,0.0,0.0,0.0,0.0,0.0,0.0,0.0,0.0,0.0,0.0,0.0,0.0,0.0,0.0,0.0,0.0,0.0,0.0,0.0,0.0,0.0,0.0,0.0,0.0,0.0,0.0,0.0,0.0,0.0,0.0,0.0,0.0,0.0,0.0,0.0
KL-342,201654,-0.33512015529601086,0.11655519687466018,-0.1161426462006635,-0.09627069515671943,0.11880153161101717,0.0867294052180376,0.012922602737268633,0.01705099745041539,0.031033108963640137,0.07786487299426723,0.02762316017410414,-0.0626019896324265,0.027860922321125605,0.06407478492389143,-0.014447801577882963,-0.023107846924839862,-0.0029639051218640425,-0.017649286126328084,0.0032861277367818016,-0.01423565023914778,-0.018945864151649377,0.03342228894138472,-0.009273043542350194,-0.003342553750978838,-0.008082222562929075,0.007750543637483695,0.009909241459737275,0.00023446380305799507,-0.011531390392217232,-1.3602101200795502e-05,0.001978224806211877,0.0024054932235246453,-0.0016057519743846553,0.00031245256469058694,-7.755337534279841e-05,1.765867962355989e-05,0.0,0.0,0.0,0.0,0.0,0.0,0.0,0.0,0.0,0.0,0.0,0.0,0.0,0.0,0.0,0.0,0.0,0.0,0.0,0.0,0.0,0.0,0.0,0.0,0.0,0.0,0.0,0.0,0.0,0.0,0.0,0.0,0.0,0.0,0.0,0.0,0.0,0.0,0.0,0.0,0.0,0.0,0.0
KL-343,201655,-0.501608568768239,0.12407125737824813,-0.14622967777804102,0.06770572833351687,-0.05046257085535655,0.0551387527799481,-0.028697125198681537,0.05859245169600717,-0.0805366341208443,-0.003519165357152143,0.021510857115133772,0.026139861236278563,0.02586614729679619,0.03035168204565834,-0.008879093064159673,0.028573395212835667,0.015324560612298735,-0.05496962363086301,0.004456543396184245,-0.021721535940822722,0.023520953572846916,-0.0066583430100756996,-0.012456416728977486,0.0047933469049475895,0.004704331477475369,0.00334873129653902,-0.00815487247803096,0.00366227892235162,0.001325342155203458,0.00028043688506388195,-0.001991829099049481,0.0020418262842778,0.001425457323418918,-0.0010383533321677632,0.00013935780178542693,0.0003421002848358995,0.0,0.0,0.0,0.0,0.0,0.0,0.0,0.0,0.0,0.0,0.0,0.0,0.0,0.0,0.0,0.0,0.0,0.0,0.0,0.0,0.0,0.0,0.0,0.0,0.0,0.0,0.0,0.0,0.0,0.0,0.0,0.0,0.0,0.0,0.0,0.0,0.0,0.0,0.0,0.0,0.0,0.0,0.0
KL-41,201675,-0.10313878344677391,0.056155346384423245,0.15470185163936626,-0.33238935678308357,0.2535074446388242,-0.06608577412578179,-0.11319863511735034,-0.11322630526852318,-0.12256246358986041,0.02327374689146159,0.0225010586913057,0.07922771140914517,-0.0893117017764202,-0.050075091802045224,-0.015529473345507725,0.014940025860830573,0.024656581974169933,-0.008305308816798827,0.004381075186745182,0.006892644107268126,-0.007060521207861286,-0.0030464576496730526,-0.004873906910886019,-0.0009540518688342073,-9.929477485815053e-06,0.0027211544540624213,-0.0012590145952335447,0.0021132367236809794,-0.00392118815373909,0.00035619722056928586,-0.0005304962287697145,0.0005013123276552286,-0.00034020938654486416,0.0001430176777118458,-1.214037769324773e-05,6.340530658629393e-05,0.0,0.0,0.0,0.0,0.0,0.0,0.0,0.0,0.0,0.0,0.0,0.0,0.0,0.0,0.0,0.0,0.0,0.0,0.0,0.0,0.0,0.0,0.0,0.0,0.0,0.0,0.0,0.0,0.0,0.0,0.0,0.0,0.0,0.0,0.0,0.0,0.0,0.0,0.0,0.0,0.0,0.0,0.0
KL-400,201689,0.04514786877329713,-0.01914330759275723,0.04231140261033426,-0.03979755747327753,-0.007300713345038387,0.050561455096462087,-0.03037516052116842,-0.0040617802155378056,0.011656856867402622,0.04727814925364175,0.012932264944989297,-0.016804009303933304,-0.0102365439023842,0.008331593853473852,-0.012839546882973448,-0.008225756383369271,0.020642581656965524,0.015074915571357315,-0.009596749811176853,-0.010668954794407222,0.003004620333135605,-0.018774705877238437,0.003311322787848065,-0.008331459237873873,-0.019334996707093863,0.003980578173843927,0.004376949066069549,-0.0009103240639329845,0.0027060417718993137,-0.0043634337137649325,6.380298079406354e-05,4.708985781764379e-06,-0.0005923754976070077,-0.0018784554476529065,-0.000572579017668082,0.0004968694865710231,0.0,0.0,0.0,0.0,0.0,0.0,0.0,0.0,0.0,0.0,0.0,0.0,0.0,0.0,0.0,0.0,0.0,0.0,0.0,0.0,0.0,0.0,0.0,0.0,0.0,0.0,0.0,0.0,0.0,0.0,0.0,0.0,0.0,0.0,0.0,0.0,0.0,0.0,0.0,0.0,0.0,0.0,0.0
KL-403,201694,0.05483398445990448,-0.008631684688032179,0.061231944582749505,-0.03768163909421549,-0.003811844442763368,0.041793812125838416,-0.024452470243171084,0.017240079557521187,0.02751802672988949,0.034470826535069665,0.025439087535236174,-0.006696299293966301,-0.015243858872260273,0.01855339265089701,-0.013632196989250172,-0.0027672020373116436,0.010532712711887953,-5.685394873608236e-05,0.0038223955923576093,0.0040098482288653675,-0.014164374652117215,-0.01465966509577937,-0.015112214802594118,-0.011410957019423355,0.013841721725439337,0.00011799374915464841,0.00417691962435564,-0.017118163496049832,0.004554563459510804,0.0010973185058204106,0.0019419882940576263,-0.00012741982287152229,0.004197067058314409,-0.0001462336844561383,0.001068261344860373,-0.0019631642715727685,0.0,0.0,0.0,0.0,0.0,0.0,0.0,0.0,0.0,0.0,0.0,0.0,0.0,0.0,0.0,0.0,0.0,0.0,0.0,0.0,0.0,0.0,0.0,0.0,0.0,0.0,0.0,0.0,0.0,0.0,0.0,0.0,0.0,0.0,0.0,0.0,0.0,0.0,0.0,0.0,0.0,0.0,0.0
KL-406,201699,0.06515937734395683,0.0036725454011037476,0.07060067999397136,-0.04031729799781198,-0.0016425461883348863,0.04965271383790749,-0.009249719552693363,0.031807065953110905,0.028908584911608602,0.03582035613804694,0.027923450170497473,0.008740278555406947,-0.009740207220918664,0.0231011375640311,-0.010721858045107129,-0.008836150087810506,-0.010113165801862452,0.008626743231494058,0.006229864617305201,0.017138774717917,0.00013249562625531534,-0.019106554883406675,-0.021279500853246078,0.010207890125845567,0.007149021512791063,-0.0168883570131572,0.0048636261878547285,0.016985597866695366,-0.006816814448973769,2.5999015976172553e-05,-0.007198579852423106,0.0009459918634092295,0.0002779917542269245,0.0007319483132245039,0.0001676808308266663,0.0007415347251523168,0.0,0.0,0.0,0.0,0.0,0.0,0.0,0.0,0.0,0.0,0.0,0.0,0.0,0.0,0.0,0.0,0.0,0.0,0.0,0.0,0.0,0.0,0.0,0.0,0.0,0.0,0.0,0.0,0.0,0.0,0.0,0.0,0.0,0.0,0.0,0.0,0.0,0.0,0.0,0.0,0.0,0.0,0.0
KL-710,201707,-0.22927980409488125,0.052906913858886156,-0.01930261300086536,0.05930320863099307,-0.08246490195049952,-0.07686806407397657,0.0038533360155157685,-0.02223448357789615,0.028165430895683567,0.05329114277474948,0.02635869821838468,0.015750806369118325,-0.003014167652739023,0.012463389303513723,0.02049132455213832,0.058543662834581275,0.004627871995859606,0.03218193402083293,-0.04130785526984842,0.001759458660836329,0.010423822535494884,-0.011670804993392743,-0.011083415533901794,-0.008514677581017384,-0.004041938147362223,0.0018615255549326813,0.011596171567005546,-0.0009883414952549098,-0.0010665159174670627,-0.0015083779413664579,0.0038988374896839523,0.003610337316153867,0.00022857254666818315,-0.0009506429731645082,0.00013388337698605655,-3.7473211283959905e-06,0.0,0.0,0.0,0.0,0.0,0.0,0.0,0.0,0.0,0.0,0.0,0.0,0.0,0.0,0.0,0.0,0.0,0.0,0.0,0.0,0.0,0.0,0.0,0.0,0.0,0.0,0.0,0.0,0.0,0.0,0.0,0.0,0.0,0.0,0.0,0.0,0.0,0.0,0.0,0.0,0.0,0.0,0.0
KL-237,201795,-0.7757097406403956,0.19174715273150036,-0.18796307049166944,0.11486134390445873,-0.05536823824961152,0.08409215891162694,-0.021584444053337454,0.1184112261939222,0.01786300493532736,-0.04574116930135461,-0.03328886989367646,0.009870446804641933,-0.07258818297793154,-0.07212732704441253,-0.02535951529003415,-0.032379027030689816,-0.007575247755705884,0.029162119192469717,-0.002324481047143372,-0.009132869836080457,-0.03120282219570832,-0.0005977638118972443,0.00893967724167972,0.0015715155926766906,-0.00532341829480065,-0.0012431831784559901,0.003271740949342204,0.00019767417029758802,-7.44271183982132e-05,0.0023398289854308697,0.0018565752746561568,0.0010027865894501565,-0.00021790518526405855,-0.0002767076484751882,-0.00019393529739366878,5.81040448753677e-05,0.0,0.0,0.0,0.0,0.0,0.0,0.0,0.0,0.0,0.0,0.0,0.0,0.0,0.0,0.0,0.0,0.0,0.0,0.0,0.0,0.0,0.0,0.0,0.0,0.0,0.0,0.0,0.0,0.0,0.0,0.0,0.0,0.0,0.0,0.0,0.0,0.0,0.0,0.0,0.0,0.0,0.0,0.0
KL-232,201803,0.042476616002250334,0.0010041305688708994,0.07751548248023193,-0.04442883691172305,-0.04533282906111304,0.030047984714925396,-0.004756346491674735,0.04611520931442996,-0.03582383100709052,0.06967038388595115,-2.6432782864368675e-05,0.010688668009053916,0.0391896345091989,0.0013605260343761076,-0.023161665893648674,0.022181893748493834,0.010482798799972185,-0.007546198375440212,0.003659087284006634,0.008626753508892738,0.005829652307774083,0.012604075045698888,-0.006740633170517919,0.001880853076893078,-0.011352175932180991,0.01563438651062141,-0.0022721556168181474,7.556310660946536e-05,-0.014692969869917215,0.007260590565574657,0.0027230292793176906,-0.001250521090222528,0.0007813253117095634,0.0007035484430793424,-0.00034749610408339797,-7.105186684925806e-05,0.0,0.0,0.0,0.0,0.0,0.0,0.0,0.0,0.0,0.0,0.0,0.0,0.0,0.0,0.0,0.0,0.0,0.0,0.0,0.0,0.0,0.0,0.0,0.0,0.0,0.0,0.0,0.0,0.0,0.0,0.0,0.0,0.0,0.0,0.0,0.0,0.0,0.0,0.0,0.0,0.0,0.0,0.0
KL-233,201804,0.029160556172538765,-0.02103892620417716,0.00857688680521197,0.023900187774039062,-0.028184955432654722,0.016697064098966225,-0.029899638669587187,0.01313576592317732,-0.042250156945856966,-0.003980003613767947,-0.005912179820556408,0.012933311095603025,0.00889478760914908,-0.013313475827365516,-0.019029716966105933,0.028998299292177333,0.015689294886196366,-0.010367043055679988,-0.00437757612994742,-0.006704442413845038,0.015905175351438417,-0.005509443402796075,-0.003070988163710173,0.013707722398606955,-0.0042968114713030445,-0.004503299085696834,-0.015293994783868127,0.0007455782783306442,0.010726681179395306,0.005476161295050262,-0.0006447260772103212,0.010630363718301188,-0.0028128031247062063,0.001462513053317783,-0.0008336097772314063,-0.00030708980613854554,0.0,0.0,0.0,0.0,0.0,0.0,0.0,0.0,0.0,0.0,0.0,0.0,0.0,0.0,0.0,0.0,0.0,0.0,0.0,0.0,0.0,0.0,0.0,0.0,0.0,0.0,0.0,0.0,0.0,0.0,0.0,0.0,0.0,0.0,0.0,0.0,0.0,0.0,0.0,0.0,0.0,0.0,0.0
KL-245,201810,0.035595202470012834,-0.029510674526310714,0.0263712233636835,0.009889804291279608,-0.01665393222440008,0.02240669961018548,-0.052262744330676125,-0.008832191849189876,0.028624069997877706,-0.02598879544599532,-0.044830296798449784,-0.012403357300747781,-0.004089264023550962,-0.01889920725990741,-0.0026745296156860015,0.008822564828044175,0.012200061424661022,-0.0031244299251962883,0.006990990003320208,-0.009478538308828523,-0.022336189520956944,0.0034833910754315774,0.005493035950830159,0.007300682285873099,-0.002652044977943402,-0.010393158316859472,0.010167721827471214,0.006912189872173003,0.006960986139743012,0.012526496508019817,0.0062534014755692745,0.0012789329587042531,0.0037597564556990223,-0.00246855044108522,0.00023211488360316544,-0.0016624646701615348,0.0,0.0,0.0,0.0,0.0,0.0,0.0,0.0,0.0,0.0,0.0,0.0,0.0,0.0,0.0,0.0,0.0,0.0,0.0,0.0,0.0,0.0,0.0,0.0,0.0,0.0,0.0,0.0,0.0,0.0,0.0,0.0,0.0,0.0,0.0,0.0,0.0,0.0,0.0,0.0,0.0,0.0,0.0
CR-18,201422,0.3027182762161141,0.11546850679104967,-0.16168467042058185,0.011658899348697602,-0.10301466130993103,-0.0481348513639892,-0.019477838611197798,0.09109184375998973,-0.08055858201673649,0.04413433743481583,-0.02209167164460339,0.06985725103399237,0.02251227120847553,-0.0016677106389292487,0.0348806731236143,-0.005260843234707966,0.018075991861812867,-0.0016574650075033511,0.01139187339322097,-0.018734382854436488,-0.004474629797705112,-0.007542025393431065,-0.005400647497832164,0.005547454254210634,-0.009324218105617187,8.861278609290507e-05,-0.0033667970844647433,6.845036759709627e-05,0.001376331146961703,0.0020019201625535747,4.863803802517377e-06,-0.002289210122486958,-0.000614972506266769,0.00022965563904316734,-0.0003399434113660383,2.6689911589723342e-05,0.0,0.0,0.0,0.0,0.0,0.0,0.0,0.0,0.0,0.0,0.0,0.0,0.0,0.0,0.0,0.0,0.0,0.0,0.0,0.0,0.0,0.0,0.0,0.0,0.0,0.0,0.0,0.0,0.0,0.0,0.0,0.0,0.0,0.0,0.0,0.0,0.0,0.0,0.0,0.0,0.0,0.0,0.0
KL-CP-2,201462,0.018019928553656722,-0.03415786083799913,0.0970733143588588,-0.07671348829005906,0.031426571882650335,-0.03842792687479216,-0.05063989754154399,0.012080769819248478,0.023168613571393375,0.06984712501695288,0.04757701310885584,-0.10384966632757021,0.04970743728387815,-0.0079997391644945,0.032234122274239385,0.01672616678852642,-0.035336674891970905,-0.007272805531722737,0.009785071698755369,0.0010770745627792068,-0.013624170054992663,0.004811967952291904,0.009407601315198171,0.01220899014736057,0.016059974683531708,0.0073179163770470766,0.009517356124468931,0.0030501901515476407,0.010091608086255505,0.009474379973339631,-0.007562040304426931,0.0016643702118127545,-0.0035384214626878138,0.0024217496429473863,0.0007015233706684575,-0.0008063950743863166,0.0,0.0,0.0,0.0,0.0,0.0,0.0,0.0,0.0,0.0,0.0,0.0,0.0,0.0,0.0,0.0,0.0,0.0,0.0,0.0,0.0,0.0,0.0,0.0,0.0,0.0,0.0,0.0,0.0,0.0,0.0,0.0,0.0,0.0,0.0,0.0,0.0,0.0,0.0,0.0,0.0,0.0,0.0
KL-CP-22,201471,0.023571539348962833,-0.026659678898201467,0.048601732425571476,0.033834340102618085,-0.05184429988998146,-0.059482736036448186,0.042825899544115455,-0.042033714151147254,-0.025347120621095107,-0.0029928588855397354,0.0018516662795110045,0.018263918231088357,0.010928682660598533,-0.010952608048885565,-0.027865412459243916,0.0034825239819693647,-0.00809615709118884,0.005712992846446699,0.010402497611291021,0.008143206849762689,-0.002858428036014715,0.0036570005449340325,0.009645962859207935,-0.0020235123600435036,-0.001861302853785302,-0.0071625423710105695,-0.002391534405178063,-0.00863293034725461,0.0011555359074906487,0.013505618246058424,0.0005659094410520119,-0.00019720013392408717,0.002876146255293063,0.0015614866204519849,-0.0002265951452118026,-0.0012195085268235193,0.0,0.0,0.0,0.0,0.0,0.0,0.0,0.0,0.0,0.0,0.0,0.0,0.0,0.0,0.0,0.0,0.0,0.0,0.0,0.0,0.0,0.0,0.0,0.0,0.0,0.0,0.0,0.0,0.0,0.0,0.0,0.0,0.0,0.0,0.0,0.0,0.0,0.0,0.0,0.0,0.0,0.0,0.0
KL-CP-43,201502,-0.04233266439196706,-0.010991964954718736,-0.04123527866447093,0.022769554713318693,0.07151054376578744,-0.04949164635532559,0.037436341451084244,-0.013334271459354945,-0.019642837274771285,0.029592308676504933,0.01267580809207099,-0.027554744342549307,-0.02950773562727147,-0.0030891440306849193,0.005840916769320315,0.02302815796866378,0.014135757933879717,0.016587753322856676,0.011449542918454344,0.039539059086896616,0.007041566015119975,0.019169013769295525,0.0034215695632420088,0.00797803721806335,-0.00926206619080679,0.0045928450472879105,0.006884814545278559,0.011868285586088467,0.008174782342120325,-0.00011998568730905533,0.002823166675039799,0.0024302778023226213,0.004025706967046239,-0.002014420469462713,-0.0007698638008760319,0.0004906705308867412,0.0,0.0,0.0,0.0,0.0,0.0,0.0,0.0,0.0,0.0,0.0,0.0,0.0,0.0,0.0,0.0,0.0,0.0,0.0,0.0,0.0,0.0,0.0,0.0,0.0,0.0,0.0,0.0,0.0,0.0,0.0,0.0,0.0,0.0,0.0,0.0,0.0,0.0,0.0,0.0,0.0,0.0,0.0
KL-CP-59,201507,0.00844290359758993,-0.022042012160924607,0.010772025369820875,0.03411110458034691,0.029349701316990454,-0.09327290917261631,0.07133361071336919,-0.014613712568994915,-0.05682786923898189,0.028899577822096217,0.013420828307462863,-0.036233557765996405,0.019048984725794887,-0.01425756970453295,-0.02296075530323511,0.0023228050148517226,-0.019111371425430457,-0.009573573216506629,0.015178505440900106,-0.014134461737284661,0.0008149184382651908,-0.006672426407818085,-0.0025138330232840787,0.008072998267632046,-0.0017435610897583598,-0.0033233487628959958,-0.007903106331546242,-0.004421876437058075,-0.005070467921798916,0.000935222745047244,0.00013186719751499674,-0.004660965731403244,-0.0011864105180525645,0.0014577322557842794,0.0009985216583799242,9.167252731098231e-05,0.0,0.0,0.0,0.0,0.0,0.0,0.0,0.0,0.0,0.0,0.0,0.0,0.0,0.0,0.0,0.0,0.0,0.0,0.0,0.0,0.0,0.0,0.0,0.0,0.0,0.0,0.0,0.0,0.0,0.0,0.0,0.0,0.0,0.0,0.0,0.0,0.0,0.0,0.0,0.0,0.0,0.0,0.0
KL-CP-55,201514,0.019761835165953843,-0.033288678838055676,0.003997033047056508,0.029422592148091856,-0.03413240470025658,0.009749103792362487,-0.03998220610374796,0.01100374585525015,-0.04158312808836453,-0.0026066637803351025,-0.0004155553362649492,-0.014429921626245516,0.006977047509867728,-0.012702747706363126,-0.017769869241578494,0.021082579438548087,0.005877651613745679,-0.004017658704444866,-0.011014037212388401,-0.002135410875751638,0.009681759033876249,-0.008262612680318845,0.0007875436233722094,-0.0021379889028724296,0.015467768599166275,0.0023678710700651604,-0.003773865112589021,-0.003912424885435735,-0.0016747875966250238,0.004067019069557603,-0.0045617885754558616,-0.007616794505393282,0.0058205485222019675,-0.0054051144863320405,-0.0001148827616549531,0.0022786390113497834,0.0,0.0,0.0,0.0,0.0,0.0,0.0,0.0,0.0,0.0,0.0,0.0,0.0,0.0,0.0,0.0,0.0,0.0,0.0,0.0,0.0,0.0,0.0,0.0,0.0,0.0,0.0,0.0,0.0,0.0,0.0,0.0,0.0,0.0,0.0,0.0,0.0,0.0,0.0,0.0,0.0,0.0,0.0
KL-CP-67,201525,-0.2910130385380249,0.08064746476325849,-0.10440853579580474,0.029399662957034015,0.07851543142637452,-0.051672522598918746,0.05187568799447273,-0.02084802945053395,0.0014214188309505328,0.022837713988338917,0.023509955097555185,-0.012742118007260089,-0.004123426002673322,0.00027779780757832516,0.007903156796217161,0.01009733506653741,-0.020540044178724487,0.021327825148475872,0.009822843548362215,-0.0087055921930842,0.02267504083686856,0.053163924620598255,0.0009383454465942069,-0.001407579935652142,0.006254476753330148,-0.004564228640730643,-0.006025764412868723,-0.0029898207047146454,0.008682078754271813,0.0022781992127948137,-0.0018160306192910088,0.0008302929186985876,0.0020264795863514443,-0.0008320501007171769,-0.00011181188311422941,0.0006364812860761123,0.0,0.0,0.0,0.0,0.0,0.0,0.0,0.0,0.0,0.0,0.0,0.0,0.0,0.0,0.0,0.0,0.0,0.0,0.0,0.0,0.0,0.0,0.0,0.0,0.0,0.0,0.0,0.0,0.0,0.0,0.0,0.0,0.0,0.0,0.0,0.0,0.0,0.0,0.0,0.0,0.0,0.0,0.0
KL-CP-70,201528,0.022399088286403527,-0.030549318418170733,0.0008534274237698023,0.028034287799063255,-0.02837555465762217,0.016266723640353743,-0.03613588438337867,0.00497684491101244,-0.030623821380130076,-0.005566751234329495,-0.0016806480868093961,-0.01106321061671459,0.0028758687543980533,-0.016363377390956096,-0.01854567960553049,0.015885961475857947,0.007896078861594024,0.010031470925052651,-0.006414965786184266,0.012306248191147269,0.0009680536558618203,0.002041626092627019,0.010994983166212502,-0.008473780195711498,0.011230439756319367,-0.0058157079336553395,2.4564402180210803e-05,-0.003616222758551521,-0.002920741858514438,-0.00016335325113094886,0.0014809929695168468,-0.007524237122937733,-0.007839079927597706,0.0035350990404487198,0.0014998594751242118,-0.0018705779871091722,0.0,0.0,0.0,0.0,0.0,0.0,0.0,0.0,0.0,0.0,0.0,0.0,0.0,0.0,0.0,0.0,0.0,0.0,0.0,0.0,0.0,0.0,0.0,0.0,0.0,0.0,0.0,0.0,0.0,0.0,0.0,0.0,0.0,0.0,0.0,0.0,0.0,0.0,0.0,0.0,0.0,0.0,0.0
KL-CP-77,201535,0.020157845636662987,-0.03186802633566356,0.03823851916896629,0.036275669100799865,-0.050034328728530496,-0.06255640657686688,0.03291009692619408,-0.023299932080084795,-0.03561707260207257,-0.004424489901773588,0.004409405417544524,0.02241384059781583,0.022550884166753393,-0.008541322896851297,0.028703945727897324,-0.029580210191357117,-0.0034934217041987293,0.014810147051658725,0.01420098976104825,0.008447955789856227,-0.028983947260514956,0.003587787469119078,-0.005556125790890744,-0.013603390846279656,-0.007253890130287309,0.005854483186493122,-0.011018850820069464,0.003824797020569673,0.005180927126568266,0.006561901576184638,-0.004066640418619087,-0.00466966279302154,0.0014900924066714332,0.0005408502523412509,-0.0006026160500102275,0.00019419089140046444,0.0,0.0,0.0,0.0,0.0,0.0,0.0,0.0,0.0,0.0,0.0,0.0,0.0,0.0,0.0,0.0,0.0,0.0,0.0,0.0,0.0,0.0,0.0,0.0,0.0,0.0,0.0,0.0,0.0,0.0,0.0,0.0,0.0,0.0,0.0,0.0,0.0,0.0,0.0,0.0,0.0,0.0,0.0
Tri-28,201582,0.00321513294186592,-0.043456187228864886,0.048272655426189776,0.03851690106366103,-0.057631305934311164,-0.0799734596000978,0.01946168371867116,-0.01722179600980095,0.01055916186477611,-0.005237610675666046,-0.08433359349190075,-0.036939697232147295,-0.011551176967006424,-0.007048438937260906,0.014982446861936758,0.021617369794154937,0.0014507539656705413,0.007657268158791458,-0.007172163215631614,0.010845895713164997,0.002178788370830284,-0.0010786573918064248,-0.002538776762680533,-0.0035405928999120073,0.0002717882049336925,-0.004794631390887088,0.010344780567925538,-0.0016332092178483288,-0.010630042164759617,-0.005187959616817852,0.0038371907012058545,0.0015832301018405676,0.0010346730738593586,0.005012199245441975,0.00033476296116302195,0.001197217418063272,0.0,0.0,0.0,0.0,0.0,0.0,0.0,0.0,0.0,0.0,0.0,0.0,0.0,0.0,0.0,0.0,0.0,0.0,0.0,0.0,0.0,0.0,0.0,0.0,0.0,0.0,0.0,0.0,0.0,0.0,0.0,0.0,0.0,0.0,0.0,0.0,0.0,0.0,0.0,0.0,0.0,0.0,0.0
KL-360,201660,0.03169825448798498,-0.04154896616895139,0.015271407960406005,-0.0036930616557781194,0.008282448153287075,0.02654193759528438,-0.03661643888137875,-0.021182444725687248,0.028199852574193746,-0.03679665789901196,-0.0046140777917220216,-0.015096808627595283,0.06032912856841216,-0.10438602719060008,-0.034900033563197146,-0.05515494640390376,-0.0042678682516681405,-0.03485462093263114,-0.05885064276484267,0.023068865908236393,-0.00937094821615746,0.022342722925054327,-0.025172499122423732,0.017062862893324128,-0.007917025897002408,0.004719679545947777,0.004692599641439885,-0.0003080667962965124,0.006068977315811393,-0.0036133802772064507,-0.0036391792012953074,-0.0015387579039039957,0.0009084365072529648,-5.4305989036301184e-05,0.00017191002205081674,0.0003186309588097951,0.0,0.0,0.0,0.0,0.0,0.0,0.0,0.0,0.0,0.0,0.0,0.0,0.0,0.0,0.0,0.0,0.0,0.0,0.0,0.0,0.0,0.0,0.0,0.0,0.0,0.0,0.0,0.0,0.0,0.0,0.0,0.0,0.0,0.0,0.0,0.0,0.0,0.0,0.0,0.0,0.0,0.0,0.0
KL-366,201661,0.018838054348382805,-0.018678965621095354,0.02615660725190769,0.009120493344104356,0.0426952720738111,-0.05696486833024919,-0.019839805154795342,0.0647748453825849,-0.09947370503311487,0.0018883935833913744,0.009997456248854833,-0.018514747960892183,0.01682760095768166,-0.003818177932122821,0.058208307578901136,-0.002889881248303413,-0.01669674300682413,-0.03788006771783486,-0.02133068756870252,-0.018996550731595428,-0.007556949188560713,0.0035189175617159514,0.02269018519237031,-0.009400520620445529,-0.008419395625288885,0.00029796093055046866,-0.0034636830526587406,-0.002096978380583102,0.0006153130075540764,0.0050140780471735445,-0.001675023086078301,-0.0007244504786118196,-0.001334498332906909,-0.00041669345002606913,-0.000269052370628902,-0.0011676549556729112,0.0,0.0,0.0,0.0,0.0,0.0,0.0,0.0,0.0,0.0,0.0,0.0,0.0,0.0,0.0,0.0,0.0,0.0,0.0,0.0,0.0,0.0,0.0,0.0,0.0,0.0,0.0,0.0,0.0,0.0,0.0,0.0,0.0,0.0,0.0,0.0,0.0,0.0,0.0,0.0,0.0,0.0,0.0
KL-367,201662,0.032833245792469,0.004199080612857544,0.046240627256149816,0.012624719457001428,0.09211600591971184,-0.07581617605379826,0.012542718536634388,0.13042900101046878,-0.061254191841698946,-0.09892036520370165,-0.03130646025787079,-0.03350752733547972,0.010288701268452724,0.0222470602770819,-0.059094522561874065,-0.0038555658803578786,0.032446597049093556,-0.019460279639437437,-0.005935404816446435,-0.013690683465592404,-0.008107706279240286,-0.00845299424736568,-0.008985801311982922,-0.00071122175865241,0.013714022796328539,0.004277077517371581,0.014029837284607606,0.0013363858946750034,4.403429389536647e-05,0.001904730255343639,0.002118951994289296,0.0015058919239035332,9.876647637985909e-05,-0.00016467612299574425,-0.00038767083235677943,2.155592622131204e-06,0.0,0.0,0.0,0.0,0.0,0.0,0.0,0.0,0.0,0.0,0.0,0.0,0.0,0.0,0.0,0.0,0.0,0.0,0.0,0.0,0.0,0.0,0.0,0.0,0.0,0.0,0.0,0.0,0.0,0.0,0.0,0.0,0.0,0.0,0.0,0.0,0.0,0.0,0.0,0.0,0.0,0.0,0.0
KL-421,201710,0.011775696902581668,-0.03792226996696051,0.005204213475242724,0.04568961051331036,-0.03818221462444552,-0.046197398810176316,0.019828005132012175,0.007057465606969516,-0.0397048174259653,0.011569863065656813,0.007230934918948244,0.005774429307381394,0.008941294749040521,-0.0020129365554013715,0.04239103186356387,-0.0016267222217501696,0.01780117940093204,0.00671019367873906,-0.017588822085880817,0.007468979216761014,0.015438584819169852,-0.0019425227806266253,-0.019550620008319915,0.004119715425179031,-0.0012452965682083223,0.01215293389133675,0.004407117540503458,0.0042862398163725605,0.00225738071344744,-0.003223604621515266,0.0008626731248928423,-0.0016519480014613782,-0.002537808437787479,-0.0006850002466191897,0.0006148944152005991,-0.001446750174806945,0.0,0.0,0.0,0.0,0.0,0.0,0.0,0.0,0.0,0.0,0.0,0.0,0.0,0.0,0.0,0.0,0.0,0.0,0.0,0.0,0.0,0.0,0.0,0.0,0.0,0.0,0.0,0.0,0.0,0.0,0.0,0.0,0.0,0.0,0.0,0.0,0.0,0.0,0.0,0.0,0.0,0.0,0.0
KL-93,201752,0.057950813177149896,-0.0001446244930221602,0.04110296718157082,0.015838253349630974,-0.01230442156415651,0.006089434142324148,-0.009020947984802312,0.05868993129618908,-0.007190952391191598,-0.02462345430396555,-0.06645083657331684,0.059891869755697234,-0.011498901741909063,-0.0246146104520343,-0.019376772878719008,0.026593961934011853,-0.0007890851728931145,-0.006202987044852198,0.022319353923099975,0.01680757076098463,-0.0066552996985112245,0.013360379180982006,0.012747281809843487,-0.005779295058257922,0.013486689762186586,-0.0041228492149456486,0.009983150286460327,-0.0073414909949479955,0.0011429590712350908,-0.00022565612787786037,-0.0032794809515489607,-0.00033970576275772817,-0.00310222413616313,0.0004947815232722509,0.00029740637670457417,2.4898661586967015e-06,0.0,0.0,0.0,0.0,0.0,0.0,0.0,0.0,0.0,0.0,0.0,0.0,0.0,0.0,0.0,0.0,0.0,0.0,0.0,0.0,0.0,0.0,0.0,0.0,0.0,0.0,0.0,0.0,0.0,0.0,0.0,0.0,0.0,0.0,0.0,0.0,0.0,0.0,0.0,0.0,0.0,0.0,0.0
KL-253,201806,0.027708177688950935,-0.029082651817101762,0.038123296087768314,-0.012608808543150798,0.11349683502442037,-0.034321817006673465,-0.0150241361264577,0.033597578942159194,0.037394837220202704,-0.043515125332639404,-0.07941360853561055,-0.059960990943450934,0.023104973404949308,-0.06168011284073083,0.009158877202973046,-0.018793684352376584,-0.006276291795576733,-0.005948635468498319,0.013115013618658477,-0.004577402632962989,0.017919755502251014,-0.005206070225691578,0.01199641974187608,-0.024252539772019195,-0.008190505753465456,3.526115286462743e-05,-0.014204321227359273,0.000985363392487775,-0.008024798076459923,-0.004854482759286454,0.0018326801799441706,0.0037474238426126382,-4.126192854366731e-05,-5.474113983778455e-05,0.00047997124132230143,0.0006058222910129824,0.0,0.0,0.0,0.0,0.0,0.0,0.0,0.0,0.0,0.0,0.0,0.0,0.0,0.0,0.0,0.0,0.0,0.0,0.0,0.0,0.0,0.0,0.0,0.0,0.0,0.0,0.0,0.0,0.0,0.0,0.0,0.0,0.0,0.0,0.0,0.0,0.0,0.0,0.0,0.0,0.0,0.0,0.0
KL-252,201815,0.05671916488551801,0.005512229109872883,0.049750938988718206,-0.018743371206019776,0.11420406363435076,-0.012996441656169293,-0.0036708533066194425,0.05142036555656891,0.018575813067427217,-0.04328678949532917,0.013867688200099582,-0.0075519635317862766,-0.008380595093332737,-0.004212791133287054,-0.02266424851965872,-0.028666018901937228,-0.04281983079705429,0.009188767203852687,0.014927766301029268,-0.004220794859924437,0.04378168726509386,-0.0014581233216649971,-0.01213064567960262,-0.0070197464699124495,-0.008377619941476263,-0.014768508003270803,0.005741723014701652,-0.013519748019428582,0.007284312280493393,0.004656335017495513,0.0002480723508246805,-0.001896812932932752,-0.001647604565278496,-0.0002736886493685972,-0.0011453906496836205,0.0002682599430271443,0.0,0.0,0.0,0.0,0.0,0.0,0.0,0.0,0.0,0.0,0.0,0.0,0.0,0.0,0.0,0.0,0.0,0.0,0.0,0.0,0.0,0.0,0.0,0.0,0.0,0.0,0.0,0.0,0.0,0.0,0.0,0.0,0.0,0.0,0.0,0.0,0.0,0.0,0.0,0.0,0.0,0.0,0.0
CR-3,201395,-0.13644857715187053,-0.0007383673712594163,-0.11232498995751006,-0.11763089054321442,0.05242436009318476,0.22393962981160545,0.07073204670338007,-0.15067571296900567,-0.07247394648602799,-0.18561077220134922,-0.008936678440900632,-0.01849153956237543,0.041718353968172125,0.05273194301770921,0.026966816890616422,0.0025679544327891725,0.009291768492945381,-0.004257360941257363,0.0035761211686643098,0.017187101545292138,-0.0006201160575853481,-0.013878842402575418,0.007166385061649886,-0.0021510608014661645,0.0033600361489647132,-0.0029010151340953063,0.003857855612880384,-0.004019761799807592,0.003671874811110941,0.002610454767244138,0.0005083169611325732,1.943649085999506e-05,-0.0006342107944915789,-0.0001810683808323085,-0.00030844101098731193,-5.738070010037455e-05,0.0,0.0,0.0,0.0,0.0,0.0,0.0,0.0,0.0,0.0,0.0,0.0,0.0,0.0,0.0,0.0,0.0,0.0,0.0,0.0,0.0,0.0,0.0,0.0,0.0,0.0,0.0,0.0,0.0,0.0,0.0,0.0,0.0,0.0,0.0,0.0,0.0,0.0,0.0,0.0,0.0,0.0,0.0
CR-13,201417,-0.0010059826549493067,-0.23259112584937972,0.07161982175761501,0.1490871284036596,-0.06516250790321605,0.09435969899040547,-0.11337908341485582,-0.022014865941313883,-0.1003982020386964,0.021588304054282095,0.0046313428756202145,-0.13653651845271247,-0.1279003770828461,0.037090012085008534,-0.004767192825783198,-0.03560495772454431,-0.004225969873944455,0.017088938100233948,0.004807399672844225,-0.01856862421870019,0.009256439710274999,0.00968016202896834,0.000993493185717333,0.009598488361191971,0.009717876649236817,0.00409406001508105,-0.0031892731252052093,-0.0005420811060998629,0.001206317411610963,-0.001970692398267797,-0.0010785749789955495,-0.0024426118534460763,-0.0004335991968662431,-0.0002454445422159474,4.5176106830149574e-05,7.373581976215162e-05,0.0,0.0,0.0,0.0,0.0,0.0,0.0,0.0,0.0,0.0,0.0,0.0,0.0,0.0,0.0,0.0,0.0,0.0,0.0,0.0,0.0,0.0,0.0,0.0,0.0,0.0,0.0,0.0,0.0,0.0,0.0,0.0,0.0,0.0,0.0,0.0,0.0,0.0,0.0,0.0,0.0,0.0,0.0
CR-19,201423,-0.062017635199300994,-0.010638484689578818,-0.06251640194019298,0.008066080927980593,0.07273661505080598,-0.021654995630152,-0.023440602605641073,0.031295922066574486,-0.08387551000977149,0.02538651806591835,0.0023014540762079892,0.0047779989993328555,0.012889152978282378,0.005415966239313117,0.04235187119724194,-0.022534022019755923,0.00813203475592703,0.022438061193849272,0.02944557994615805,0.023927730363841743,-0.010223689846925454,0.01601831861273145,-0.0004767987575604018,0.015659215536859578,-0.009683707882974898,-0.0009889790740398073,-0.0026487430540915544,0.003939857155808386,0.00022749043558690813,-0.005915572691016044,0.0038204383771331617,0.00021238164868906897,0.0022408124363029677,-0.0008329150504880938,0.0008354659919099839,0.0005993977568754649,0.0,0.0,0.0,0.0,0.0,0.0,0.0,0.0,0.0,0.0,0.0,0.0,0.0,0.0,0.0,0.0,0.0,0.0,0.0,0.0,0.0,0.0,0.0,0.0,0.0,0.0,0.0,0.0,0.0,0.0,0.0,0.0,0.0,0.0,0.0,0.0,0.0,0.0,0.0,0.0,0.0,0.0,0.0
KL-CP-24,201473,-0.13744053483042584,0.05853954579131014,0.09805802817612133,-0.15775937896710457,0.03213909873320919,0.028288451893438912,-0.0405659282203854,-0.008245312317122718,0.058645350587788116,0.02930380970514923,-0.17502641027677232,0.059121551881798136,0.039873962769418264,0.06801653522654094,-0.006597875940645478,-0.011163804084246434,0.005054375356795647,0.030790811274338283,-0.02638354281172243,-0.02767720034022317,0.013653496653694523,0.030007940799247325,-0.0008306250555634117,0.008341166405168871,0.004459274400203125,-0.002097176765378089,-0.004730511682214525,-0.002479105552392617,0.005607538514460376,0.00023223927633567854,-0.0005500370611927651,-0.0003455186643377552,0.0012004842655072845,-0.00053470111037059,0.0002929096321646807,0.00010566630484671992,0.0,0.0,0.0,0.0,0.0,0.0,0.0,0.0,0.0,0.0,0.0,0.0,0.0,0.0,0.0,0.0,0.0,0.0,0.0,0.0,0.0,0.0,0.0,0.0,0.0,0.0,0.0,0.0,0.0,0.0,0.0,0.0,0.0,0.0,0.0,0.0,0.0,0.0,0.0,0.0,0.0,0.0,0.0
KL-CP-27,201487,0.05266286183124476,-0.011456839947858446,0.03125975723541647,0.030812569174390646,0.0014197779822312743,-0.007504808567198372,0.03163835406445744,-0.019046193368476662,0.034077013745713806,-0.0135633681342553,0.018607047743286118,0.014677432675573638,-0.03027111056061146,0.013364634373074221,-0.002029111960144026,0.009189336516935789,0.009833897517236664,-0.0016283888948365331,0.005072490353365799,0.018338624655522412,-0.0007836741719432206,0.01123087867550717,-0.03394890422166652,-0.004737498834894804,0.014162203522190952,0.007320237531460428,-0.005028110790686985,-0.0034891498118055056,0.0036097394327092676,0.0022474054980219597,0.0005334729605552059,0.003884173925482704,-0.005115409848658891,0.0013770589998757354,-0.00019321905507738678,0.00020620762586984036,0.0,0.0,0.0,0.0,0.0,0.0,0.0,0.0,0.0,0.0,0.0,0.0,0.0,0.0,0.0,0.0,0.0,0.0,0.0,0.0,0.0,0.0,0.0,0.0,0.0,0.0,0.0,0.0,0.0,0.0,0.0,0.0,0.0,0.0,0.0,0.0,0.0,0.0,0.0,0.0,0.0,0.0,0.0
Tri-53,201615,0.03538077532066508,-0.03556835083332542,0.03122710285661335,0.019374831713113758,-0.025021458424086943,-0.01307517493207698,0.009569672252264117,-0.04734756001656368,0.030876072598696003,-0.01302800992116188,0.02062812291453565,-0.0028579331728171634,0.004605355512322321,-0.01910612812387888,0.00437485162171328,-0.005557616767375011,0.02007921345160537,-0.016930261395989098,0.007207713087259253,-0.011238012468910936,0.0026158543324706794,0.007257113811231513,0.01217376572669326,0.014257359750831646,0.011735809749037103,-0.02089280232982236,0.005666941099689429,0.020336955068505448,-0.003750294433348526,0.0016859557206380916,0.009761438358662802,-0.002265825589389969,-0.0018470904276322775,0.00122023517744165,-0.0008447403902817109,0.0009087794505698684,0.0,0.0,0.0,0.0,0.0,0.0,0.0,0.0,0.0,0.0,0.0,0.0,0.0,0.0,0.0,0.0,0.0,0.0,0.0,0.0,0.0,0.0,0.0,0.0,0.0,0.0,0.0,0.0,0.0,0.0,0.0,0.0,0.0,0.0,0.0,0.0,0.0,0.0,0.0,0.0,0.0,0.0,0.0
Tri-58,201623,0.06133209393497943,-0.02306032629193589,0.035473648389902315,0.029485888295041132,-0.01728423311166942,-0.03093958779218345,0.03837578008429658,-0.04358981414656144,0.03550053881356811,-0.0003713632152154577,0.021809333884454694,0.019183657104932705,-0.02777209191736949,0.00731738554345005,0.013984073231866742,0.009806106250246149,0.015942030545396422,-0.013283810952571995,-0.013609359046454935,-0.01405591431039554,-0.003546310485725422,0.0035800538224365843,0.03516663186096963,0.0179348845639841,-0.009793873529010719,-0.007262878784363923,0.00851347086115315,-0.013566886177104002,-0.00033080707933726676,0.003880380910060111,-0.008508257792981063,0.0015879292185166424,-0.0004426267384601537,-0.0017174807628001873,-0.0008090273008721088,0.001538372678567884,0.0,0.0,0.0,0.0,0.0,0.0,0.0,0.0,0.0,0.0,0.0,0.0,0.0,0.0,0.0,0.0,0.0,0.0,0.0,0.0,0.0,0.0,0.0,0.0,0.0,0.0,0.0,0.0,0.0,0.0,0.0,0.0,0.0,0.0,0.0,0.0,0.0,0.0,0.0,0.0,0.0,0.0,0.0
KL-396,201683,0.04579309808604625,-0.03182542811471381,0.14032190335277492,0.0047877186906742225,-0.0370522153196977,-0.08202577782671279,-0.07882471537514321,0.026803642016380195,0.0464890983523979,-0.12649328074377494,0.08015911784049934,-0.03893179202721636,0.07479629709959645,0.022360943622025904,-0.03589058748457423,0.016894819597637285,0.0505542553036269,0.03993006241636763,0.012263239568462562,0.006030074522009644,0.01092709489786101,0.004849320357217342,0.01862835066271576,0.006470117954999083,-0.006761972656771069,0.016157942651859977,-0.01035380004658392,0.006762701093825604,-0.0005818205219733637,-0.0011536064303837574,-0.0004283137887967415,-0.0031311690032739615,0.00027621064203939126,-0.00039047911251523693,-0.0003831367815635098,0.00013451389418088228,0.0,0.0,0.0,0.0,0.0,0.0,0.0,0.0,0.0,0.0,0.0,0.0,0.0,0.0,0.0,0.0,0.0,0.0,0.0,0.0,0.0,0.0,0.0,0.0,0.0,0.0,0.0,0.0,0.0,0.0,0.0,0.0,0.0,0.0,0.0,0.0,0.0,0.0,0.0,0.0,0.0,0.0,0.0
KL-424,201685,0.005829766320657369,-0.044877749514629146,0.028466346556811486,0.04878093444680363,-0.062474046900943075,-0.07997143073439753,0.03754695526140759,-0.02896306844550219,-0.05345403338240114,0.015222586871451737,0.008343596074105786,-0.004803728255350332,0.014479787179825402,0.0060168352598936265,-0.027814473653481324,0.003311946297820594,-0.01673659519229473,-0.014955422722006777,-0.010482791450050698,-0.021625837414848307,0.006372949635202352,-0.014540833181871746,0.00039051184910434897,0.011651470780250167,0.005751090853081787,-0.0036741604961772747,0.002700202431640256,0.0022959522576373684,-0.0020340716570384706,-0.01107488254442464,0.0009945953874772732,0.0050931671424585545,0.005183203990410728,0.0018344198914338554,9.178113579907333e-05,-0.0011002139848047012,0.0,0.0,0.0,0.0,0.0,0.0,0.0,0.0,0.0,0.0,0.0,0.0,0.0,0.0,0.0,0.0,0.0,0.0,0.0,0.0,0.0,0.0,0.0,0.0,0.0,0.0,0.0,0.0,0.0,0.0,0.0,0.0,0.0,0.0,0.0,0.0,0.0,0.0,0.0,0.0,0.0,0.0,0.0
KL-240,201796,-0.44354628685699277,0.11909128855978687,-0.138583304482589,0.0560180497107133,0.09862066572624263,-0.06583980629143461,0.11313535536834028,-0.019294389012404607,0.015117425823315437,-0.010284172428091275,-0.11187743432070646,-0.06485624004002047,-0.02563258065949283,0.001004632987311924,0.03548996782127038,0.016747301670710504,0.015316002538917194,-0.024353974503403528,0.0209379735431629,0.013811610581774325,0.007211593273920483,-0.01752433578048629,-0.00435426138480219,0.003969606531645235,-0.0033455575307323,0.002539882303823309,-0.002351532407077454,0.0018959664190249014,-0.004239041379368289,-0.0026872821336150583,-0.0012607024158483315,-0.0011840173460770764,-0.00019980625119729844,0.0004778298211582762,0.00010399856483236506,-0.00032906119551396316,0.0,0.0,0.0,0.0,0.0,0.0,0.0,0.0,0.0,0.0,0.0,0.0,0.0,0.0,0.0,0.0,0.0,0.0,0.0,0.0,0.0,0.0,0.0,0.0,0.0,0.0,0.0,0.0,0.0,0.0,0.0,0.0,0.0,0.0,0.0,0.0,0.0,0.0,0.0,0.0,0.0,0.0,0.0
CR-8,201412,0.9156917118362539,0.5236343701950877,-0.1021190082432887,0.19180091290358056,-0.018316036586098636,0.2056196213831521,-0.0655379446906146,-0.10843632627831906,-0.05008251190209096,0.05936474101932741,-0.05702589101809391,-0.005266265490130154,0.035241272806102675,-0.013312302296554699,-0.0028461183149739574,-0.005809786919258058,-0.0029176530295701737,0.003170857843827471,-0.002307869984528168,0.008366726082989924,0.007100388244861288,3.066677534068844e-05,0.0021840810856933912,-0.002362311068912917,0.0012224760100879861,-0.0009217399722240337,0.0019308778077991866,0.0010114826009094346,7.799209438147141e-05,-0.00020502850958652492,0.00021185229497611504,0.0009364508973749891,9.298983975581306e-05,-1.1331675973006015e-05,7.181397353643301e-05,-1.881428568576412e-05,0.0,0.0,0.0,0.0,0.0,0.0,0.0,0.0,0.0,0.0,0.0,0.0,0.0,0.0,0.0,0.0,0.0,0.0,0.0,0.0,0.0,0.0,0.0,0.0,0.0,0.0,0.0,0.0,0.0,0.0,0.0,0.0,0.0,0.0,0.0,0.0,0.0,0.0,0.0,0.0,0.0,0.0,0.0
CR-17,201418,0.3476921846767095,0.04346540399550236,-0.09213189291059797,-0.2644440564079233,-0.1423638161508167,0.10608092534737162,0.242355235563807,0.049421408640084236,0.032318794638499224,-0.0015608488891573934,0.02402793634386346,-0.01029822023290051,-0.05923366028323129,-0.03859476139633456,0.021222984139159837,0.004479671072154116,0.022253656126311305,0.010316036591745932,0.005938162967166458,-0.027418848938053804,-0.0010421424577296498,-0.007156959047719675,-0.000394244366813082,0.004771973336411532,-0.00010561289270528653,0.002910651721905306,-0.003774611104189162,0.004498781974123906,0.00022978315553356628,-0.0003454098580810606,-0.0009723487690361648,-0.001881121498206108,-0.0002516246115709064,4.0005691967781286e-05,-5.783270750418359e-05,1.0738087528142914e-05,0.0,0.0,0.0,0.0,0.0,0.0,0.0,0.0,0.0,0.0,0.0,0.0,0.0,0.0,0.0,0.0,0.0,0.0,0.0,0.0,0.0,0.0,0.0,0.0,0.0,0.0,0.0,0.0,0.0,0.0,0.0,0.0,0.0,0.0,0.0,0.0,0.0,0.0,0.0,0.0,0.0,0.0,0.0
CR-23,201427,0.8601146327800162,0.5064799574020611,-0.08421154992130109,0.163720723984303,0.22620157973760105,-0.08264923155013987,0.10013993492179295,0.06891554989163032,0.04575334638777474,-0.02953150178601635,0.04689895213008266,-0.017796561887369295,-0.022201624664522718,0.022433634774297172,-0.0048590292597946285,0.006144957148742501,0.00739218215226641,3.299223085348985e-05,-0.004038242829219981,-0.0008104984402357636,-0.010072453012589437,0.0020158259775125953,-0.001325177560049444,-0.0008996539622999252,-0.002496477101832113,-0.0011694124336714424,0.0003721879479097962,-0.00080056812279044,-9.882453419181477e-05,-0.00042003634335828716,0.00041322228541343863,0.00018716051742751147,0.0002510729728421774,-8.005737237199576e-05,2.1727910496057087e-05,2.238334963826188e-05,0.0,0.0,0.0,0.0,0.0,0.0,0.0,0.0,0.0,0.0,0.0,0.0,0.0,0.0,0.0,0.0,0.0,0.0,0.0,0.0,0.0,0.0,0.0,0.0,0.0,0.0,0.0,0.0,0.0,0.0,0.0,0.0,0.0,0.0,0.0,0.0,0.0,0.0,0.0,0.0,0.0,0.0,0.0
CR-29,201430,0.08514595720297025,-0.039071332770397066,0.12455532746217046,-0.24437028221478227,-0.1357622980325301,0.11269245700543298,0.15218306342129853,0.08841293920732876,-0.06903067927500306,-0.03418148861497257,0.022744823384135308,-0.050195180873191164,0.024119349503473053,-0.01442572995707626,-0.004799397724542577,0.026634744905967376,-0.03356093450780274,0.006278024613702963,-0.003929544060697992,0.017680610785965396,0.003459714835469664,0.0209661112214932,-0.004441615619275248,-0.006289507058889243,-0.005674558611554191,-0.0033974989474028694,0.0010756076958899005,-0.0012361230952442526,0.00040783834782867227,-0.003778569317303084,0.0005388900451184417,0.002517248436077274,0.0012421388939121685,-3.97555196742266e-06,0.0005749810371368043,0.00013590194580542162,0.0,0.0,0.0,0.0,0.0,0.0,0.0,0.0,0.0,0.0,0.0,0.0,0.0,0.0,0.0,0.0,0.0,0.0,0.0,0.0,0.0,0.0,0.0,0.0,0.0,0.0,0.0,0.0,0.0,0.0,0.0,0.0,0.0,0.0,0.0,0.0,0.0,0.0,0.0,0.0,0.0,0.0,0.0
KL-CP-44,201503,0.1877957961510323,0.038262644342690943,-0.06916878128843887,0.006140918773633025,-0.00842812846258226,0.0466954363719779,-0.0021352110203723533,0.03774478392953412,0.0791769700487163,0.006862952988187244,0.00885603119043135,0.05397839014025712,-0.018227823598511085,-0.025035203547841153,-0.026503268812636437,0.007770017629788011,-0.0007493862652267703,0.0024081763556204495,0.020593772976565942,0.0033103496781925297,0.002911344453906611,0.008998247756410392,0.0018021629415798045,0.0023157631774669554,0.02384243391397931,0.0077318101480679845,-0.019362684471254332,0.0029212735276640347,-0.002694187165568449,0.0030539462989300323,0.0005154733461090896,-0.0007588647494847166,-0.0008125110974238115,0.000266186553014011,8.48953430149372e-05,-0.00035893139140259815,0.0,0.0,0.0,0.0,0.0,0.0,0.0,0.0,0.0,0.0,0.0,0.0,0.0,0.0,0.0,0.0,0.0,0.0,0.0,0.0,0.0,0.0,0.0,0.0,0.0,0.0,0.0,0.0,0.0,0.0,0.0,0.0,0.0,0.0,0.0,0.0,0.0,0.0,0.0,0.0,0.0,0.0,0.0
KL-CP-73,201520,0.5746211893438539,-0.3913534669332418,-0.7404689414038846,-0.22121541571465977,-0.06170457611225946,-0.1359066807516023,-0.12090880498684813,-0.011554783494064271,0.028512870839993015,-0.018326073160450238,-0.00917802751541063,-0.016784638199073564,-0.013319545813791614,0.01975450994865638,-0.017329149593833183,-0.006235404573130512,-0.01342112539198793,-0.003466557183516954,-0.00581332970840218,0.0068559139902922405,0.0028125748715611167,0.0007942830530602145,0.0010229330101990087,-0.0017244760649015266,6.160027702387016e-05,-0.00034644026394341145,0.002565238082964539,-0.0013868483549165612,4.937777516842965e-05,0.0001376654711666828,0.0003636556146011298,0.0005882954316208847,9.18182405904331e-06,-5.663854601574291e-05,1.741387209645401e-05,1.869820490076764e-05,0.0,0.0,0.0,0.0,0.0,0.0,0.0,0.0,0.0,0.0,0.0,0.0,0.0,0.0,0.0,0.0,0.0,0.0,0.0,0.0,0.0,0.0,0.0,0.0,0.0,0.0,0.0,0.0,0.0,0.0,0.0,0.0,0.0,0.0,0.0,0.0,0.0,0.0,0.0,0.0,0.0,0.0,0.0
Tri-43,201608,0.061694313437953216,-0.010000489329487144,0.09535011451138695,0.006088251334485079,0.021624386072040154,-0.049319841448669806,-0.046826805651460836,0.06849474422786317,0.0016251333803231436,-0.09472138409065507,0.04683504313595768,0.03740738220651538,-0.0012958794116611468,0.06312000861542119,0.02344587542363881,-0.0435780138011769,0.002218186974935774,0.020941539119418692,-0.0059831255390298595,-0.010798233046468514,-0.00945417807038066,-0.003614010357486829,-0.014425224947382182,0.00023205483117090192,-0.008382583104968915,-0.014765551417351284,0.0031353395216868027,3.4280810862500615e-05,-0.0026197168675432857,-0.004269640752405108,-0.004085982832612282,0.0020111403935997307,-0.00017575418019881211,0.0011045930645455387,0.001410038241422378,-0.0004596711372257206,0.0,0.0,0.0,0.0,0.0,0.0,0.0,0.0,0.0,0.0,0.0,0.0,0.0,0.0,0.0,0.0,0.0,0.0,0.0,0.0,0.0,0.0,0.0,0.0,0.0,0.0,0.0,0.0,0.0,0.0,0.0,0.0,0.0,0.0,0.0,0.0,0.0,0.0,0.0,0.0,0.0,0.0,0.0
KL-015,201658,-0.3405051394344369,0.08191128733894759,-0.12303677400530588,0.04599121362149954,-0.012978384006842073,-0.04287782016899537,0.10791363443715717,-0.11062003593651493,-0.031799261473615316,0.00785536098272092,-0.00885369482243888,0.03912643293596362,0.021764389559991246,0.0405626191338323,-0.04894922552454928,-0.03763015696499612,-0.015202020711692753,-0.004384639340357961,0.007065977584124358,-0.014100532164689867,-0.03314774633846022,0.0010993331352597388,-0.0013658305215336582,-0.010930932621726673,0.0031569847146590588,0.0017637125035661289,-0.005342677888903161,0.005551778728957603,-0.0020931523176863044,-0.002243008793891327,-0.0020648045217557974,-0.001080955562394146,-0.00025096484541840147,-1.0315230210221514e-05,-0.0003494512195749864,0.00016258993018542287,0.0,0.0,0.0,0.0,0.0,0.0,0.0,0.0,0.0,0.0,0.0,0.0,0.0,0.0,0.0,0.0,0.0,0.0,0.0,0.0,0.0,0.0,0.0,0.0,0.0,0.0,0.0,0.0,0.0,0.0,0.0,0.0,0.0,0.0,0.0,0.0,0.0,0.0,0.0,0.0,0.0,0.0,0.0
KL-248,201812,0.06771012423993568,-0.01762564934981335,0.029009945656576375,0.024032058878180485,-0.025469842368817996,-0.016897775382421952,0.040420329341612535,-0.050055270126012616,0.044108964795936685,0.00044003246385472224,0.014729132388848832,0.030899853352162592,-0.005662465964235494,-0.02700161804221465,-0.0023115864523251643,-0.00017489365508292258,0.02595144991761912,-0.014880390304806796,0.027707777916310877,-0.016105811942432383,0.021503988549584612,0.021113847993733385,0.006026486363327218,0.009642612063897264,-0.004339699970707353,-0.0026443216970733845,0.0173069405437212,-7.733417834593485e-05,-0.0018492242994073466,-0.009185146408777555,-0.008194638195972615,-0.000823939825894719,-0.0003216087826961309,-0.0002986278946923941,0.0006754124477616506,-0.0016072184130806416,0.0,0.0,0.0,0.0,0.0,0.0,0.0,0.0,0.0,0.0,0.0,0.0,0.0,0.0,0.0,0.0,0.0,0.0,0.0,0.0,0.0,0.0,0.0,0.0,0.0,0.0,0.0,0.0,0.0,0.0,0.0,0.0,0.0,0.0,0.0,0.0,0.0,0.0,0.0,0.0,0.0,0.0,0.0
proportion_explained,0,0.44656233113101373,0.18297221922921014,0.10076078435149277,0.057916407924250436,0.040470709716665366,0.032736475402756315,0.027481262286872834,0.01901833129490251,0.016073551378840353,0.014316642850156254,0.012775438091172382,0.010236348305965306,0.007731036782865472,0.006075679242617129,0.004319584011221395,0.004030654837282091,0.002829258803848913,0.002259769532197774,0.0020501354477412423,0.0017013159076611625,0.0015115728651084442,0.0014770592291666062,0.0010321509373477126,0.0008125140818710248,0.0006754482159681198,0.0005671622303290662,0.00044655857335341407,0.00036251075399521996,0.0002672432158404959,0.00021433160431311255,0.000127862569405595,9.135563934804186e-05,5.1950283467687375e-05,2.8249772571390054e-05,8.582593980206809e-06,7.51090520029872e-06,0.0,0.0,0.0,0.0,0.0,0.0,0.0,0.0,0.0,0.0,0.0,0.0,0.0,0.0,0.0,0.0,0.0,0.0,0.0,0.0,0.0,0.0,0.0,0.0,0.0,0.0,0.0,0.0,0.0,0.0,0.0,0.0,0.0,0.0,0.0,0.0,0.0,0.0,0.0,0.0,0.0,0.0,0.0
