sample,sample_uid,PC1,PC2,PC3,PC4,PC5,PC6,PC7,PC8,PC9,PC10,PC11,PC12,PC13,PC14,PC15,PC16,PC17,PC18,PC19,PC20,PC21,PC22,PC23,PC24,PC25,PC26,PC27,PC28,PC29,PC30,PC31,PC32,PC33,PC34,PC35,PC36,PC37,PC38,PC39,PC40,PC41,PC42,PC43,PC44,PC45,PC46,PC47,PC48,PC49,PC50,PC51,PC52,PC53,PC54,PC55,PC56,PC57,PC58,PC59,PC60,PC61,PC62,PC63,PC64,PC65,PC66,PC67,PC68,PC69,PC70,PC71,PC72,PC73,PC74,PC75,PC76,PC77,PC78,PC79,PC80,PC81,PC82,PC83
R306,243459,-0.14637109890690783,-0.3340492899355551,-0.29486308358102736,-0.08377852275033508,-0.08320756033844542,-0.11742193860738767,0.1765066246042166,0.007813881128770944,-0.06460519814313301,0.009889245819082277,0.00322572248939294,-0.06431803281322679,-0.022678928341377944,0.022753819157198346,-0.01206342973016655,-0.014041084530536324,0.013139705168810207,0.0034386887101686223,0.0015938379139957583,-0.010267225693037696,0.005006764211759428,-0.002274929536845092,0.003824490115592863,-0.0011017434453317852,-0.0015057257150399065,0.00326187871597519,-0.0039117461002924365,-0.0009356639286886258,0.002619080272601977,0.006147486240808829,0.006111119264117332,0.000986280475006273,-0.0014489934846045641,-0.0018125124131731063,0.0001855186240791901,0.0016864757023822227,-0.0005767851453927145,0.00026951330771461305,0.00013567521698506867,0.00010865687512840393,-0.00019391514792480323,-0.0004516522933631249,-8.991744782421887e-05,0.00010237843217063964,-8.938090043756625e-06,3.468831697237496e-06,0.0,0.0,0.0,0.0,0.0,0.0,0.0,0.0,0.0,0.0,0.0,0.0,0.0,0.0,0.0,0.0,0.0,0.0,0.0,0.0,0.0,0.0,0.0,0.0,0.0,0.0,0.0,0.0,0.0,0.0,0.0,0.0,0.0,0.0,0.0,0.0,0.0
DRTO24_SDS_53,244160,-0.11945401821048784,-0.44829956999453013,-0.20991703223041253,-0.1433899835319592,-0.11019429465256343,0.052424124414752596,-0.022225360210265083,-0.0028704979905542823,-0.0038854242817300154,-0.0010566134125218638,-0.015910150483695026,0.001103446662016748,0.00794345418715584,-0.0014201135769410182,-0.0035649399859355338,-0.015546113441844473,0.015920794717874005,0.008150807743184777,0.006825113481009267,0.022472748598438615,0.012046092684453898,0.0026949741933349125,0.014527821821851639,-0.019903962119027882,0.002428746853437941,-0.00397952093254763,-0.002728628745034614,-0.0026570644724118594,0.0007166912338620687,0.008351951738005677,-0.007155206599674121,-0.002312774131926141,-0.0028710180379780746,0.008844466908657006,0.0014188851841318549,-0.004938377137057955,-0.0020610984505067906,-0.001062457648274969,-0.0002390490275856516,-0.0005440409461048174,0.0016006533525075685,0.0001448034133573985,0.0008623364507729127,0.00031644947654455523,0.00010826687507796264,-1.8760000967365267e-05,0.0,0.0,0.0,0.0,0.0,0.0,0.0,0.0,0.0,0.0,0.0,0.0,0.0,0.0,0.0,0.0,0.0,0.0,0.0,0.0,0.0,0.0,0.0,0.0,0.0,0.0,0.0,0.0,0.0,0.0,0.0,0.0,0.0,0.0,0.0,0.0,0.0
R232,243392,-0.11169162667510033,-0.436901511703908,-0.2140173221239408,-0.14979647083254188,-0.09065867779498986,0.036742557621445786,-0.010646158051712538,0.01779034283007357,-0.00750400446126247,0.0023237610145032334,0.037335721171443445,0.013007743157798062,-0.02556681200476635,0.0006397000534797989,0.0069567898303928444,0.008208877733812235,-0.02353404874898344,0.008023795706171578,0.001196485804837155,0.030917068586648992,-0.008780384747946292,-0.011293215479026798,-0.007542983202070908,0.004084198404110319,0.0046463565770576126,-0.007840859224070882,0.004810863744515485,0.006751452114086495,0.0033494598663543476,-0.007799724877482461,0.005730300703985181,0.003038806380211054,0.00507033471664552,-0.004678871811853469,9.315446403228369e-05,0.002565159669886304,0.00203426256503879,-0.0009461767653522857,-2.880206653445407e-05,0.0005158833368764357,-0.00124906520018186,0.0004017247125164089,-0.00026797962443035085,-0.0002858565615207431,-3.438333020229015e-05,1.6895508051255542e-05,0.0,0.0,0.0,0.0,0.0,0.0,0.0,0.0,0.0,0.0,0.0,0.0,0.0,0.0,0.0,0.0,0.0,0.0,0.0,0.0,0.0,0.0,0.0,0.0,0.0,0.0,0.0,0.0,0.0,0.0,0.0,0.0,0.0,0.0,0.0,0.0,0.0
26_OFAV_004,243552,-0.026481957963255184,-0.06465915252995988,-0.04852588432655924,-0.015969610589579866,0.04532915832326881,-0.010895295795597736,-0.008838453073571787,0.0004530368373188013,-0.04262514139721556,0.007389568867312556,-0.010488877986908209,0.005496371722696204,0.004614701757064532,-0.0033124522611031647,0.0038054399935949757,-0.010703773149383445,-0.014897641613249892,0.0037003407773558246,0.0019609394253755187,-0.010620679003356275,0.01389875098738111,-0.0041561557484406444,-0.0028035917740273004,-0.000348180890648001,-0.0010227104061448368,0.0032506591083803875,-0.011807437142568381,0.000648415277360823,0.0033822815391272593,-0.0017664956080568573,-0.005223427939651672,0.0016921023427202376,-0.009288941125236021,-0.0024382936494823154,-0.0020319613104619826,0.0018930872533193836,0.005781440828361329,-0.0019358076228150538,-0.002140288824100302,-0.0008535958025923226,-0.0010377308624877615,0.0012299025473060036,0.002626148835864946,-6.38368326069722e-05,0.0006843216132246552,-8.541854814521774e-06,0.0,0.0,0.0,0.0,0.0,0.0,0.0,0.0,0.0,0.0,0.0,0.0,0.0,0.0,0.0,0.0,0.0,0.0,0.0,0.0,0.0,0.0,0.0,0.0,0.0,0.0,0.0,0.0,0.0,0.0,0.0,0.0,0.0,0.0,0.0,0.0,0.0
DRTO24_SDS_156,243998,-0.10677926097724243,-0.4581207743532694,-0.01423416243618883,-0.12618130187633214,0.16887640994337505,-0.04423992740398761,0.012520742171756045,-0.005289138381202525,0.09221391558796183,-0.03739720543197114,0.0007165947263485477,0.029745409026691524,0.028053687723463627,-0.016877207799212972,-0.013074297084951704,0.026624519622342243,-0.006628203660806681,0.0107573363210451,-0.01063083155258374,0.00949490886513145,0.0010303779419573221,0.0006189634373156295,0.0021144825060290073,-0.0068365249871456535,-0.00268719038936281,0.0014052667749852343,-0.0001850739643898853,0.00039910498025943456,-0.00039535572393364243,-0.0011268015832344145,0.0011222427583932556,0.0001886011797507766,0.000877950988771727,-0.0009613524190244415,-0.0009197722002538861,-0.0005748762764487334,-0.0009809401658851288,-0.00122132903071696,-2.5189537105306444e-05,0.0006957527409369257,0.0005028677803102829,0.0007739007581133133,-0.00017779079685552147,-0.00012908211644482875,-2.8650717414919655e-05,1.570107265158967e-05,0.0,0.0,0.0,0.0,0.0,0.0,0.0,0.0,0.0,0.0,0.0,0.0,0.0,0.0,0.0,0.0,0.0,0.0,0.0,0.0,0.0,0.0,0.0,0.0,0.0,0.0,0.0,0.0,0.0,0.0,0.0,0.0,0.0,0.0,0.0,0.0,0.0
R114,243276,0.005052760080887076,-0.010651611797806463,0.0197968037661074,0.010386390278676601,-0.00814019716201026,0.004742671702479614,0.005713661773020822,-0.0021210110496935413,0.016751253409828536,-0.011377796185089176,0.008187416210636764,-0.004881642275354661,-0.007166827544462195,-0.007665174176455631,0.0073557018236549716,0.007135331784485595,0.002784534160596998,-0.004733184368553798,-0.005779678533206779,9.601809866674265e-05,-0.005048613872135808,0.012064714037506126,0.004861078300582093,-0.0021784146690284312,0.007181623296043372,-0.0005978706179062633,-0.0041570510512176,0.003106161834635121,0.01033372522908355,0.006524554308491987,-0.006687327153129763,-0.0022538423665511747,-0.0018219272488217248,-0.004156682559023644,-0.006034840818790423,5.153953105405856e-06,0.0014126011214403477,0.009275152818200644,-0.003020864092932761,0.007297739424884807,0.002893979617093921,-0.0012090298165903907,0.0007542287403540212,-0.00018933028875317727,4.070327570810758e-05,-8.033700779120355e-05,0.0,0.0,0.0,0.0,0.0,0.0,0.0,0.0,0.0,0.0,0.0,0.0,0.0,0.0,0.0,0.0,0.0,0.0,0.0,0.0,0.0,0.0,0.0,0.0,0.0,0.0,0.0,0.0,0.0,0.0,0.0,0.0,0.0,0.0,0.0,0.0,0.0
R233,243393,-0.07353848644951887,-0.33953294557635894,-0.05945137312753532,-0.08336646430748525,-0.07140969167505543,0.05396501268919156,-0.09427666730434228,-0.003828732996560362,-0.054417461737788705,-0.005216686021143487,-0.01346448514947707,0.033693163186936735,0.006734440102770099,-0.013460980162550968,0.008667725411417745,-0.006077458094355021,0.013087083791646454,-0.00476918475407232,-0.005722934915645454,-0.01943448800348884,-0.01770360341330549,0.0077298622453196705,-0.006219901556670298,0.010666171039226699,-0.010249981176091667,0.015751547141317362,-0.006291533367039815,-0.004223728052785826,-0.0025000515170312504,-0.0008330883549636603,0.002365760869491783,-0.0013182790123165513,-0.008740785078244266,-0.013444912479573457,0.0008977155385539448,0.005904007925873691,-0.00029276244255364354,0.00046054612936862664,0.0005514506755423013,0.0016435593305214355,-0.0014803346349478341,-0.0004376341177911696,-0.00099650519675363,-0.00018423121233273904,-4.231962068801171e-05,1.9585175466767208e-05,0.0,0.0,0.0,0.0,0.0,0.0,0.0,0.0,0.0,0.0,0.0,0.0,0.0,0.0,0.0,0.0,0.0,0.0,0.0,0.0,0.0,0.0,0.0,0.0,0.0,0.0,0.0,0.0,0.0,0.0,0.0,0.0,0.0,0.0,0.0,0.0,0.0
26_OFAV_007,243553,-0.011426931258906713,-0.043069076464669974,-0.006202484269054384,-0.012398152952248411,0.024207577843494265,-0.00018456272973901513,-0.005811091199930609,0.0018044859587301209,-0.04209168537285472,0.006398257084266252,-0.0013886710510415334,-0.018837176593198144,0.014452618314849338,0.01797489130644789,-0.004303625342979173,0.011459435870766435,-0.008081261268320346,0.010106195152779869,-0.002841727490253825,0.006672671537072225,-0.001159269885805431,0.00877792364552389,-0.010232620572272436,-0.003550418007801941,0.010707090345147491,0.016015358954196347,-0.006869431322794843,-0.0013190729430404085,-0.009502049104255438,0.008344981869792418,0.0023266249910687286,-0.0010202895732367842,0.01061880608133371,0.0021216569816991326,-0.0032178311864307623,-0.0020555564572647986,-0.006554658496775259,-5.5604379350930375e-06,0.00040868897662493233,0.002674869853882495,0.0005107595771046605,0.0014457124196676336,-0.0002163727999219395,0.0006058591256095508,-0.00018605254785844698,6.013669695272336e-05,0.0,0.0,0.0,0.0,0.0,0.0,0.0,0.0,0.0,0.0,0.0,0.0,0.0,0.0,0.0,0.0,0.0,0.0,0.0,0.0,0.0,0.0,0.0,0.0,0.0,0.0,0.0,0.0,0.0,0.0,0.0,0.0,0.0,0.0,0.0,0.0,0.0
37_OFAV_001,243564,-0.008630288049765625,-0.07305330111648271,-0.0067210515828441154,0.11557854733399814,0.007246858775738217,0.0016906311093054678,-0.006907378186983832,0.0052720383637587,-0.024378440639044957,0.0019358957519477384,-0.0028179281183969814,-0.020394835690511905,0.009084877224497143,0.0070073833446779,0.002716031870407522,-0.015887212686613653,-0.014058867775856403,-0.005760507957962579,0.003621538755016953,0.012912856110321499,0.010395966191623,-0.006852066255124563,0.004186110110123796,0.008467085581825403,-0.027751017277676506,0.001330421091409173,0.0042124409361993425,0.0025705637986262408,-0.0058060049456533196,-0.0030241306217849285,-0.009024343152221679,0.008018459183514242,0.00877535835067436,-0.003971212209245173,7.024795253957648e-05,-0.0015257444907376457,-0.002921761517136293,-0.0010701167968731784,0.0008872188555317325,0.0019445491478904532,-0.0006410469109190578,0.0011028547747127296,0.0004859293646352912,-0.0006904410700653236,-0.00012992230355295413,6.5344849473676e-05,0.0,0.0,0.0,0.0,0.0,0.0,0.0,0.0,0.0,0.0,0.0,0.0,0.0,0.0,0.0,0.0,0.0,0.0,0.0,0.0,0.0,0.0,0.0,0.0,0.0,0.0,0.0,0.0,0.0,0.0,0.0,0.0,0.0,0.0,0.0,0.0,0.0
37_OFAV_002,243565,0.003773771044885172,-0.02429734619334787,0.024259058891670033,0.0023905690949720367,-0.013276736123421696,0.0012028799381176654,0.010217478434642878,-0.003964332982368046,0.010306747427454261,-0.009192226926801675,0.006144664263163859,-0.01100303538349147,-0.011581520257122118,-0.006505459187406061,0.0011598793250230197,0.004677135011410038,0.0028667431073787263,-0.00391850576681268,0.0008316034746668339,-0.0021836682763339693,-0.0002808769783499344,-0.00037784796671363346,0.002786707385796023,0.004212013428451622,-0.001670555423696533,0.0004901324236888884,-0.00760791064809124,0.007122387664171069,0.004262173370078287,0.0051166312980217895,-0.007715636412663257,0.0011324549321476997,0.005051080562734537,-0.003556039322718591,-0.007244247003847281,-0.003540049256902824,-0.0016203916362781384,-0.002336190968859313,0.004821060002606384,-0.003176054163287949,0.0011155014312516402,-0.0007401213153162389,-0.0011041373419548395,-0.00045015503431590314,-0.00034389253379876983,0.0003804518232509145,0.0,0.0,0.0,0.0,0.0,0.0,0.0,0.0,0.0,0.0,0.0,0.0,0.0,0.0,0.0,0.0,0.0,0.0,0.0,0.0,0.0,0.0,0.0,0.0,0.0,0.0,0.0,0.0,0.0,0.0,0.0,0.0,0.0,0.0,0.0,0.0,0.0
38_OFAV_004,243574,0.001833780189899834,-0.023632034892849627,0.015515117825864073,0.03397297251569994,-0.004929645810846599,0.0040200616354865645,0.007208234385466965,0.000828795025673591,0.010547104064039697,0.006184673042558746,7.098614097964324e-05,0.0030459111387854433,0.008089151923527075,0.015563904071766811,-0.01996510606797084,-0.00432699514591317,0.0034032132578177294,-0.002204771292891544,0.016825113366966522,0.006690616921596277,-0.006351036195632597,-0.007427801523875973,0.008262651976974643,0.005929892963095315,0.00339789402304629,-0.005567771043121603,0.011218098382552685,-0.0051426207079947025,-0.0035338689505323485,-0.005816046030468921,-0.0010735339330911833,0.0015196515969420185,-0.007390807689607667,-0.006122267792593408,0.00033984341798965904,-0.0011566248776705235,-0.0020721939644285335,0.00524251723641819,0.00044762244905843297,0.0022176984137396148,-0.002974584940910962,5.617105685580009e-05,0.002312944718224224,0.0021728950902043555,-4.675759065542065e-05,7.798126095304715e-06,0.0,0.0,0.0,0.0,0.0,0.0,0.0,0.0,0.0,0.0,0.0,0.0,0.0,0.0,0.0,0.0,0.0,0.0,0.0,0.0,0.0,0.0,0.0,0.0,0.0,0.0,0.0,0.0,0.0,0.0,0.0,0.0,0.0,0.0,0.0,0.0,0.0
39_OFAV_001a,243580,-0.07396380871237859,-0.15207486183576086,-0.23529812469119987,-0.046670491089123814,0.059410034053609014,0.011772951468003248,0.05858607075631041,0.003002218209582479,0.05466056395664212,0.009120784928177555,0.005770728079490824,-0.003827027370836819,0.02047246001771126,0.007556139501191321,0.017979879590369827,0.007345738567193202,-0.01666177027477874,-0.01097017966344251,0.008507588900897256,0.01846961319247684,0.001167273613116318,-0.0007633609744962216,0.0014913696693128137,-0.00556911556025079,0.009376274798149759,-0.004891183540062282,0.001156037810315362,-0.0010495115373868557,-0.000382790250053803,-0.005236102031530068,-0.011609589054684252,-0.0016748485461912622,-0.0005582400836400198,0.0008629897473981487,0.0011304866180704034,-0.0022364648709989176,0.0004055084834886716,3.319757733953122e-05,-0.0001015101159831587,-0.0004994351550364813,-0.0006023878854535945,0.0003546475364984069,5.404613712253028e-05,-7.028027786784166e-05,-1.542041954549659e-05,7.6255913134737985e-06,0.0,0.0,0.0,0.0,0.0,0.0,0.0,0.0,0.0,0.0,0.0,0.0,0.0,0.0,0.0,0.0,0.0,0.0,0.0,0.0,0.0,0.0,0.0,0.0,0.0,0.0,0.0,0.0,0.0,0.0,0.0,0.0,0.0,0.0,0.0,0.0,0.0
4_OFAV_007,243588,-0.011812504311153745,-0.08394932536898622,-0.025570936805604877,0.15561700350939298,0.016212477954395333,0.003518222927550675,-0.015174747447778393,0.009838076113581947,-0.022149439890457347,-0.0028639998590235687,-0.005660023918955185,-0.005728501651664433,-0.0036729943392798223,-0.0035003495706185587,0.013924885752821494,-0.01405115690962717,-0.011998082710790104,-0.008800091475247749,0.00479389998260897,0.0004250167931331029,0.006870934630324971,-0.0275256817843411,-0.0008123276995802201,-0.00784801052557938,8.919548977011818e-05,0.004301566223415048,0.011106682553576193,-0.004126580858107967,0.009912977035230645,0.00317584634968333,-0.006568532975886261,-0.0021906439509959447,-0.004888294730614699,0.0007238609928370195,-0.007945054999540716,-0.003170885915756757,-0.0012757221262660963,0.0018284671503304814,0.0007499283986924719,-0.0018685089741581795,-0.0012059900697181597,-0.0020212309402713804,-0.0013148405254063454,-0.00037572246586081395,-0.00017377379748218278,-1.8994132709103494e-05,0.0,0.0,0.0,0.0,0.0,0.0,0.0,0.0,0.0,0.0,0.0,0.0,0.0,0.0,0.0,0.0,0.0,0.0,0.0,0.0,0.0,0.0,0.0,0.0,0.0,0.0,0.0,0.0,0.0,0.0,0.0,0.0,0.0,0.0,0.0,0.0,0.0
43_OFAV_011,243594,-0.0070399913277301935,-0.05591174506570257,-0.011200408898897288,0.11062358369721711,0.013564365840337208,0.0032946956164342737,-0.012947970004408286,0.0037767662891790314,-0.016356070780530647,0.0005120140332973569,0.0008160469038953812,-0.011826645988510843,0.009238019006781917,0.0036187125810316903,0.005597520514999394,-0.0085909140929754,-0.009383618119190603,-0.006217673693567587,-0.0027341051614858886,0.010277086575150756,0.0037181883321916647,0.003614147473020406,0.005224058955788243,-0.003173388289116913,-0.013392853325923349,-0.010489214606809343,0.005690312122607091,0.0017531510985170067,-0.0032661437511873367,0.0007439690367664125,0.0027988339176534278,0.0006969959255129791,0.0011157061979345196,0.002646413783308897,0.011847435610234758,0.007642129230748545,0.001136703334479747,0.004133569465106335,0.0008923115316416556,-0.0021717344765084493,-0.002627481970796374,0.0018200219260432623,-0.000966228467315465,-0.0009176507340969166,0.0005766641019891483,-4.667125356386183e-05,0.0,0.0,0.0,0.0,0.0,0.0,0.0,0.0,0.0,0.0,0.0,0.0,0.0,0.0,0.0,0.0,0.0,0.0,0.0,0.0,0.0,0.0,0.0,0.0,0.0,0.0,0.0,0.0,0.0,0.0,0.0,0.0,0.0,0.0,0.0,0.0,0.0
ABE_OFAV_003,243608,0.003928004924633701,-0.023124194834187817,0.02451941290292193,0.0004744425803058287,-0.012892885953766524,0.002108770875430889,0.012663430398819715,0.004027818421069605,0.016002663929978424,-0.004766456902152027,-0.0021487140282831097,-0.008934118730918105,-0.0007053918159653348,0.0004240983976472147,-0.002592337837503816,-0.01341517874329641,-0.005346954313052792,0.004410270547714527,0.0034988887399724634,-0.00037066662892297096,0.0049236942419969175,-0.0036928445736195744,-0.00824268474654313,0.0027458260119615084,-0.006487616652808989,0.009475762231911593,-0.004839977942687897,-0.0006551564713660133,-0.0008293616525369889,-0.0004151998965003817,0.004748975119915869,0.001171952957844818,0.0016884132756139192,0.0007159763254936353,-0.0018086306172970792,0.002767491317499406,0.0004753014995331293,0.0019797693555132717,-0.0029319225377830746,0.0013546359863614728,0.00025520072933067265,-0.002740554862091049,-0.00032774830221809364,-0.0012045551226883178,0.0032246986040418597,-4.651203426999799e-05,0.0,0.0,0.0,0.0,0.0,0.0,0.0,0.0,0.0,0.0,0.0,0.0,0.0,0.0,0.0,0.0,0.0,0.0,0.0,0.0,0.0,0.0,0.0,0.0,0.0,0.0,0.0,0.0,0.0,0.0,0.0,0.0,0.0,0.0,0.0,0.0,0.0
BDA_043,243641,0.4635551936645705,0.18161380803121135,-0.02105559633584343,-0.03389220998330866,0.012573303560027891,0.007484599616437482,-0.010069288485034548,-0.0016208208048173194,-0.0035654870606305405,-0.02411849961438164,0.009849742801502628,-0.030523552065213573,0.0018211970865679352,-0.00861048267986385,0.031031492308092528,-0.003804819088138222,-0.007294356159815985,-0.02000287855466597,-0.029389784110462756,0.01786330303373859,-0.005864928841099485,-0.010454831704403441,-0.004444607842204505,-0.0058134119400669,0.0010381520575464692,0.00694183971938247,-0.002492661331094998,-0.004874487408744308,0.002621162587419293,-0.0014053651882399737,-0.001312123085130058,0.003239063041149794,0.004280772361613676,0.001575051675721476,-0.007343912588758912,-0.0022933283523163712,0.0022931919244230737,-7.21077596623566e-05,0.0026509826640166477,0.0013384481526316026,-0.0010287205526960217,0.0018024692411581914,0.00020464365472735354,-0.00019820184879232317,0.0001426227483342345,2.528441164615517e-05,0.0,0.0,0.0,0.0,0.0,0.0,0.0,0.0,0.0,0.0,0.0,0.0,0.0,0.0,0.0,0.0,0.0,0.0,0.0,0.0,0.0,0.0,0.0,0.0,0.0,0.0,0.0,0.0,0.0,0.0,0.0,0.0,0.0,0.0,0.0,0.0,0.0
BDA_109,243699,0.5210274662695192,0.20796540810450442,-0.02920565360006448,-0.028081075280007188,0.014999997650991135,0.03763086563993718,0.0066442178983519605,0.06624676472128024,0.0008512404155392975,-0.012473030327839708,-0.054706074213693515,0.01797219833164822,-0.029693191219945392,0.0433037133418307,-0.03402182857811643,0.010872724896704211,-7.22664841721554e-05,-0.04312526554862192,-0.02037130806623443,0.009106389086325044,0.0034683223965904864,0.013992995538509346,0.0015058636416042082,-0.008372600825492096,-0.007593538569325062,0.008437247489403454,-0.005708881666509261,0.03380630126890626,-0.003263703201861695,-0.00713945037826457,0.0013359982604407123,0.009982696349247196,-0.014740797997443385,0.005429685830472151,-0.0015312365616344283,0.000976634613391995,-0.0016989043408917213,0.001443888947969504,0.0010861548179167436,8.611630117566934e-05,0.00013255349774268587,1.2218849856134485e-05,-0.00022836824818436746,-2.4114690052256763e-05,-6.385537767342262e-05,1.8954509806383962e-05,0.0,0.0,0.0,0.0,0.0,0.0,0.0,0.0,0.0,0.0,0.0,0.0,0.0,0.0,0.0,0.0,0.0,0.0,0.0,0.0,0.0,0.0,0.0,0.0,0.0,0.0,0.0,0.0,0.0,0.0,0.0,0.0,0.0,0.0,0.0,0.0,0.0
BDA_130,243717,0.35261956924984783,0.23937815531244433,-0.02285695814714188,-0.048956985926493155,-0.04772744664882782,-0.18147263308048117,-0.05336587774243522,-0.013327760149105576,0.018265876599625606,-0.0024639466716356454,-0.0203334657480259,0.0024439764583279815,0.003132512814398974,0.021803522460715263,0.0050098770157309385,-0.008801560997542819,0.011226864123507442,-0.0028635847548467196,-0.04370977045970247,0.01351759407203588,-0.008445454558680166,-0.02679315554805835,-0.004827241286348385,0.0183998909018303,0.010116939089102515,-0.008772458445303076,-0.006436173110790401,-0.0019470384449891366,-0.008698135404311436,-0.0017365217406286521,0.0015682097263081097,-0.012592730348580565,0.0034785769735418406,-0.0015547754507811802,0.004963536756796038,-0.0006624872830644582,0.00026466888110070376,0.0017113607706190906,0.002389634469662338,0.0001517324334975764,-0.0007377319288699911,-0.0006358693773775253,0.0006615786904446709,-3.3426162205049354e-05,0.00020782139825679849,-2.130682714370949e-05,0.0,0.0,0.0,0.0,0.0,0.0,0.0,0.0,0.0,0.0,0.0,0.0,0.0,0.0,0.0,0.0,0.0,0.0,0.0,0.0,0.0,0.0,0.0,0.0,0.0,0.0,0.0,0.0,0.0,0.0,0.0,0.0,0.0,0.0,0.0,0.0,0.0
BDA_139,243725,0.47697989554496767,0.1945685441390925,-0.02746850561911491,-0.031094633071882344,0.009176613242252383,0.011552092227516644,-0.0022054656342127797,0.020666272064972773,0.002456538389231786,0.00447162469257018,0.009196287638797145,0.023564658319258948,-0.008449819731973781,-0.0005543708663172467,-0.0024631770645130763,-0.007155040680717997,-0.018864141796506098,-0.004414163678292684,0.01370839641841539,-0.0014843116793476713,0.013761975458083196,0.015524767908939946,0.01888128118488264,0.0027463269869723523,0.010611844421110971,0.01563911178630939,0.014925528752455081,0.005581416552277474,-0.007497275197069432,-0.005791525252504099,0.005830417760121468,-0.008436339473042415,0.015745433127990677,-0.007820325885159811,0.00954819272006459,-0.0040168867411762635,-0.001753710329717188,0.001933636984974107,0.005617845425799051,0.0011158039441953745,0.0022946088183599077,0.0014437923852282653,-0.00018485053158250877,-0.0008058090334604499,9.211257420578348e-05,3.353622008678829e-05,0.0,0.0,0.0,0.0,0.0,0.0,0.0,0.0,0.0,0.0,0.0,0.0,0.0,0.0,0.0,0.0,0.0,0.0,0.0,0.0,0.0,0.0,0.0,0.0,0.0,0.0,0.0,0.0,0.0,0.0,0.0,0.0,0.0,0.0,0.0,0.0,0.0
BDA_144,243728,0.4639128670066176,0.18913661821888894,-0.02291130330387972,-0.0285147927990706,0.016691425473835262,0.024612633122542363,0.0010010207802540845,-0.0030485917052884637,0.01051820380542783,-0.017544981911768735,-0.03843894731117933,-0.01758160381747703,0.030836305116574633,0.005830972388879398,-0.022264650561749408,-0.0162473272888627,0.027974805044103154,0.0037232368180374104,-0.004962838462525093,-0.014785452612161333,-0.00512698092629352,-0.00876232244367836,-0.0012695328034376487,-0.01682934953683272,-0.005049813912813092,-0.009475018220087499,0.0069602740909901345,0.0034806011239160353,0.0016589868559517057,-0.0018750688348575365,-0.004162771451485006,-0.013494787351653778,0.0017316693195497269,-0.004054355058990089,0.0027292013965955915,-0.002898614916212748,0.00020640534831624206,0.0009628958495536515,0.002628107514795813,0.00037350884905616396,0.0015548483176602628,0.000355878628020254,0.0004318107094952291,-0.0003517262376417623,0.00014372199383992114,1.1782233256793943e-05,0.0,0.0,0.0,0.0,0.0,0.0,0.0,0.0,0.0,0.0,0.0,0.0,0.0,0.0,0.0,0.0,0.0,0.0,0.0,0.0,0.0,0.0,0.0,0.0,0.0,0.0,0.0,0.0,0.0,0.0,0.0,0.0,0.0,0.0,0.0,0.0,0.0
BDA_158,243738,0.46230736553284046,0.18842120203295562,-0.02262105168637745,-0.03208852793286836,0.013765821134155466,0.011260782471998047,-0.0049832693832224705,-0.0040460596364297035,0.006236431482603311,-0.006462821565472025,-0.006659584367906552,-0.007641310347187383,0.00999725898718521,0.01109070953547973,0.010127293610418728,-0.005490924897775713,-0.0017281186374888966,0.006910578068990516,-0.01528309041772079,0.008423837425700537,-0.014778540362019225,-0.01248219527890051,0.0036332502269103358,0.012397067877605594,0.008713223145178094,-0.007512311291186687,0.0014208261219692216,0.0035656972559431894,-0.0034366402750866253,-0.0019984259539882207,-0.0012753422348338718,0.015145826015566279,-0.0010647840065859278,-0.005274846910761551,0.006641437538524825,0.0023805152157128427,-0.000332884892878758,-0.00677750027267848,-0.012594509532663146,-0.0031106413790125227,0.0009902049199706786,-0.0011249564943851993,-0.00031484971053035126,0.00025280397688173464,-0.0002851920121836816,-1.8582722504002386e-05,0.0,0.0,0.0,0.0,0.0,0.0,0.0,0.0,0.0,0.0,0.0,0.0,0.0,0.0,0.0,0.0,0.0,0.0,0.0,0.0,0.0,0.0,0.0,0.0,0.0,0.0,0.0,0.0,0.0,0.0,0.0,0.0,0.0,0.0,0.0,0.0,0.0
BDA_177,243756,0.4424046542708154,0.2808951191197184,-0.028962109912018284,-0.05346812330722933,-0.06332394503141967,-0.23586045341839096,-0.0664430526225185,0.006907294854500978,0.010508498406791196,0.03747447178361328,0.006990778427006812,0.019118391107662967,0.01435218285894939,-0.015579051075153654,0.003584025636028478,0.004404100245003704,-0.02321090254793004,-0.0014968870432449219,0.03923322190085108,-0.012743409219022447,0.001821419493798569,0.01982158891866037,0.005283337790799349,-0.019391473670550538,-0.007207335458728311,0.004367750660500055,0.00560145749061578,0.000873909297178713,0.0024489764379630797,-0.0005851286087671702,-0.0033168252084063475,0.010172778077238482,-0.003428598806545153,0.0015023504715556118,-0.003980646496474209,0.00029293382340974555,0.000712643757402885,-0.0011769530358654566,-0.002114875475208672,-0.0001012012027468808,0.0008059888206162083,0.00046420442402698905,-0.0005236570740701806,-5.794763874670559e-06,-0.00015762495490630592,1.0847312194185454e-05,0.0,0.0,0.0,0.0,0.0,0.0,0.0,0.0,0.0,0.0,0.0,0.0,0.0,0.0,0.0,0.0,0.0,0.0,0.0,0.0,0.0,0.0,0.0,0.0,0.0,0.0,0.0,0.0,0.0,0.0,0.0,0.0,0.0,0.0,0.0,0.0,0.0
BDA_207,243780,0.49586696308801614,0.19902106651340046,-0.02423944377043835,-0.03187439276144943,0.016070465761462586,0.025455582941412976,-0.0001670679554313771,0.01960588908784252,7.326749056245543e-05,0.017600842569483018,0.04819821341524566,-0.0056418285205024265,0.011821594402274514,-0.013996053778126724,0.0018405776916826612,-0.0051833104803435245,0.004049085248784324,0.03198663327033827,0.0010759999297713524,0.00020566899869275528,-0.005291421380546493,-0.008764473923911836,-0.003074680521591088,0.020737833614497464,0.0015099995029193175,-0.014615997984870352,-0.002436202274809416,-0.012935142523513597,-0.008124575534580113,0.0035294266670348605,-0.0022510723522613857,0.016911108765417,-0.018032923354418137,0.010392199866881866,-0.0009011522036508903,0.00026801125545429126,-0.005358665287557422,0.0059257903718148465,0.007680643156630327,0.0025452500742804878,0.0032442299239335594,0.0014319440597517182,-0.00043917872795245377,-0.0008206188707041327,-5.393762345155186e-06,5.2073674276548185e-05,0.0,0.0,0.0,0.0,0.0,0.0,0.0,0.0,0.0,0.0,0.0,0.0,0.0,0.0,0.0,0.0,0.0,0.0,0.0,0.0,0.0,0.0,0.0,0.0,0.0,0.0,0.0,0.0,0.0,0.0,0.0,0.0,0.0,0.0,0.0,0.0,0.0
BDA_211,243784,0.4904540867676843,0.19256378861199874,-0.0227296353381749,-0.032061656858307634,0.016743636830755148,0.028190806047136446,-0.0030072674933913374,0.03927072108913358,-0.005145392647897637,-0.007511533887014553,0.025890526850018962,-0.031003746593546575,-0.0034089153778794814,-0.026013400147554145,0.02880403022137335,0.011671519362494762,0.000982822625498955,0.022222228032246803,0.01627066109949428,0.0022069001797155588,0.007790378701888034,0.009559959788182745,-0.011113949578489312,-0.004571227626251035,-0.01728641195075257,-0.002324699125000386,-0.002352747568334091,0.0008776732552818485,0.002500330368079145,-0.013380134025190197,0.009436451896671947,-0.011695808834269777,-0.0037815919065541112,0.0007451132836016868,0.00845522260771657,-0.0028198234611975983,-0.007646323592869358,0.0018589400155317984,-0.00560756581481933,-0.002470843151370613,-0.0007260392622036382,-0.0014243494723138223,0.0006472465324926027,-0.00010998825067495797,-5.0044658357203156e-05,3.897314556168103e-05,0.0,0.0,0.0,0.0,0.0,0.0,0.0,0.0,0.0,0.0,0.0,0.0,0.0,0.0,0.0,0.0,0.0,0.0,0.0,0.0,0.0,0.0,0.0,0.0,0.0,0.0,0.0,0.0,0.0,0.0,0.0,0.0,0.0,0.0,0.0,0.0,0.0
BDA_239,243803,0.5120183605010868,0.20556379376609504,-0.02907276284606868,-0.02956188428640143,0.013198974858039928,0.026566501984797704,0.002061131692284102,0.06038453456149549,0.0015902968151696286,-0.009670324214435973,-0.04409388128287657,0.01693818396639019,-0.028701318176719205,0.03194228923386506,-0.013210080839206332,0.018385928341182158,-0.01112079047459431,-0.010555362414968895,0.008597543126253932,0.006021472283391734,-0.0030960897194653478,0.017617145403493076,-0.0042376516686086245,0.007694824861134807,-0.022232138587522723,-0.025947812557294992,-0.010456225204138992,-0.03765569863872739,0.006231897844336615,0.010692072206180498,-0.002059401931688946,-0.007604961906530634,0.0067675929168115115,-0.0013220235412183896,-0.005356100866432085,0.0019430085679459901,0.002592833658429123,-0.0022826535836489754,-0.0016397516099811455,0.00047755688350415424,0.00047013453089643926,0.0008777547606187723,-0.000587968285450905,3.950523151656749e-06,-0.00015015846869372013,2.422200252593666e-05,0.0,0.0,0.0,0.0,0.0,0.0,0.0,0.0,0.0,0.0,0.0,0.0,0.0,0.0,0.0,0.0,0.0,0.0,0.0,0.0,0.0,0.0,0.0,0.0,0.0,0.0,0.0,0.0,0.0,0.0,0.0,0.0,0.0,0.0,0.0,0.0,0.0
BDA_254,243810,0.4910860493306007,0.17616252465525434,-0.02495131974983547,-0.015244629709882655,0.0073091387558390924,0.033535733543907556,0.014600494760761088,0.0050634086153739976,-0.0010222460470168128,-0.032421103954288016,-0.08534351025006763,-0.04099777577688758,0.02668129095309018,-0.027962603360858894,0.05858270184826343,-0.002056887401025755,0.008932804552906456,0.034059295921571496,0.0023060549506051294,-0.008632087551892324,0.007526317461059337,0.01698753961274096,0.01893823050799654,0.02026995039378846,0.016574616123398403,0.005402148641324274,0.002928874654478978,0.008405490112974442,0.0015533998060663484,0.003724058318543609,-0.004169883878484478,0.0046419085530112385,0.0020915135309902987,-0.0018758508343822895,-0.002743299012233321,0.0017719342724720915,0.002818727407165939,-0.002055606078491908,6.665024000345077e-05,0.00040222423205330877,-0.0004917979781383058,9.85510996160534e-05,-0.0003985634014972698,0.0003973156645037458,-5.37479253453851e-05,-1.0824770312329818e-05,0.0,0.0,0.0,0.0,0.0,0.0,0.0,0.0,0.0,0.0,0.0,0.0,0.0,0.0,0.0,0.0,0.0,0.0,0.0,0.0,0.0,0.0,0.0,0.0,0.0,0.0,0.0,0.0,0.0,0.0,0.0,0.0,0.0,0.0,0.0,0.0,0.0
BDA_264,243814,0.47861039204028477,0.19364919516143206,-0.023650437971822598,-0.03239773145178217,0.01705061888116614,0.02507195552066178,-0.002609165577137462,0.029305040987609762,0.002695325208021855,0.003529021734908924,0.011243563484001386,-0.006131250852341581,-0.002926073274325609,0.0019318132650442991,-0.00645718972472121,0.014452294646041029,-8.391076315689117e-05,0.01983964526893226,0.016003717068541114,0.0007471755988290033,-0.010920588087271676,0.00038000651780800747,-0.007739887972820493,-0.004448859822746502,-0.010987049588573574,-0.004741587190367573,-0.002666491854321142,0.009291738073651776,0.006710581401327847,-0.0006784540662583649,-0.0005974001585565766,0.0004325482138641105,0.0033487589348997595,-0.004554591968554471,0.0014477593488601648,-9.714966265296245e-05,0.006444495008114932,-0.00010213822484595364,0.006275399920533685,-0.001570490336301543,-0.005650374863959934,-0.0028765915086982076,0.0013466732100096282,0.0011374820884499828,0.0005171600687996107,-0.00015587597330661484,0.0,0.0,0.0,0.0,0.0,0.0,0.0,0.0,0.0,0.0,0.0,0.0,0.0,0.0,0.0,0.0,0.0,0.0,0.0,0.0,0.0,0.0,0.0,0.0,0.0,0.0,0.0,0.0,0.0,0.0,0.0,0.0,0.0,0.0,0.0,0.0,0.0
JOES_OFAV_004,244227,0.004274160166162636,-0.018733159030581027,0.022275784133429864,0.00209520131424151,-0.011802425027315712,0.0033798633041124916,0.010207338562933177,0.003864008723590216,0.01747412046741919,-0.005998169118128272,-0.001284893258252215,-0.006755039178926881,0.0004555443558549145,-0.0015315591811531435,-0.0003988087075604286,-0.011338408104692261,-0.005925855828268125,0.0021122433994842727,0.0030693791703413843,0.0004729946307621953,0.0031159109361935315,-0.0027313334980915895,-0.007801315530104621,0.0008736824282368975,-0.003459174383124565,0.006483621161254908,-0.004011129402501097,-0.0008277500137604768,-0.0004740076682790904,-0.002576401580460619,0.0015841647660027062,-0.0004439012492741633,0.00024036554108146114,0.002468569946270641,0.0005095966226433884,0.001325167254655903,0.0015793059757006826,0.0003498479944126794,-0.0016313694938349982,-0.00018515260110562286,-0.0022233607814478498,0.0007054406746269883,0.0022804306049007544,-0.0017122193784042876,-0.0015398657217206041,0.0012204484512142852,0.0,0.0,0.0,0.0,0.0,0.0,0.0,0.0,0.0,0.0,0.0,0.0,0.0,0.0,0.0,0.0,0.0,0.0,0.0,0.0,0.0,0.0,0.0,0.0,0.0,0.0,0.0,0.0,0.0,0.0,0.0,0.0,0.0,0.0,0.0,0.0,0.0
NC0001_OFAV_003,244250,0.004430056905855381,-0.01622509066658627,0.021665704396996027,0.0026317467458434893,-0.010444679860916375,0.0032437643594432656,0.01052364048558464,0.002692140596895248,0.02007151279001949,-0.0029991351727480134,-0.00085418872301133,-0.001654812121759412,0.0007097823995247299,0.0021277012148511903,-0.008443220261268425,-0.011997772573579897,-0.0054942166286912715,0.003542794664492871,0.006353406347936013,-0.0008688346301594063,0.0016872772209243654,-0.004807237428234562,-0.007413241620196938,-0.0002862992537259884,-0.0029430819002556475,0.002646723554157432,-0.005219167592490734,-0.0003078326407136845,-0.002461062489718287,-0.0022071924312188863,0.0020094414750783237,-0.0019864376420156596,-0.001195752112577528,0.0019232282393487818,0.004515673996568577,0.004763970779197396,-0.0012295038152691337,-0.0005870767526341477,-9.809284939533188e-05,-0.00043466714217254296,0.0007329924831360783,-0.0033292575907292073,-0.0026022613877901223,0.00015446944034814143,-0.0028924333100306438,-0.0003673872965274282,0.0,0.0,0.0,0.0,0.0,0.0,0.0,0.0,0.0,0.0,0.0,0.0,0.0,0.0,0.0,0.0,0.0,0.0,0.0,0.0,0.0,0.0,0.0,0.0,0.0,0.0,0.0,0.0,0.0,0.0,0.0,0.0,0.0,0.0,0.0,0.0,0.0
NC0003_OFAV_005,244256,0.004173088501969813,-0.019479894749282148,0.023215459174553824,0.0004933645094853111,-0.012479267195527404,0.0024486453209706356,0.01276476091866206,0.0013349564689164595,0.01999544756916811,0.0014694070737077212,-0.0014282911219614316,0.0038628463968161586,0.0006186140488126071,0.010991156169674178,-0.022193716191635175,-0.015325686785088827,-0.004958418082327776,0.007905036324553628,0.009022427913280697,-0.0055478854370042616,-0.001596502188864605,-0.008258125292680982,-0.005308936432681547,0.004042155505301609,-0.004843923003070691,0.0032367280488569644,-0.00452328283828995,5.6681531134193655e-05,-0.0030055961718846998,0.004580275744544856,-0.0010634119537708674,0.005912699483181889,0.0022705809886153635,-0.0029307781555962913,0.0054725336283890265,0.0005153588262906583,0.0018380314534777642,-0.0006400112465852341,0.0027513908795054626,-0.0020168075339786332,0.005042790709809396,-0.0010999903094257699,0.000594200373334622,0.0008340951515735222,0.0006565038451595683,5.283988939073647e-05,0.0,0.0,0.0,0.0,0.0,0.0,0.0,0.0,0.0,0.0,0.0,0.0,0.0,0.0,0.0,0.0,0.0,0.0,0.0,0.0,0.0,0.0,0.0,0.0,0.0,0.0,0.0,0.0,0.0,0.0,0.0,0.0,0.0,0.0,0.0,0.0,0.0
Outplant_OFAV_004,244275,0.004419575184393945,-0.016714592929036664,0.0209226365976508,0.003942100422680935,-0.010316505342795811,0.003392705258402892,0.007974821157368644,0.004423363404971883,0.017749078174754088,-0.009194669433968503,0.000934367832413869,-0.008416515629800296,8.862118547461317e-05,-0.0037396188667489423,0.005353424159413573,-0.007547758262000433,-0.007400714730416909,-0.002798125753985895,-0.002334668081202453,0.0008287850182356207,-0.0008880870952512932,0.001594714328016935,-0.005580892785680248,-0.004309374023991101,0.005630097472561832,0.005490955834377737,-0.0028326645933059785,-0.00519762059460487,0.009336621686870116,-0.0014464778830775122,-0.0022024341299841945,0.001021527361261657,-0.0030636687508255865,0.001529520901258917,-0.00018818346127227553,-0.006942744757159183,-0.0032919645203103075,-0.0007461639848530281,0.0034793525088419553,-0.006138535766595151,9.109290496173562e-05,-0.004343439688848408,-0.00025796203361684995,-0.0003689289805769964,0.0006979412602055778,-0.00022686273712893432,0.0,0.0,0.0,0.0,0.0,0.0,0.0,0.0,0.0,0.0,0.0,0.0,0.0,0.0,0.0,0.0,0.0,0.0,0.0,0.0,0.0,0.0,0.0,0.0,0.0,0.0,0.0,0.0,0.0,0.0,0.0,0.0,0.0,0.0,0.0,0.0,0.0
PEPS_OFAV_007,244277,0.0037718326892190266,-0.025289069183423482,0.025556555381041943,0.0047748884924190575,-0.01590278505731625,0.003069131710909994,0.01330722077611025,-0.002290326946832905,0.010521844779382509,-0.0038412627842137744,0.005434794421873336,-0.006707041427341898,-0.008960670519038073,-0.000793928839498282,-0.00032466110802922496,-0.00034588720607263803,0.00323558647995123,-0.0015905816513700952,0.005096669499378777,-0.004434609745183117,0.003100679324644835,-0.001279775722149348,-0.0014505617311257202,0.005652175198442469,-0.006570317489727942,-0.0014929778391179396,-0.008834423987765048,0.009104207677263231,-0.00365205002923887,0.001134845292117157,-0.004208778212640865,-0.006240078260550386,0.0012564616046411151,-0.0030982458863986657,-0.005492542376162014,-0.002875638304283449,-0.00435236372568641,-0.0021323803677554677,-0.005228552192824662,-0.003337209352130625,0.005305806676870208,0.004798387994675588,0.0005270819524387474,-0.00014013905163610995,0.0003692133784130347,-0.0002925782491527337,0.0,0.0,0.0,0.0,0.0,0.0,0.0,0.0,0.0,0.0,0.0,0.0,0.0,0.0,0.0,0.0,0.0,0.0,0.0,0.0,0.0,0.0,0.0,0.0,0.0,0.0,0.0,0.0,0.0,0.0,0.0,0.0,0.0,0.0,0.0,0.0,0.0
PEPS_OFAV_009,244278,-0.004353750372374741,-0.03977019099344992,-0.00590369081637447,0.08955905855343105,0.014045870616185336,0.004029113892335921,-0.015790779850115108,0.0035993795202600327,-0.014366445196472292,-0.005112489272817102,0.005611357792731703,-0.015143581231799149,0.0084920766634676,0.0047641367192196495,0.009529312659162067,0.0007114651704311462,-0.006877667583759672,-0.002679262852868807,-0.01240734725994775,0.011660601369715865,-0.0008206734612318431,0.012518441720418882,0.007814018264441646,-0.010211536156089895,-0.007383376573676338,-0.00298120292012418,0.012667832027890394,-0.0011526539717241877,-0.006790071558836381,0.011889573670448425,0.003771724872321867,0.0056214145879578984,0.0053205187233728085,-0.00039873045138020006,-0.0023733289250369763,0.0010487457385291031,0.00533176243120788,0.004049968667555972,-0.0005661115881904043,0.0012907318470335675,0.0037224159803272714,-0.0035801415942241168,0.0006004496736923558,0.0011649309366433278,-0.00040936222443413537,-3.377090183949517e-05,0.0,0.0,0.0,0.0,0.0,0.0,0.0,0.0,0.0,0.0,0.0,0.0,0.0,0.0,0.0,0.0,0.0,0.0,0.0,0.0,0.0,0.0,0.0,0.0,0.0,0.0,0.0,0.0,0.0,0.0,0.0,0.0,0.0,0.0,0.0,0.0,0.0
SAS_OFAV_006,244290,0.00460754673724151,-0.015381308062995319,0.02078860976625351,0.00374814804212923,-0.009570467989216219,0.0036700270690114526,0.008776152570006529,0.003770507926798906,0.018885787411951727,-0.007215908862169807,-0.0008731419737554079,-0.006662350762028405,0.001001689543101113,-0.0037748311641335056,0.0033411882453349305,-0.00897704367820722,-0.006463313553437899,0.00047270996714355196,0.0004670080406831369,0.0019094123810427716,0.0013265967473250603,-0.0011277846863101822,-0.005796960490768595,-0.00198365275882226,0.0018631562099149933,0.00537869531545429,-0.0030627452430284446,-0.0019834296391663415,0.0030633059706559836,-0.0023105478556844834,8.582086521053282e-06,-0.00022671038930732604,-0.0013779795712119645,0.002338988445655675,-0.0003414636121285315,1.181869591309017e-05,0.002949993229057938,-0.0006227748785055325,0.0009648446564922831,-6.095427203770627e-05,-0.0030459859000213562,0.004251710774883861,-0.0033865087023971,0.0037464556367513566,0.0006357732730187902,0.0003662561290031024,0.0,0.0,0.0,0.0,0.0,0.0,0.0,0.0,0.0,0.0,0.0,0.0,0.0,0.0,0.0,0.0,0.0,0.0,0.0,0.0,0.0,0.0,0.0,0.0,0.0,0.0,0.0,0.0,0.0,0.0,0.0,0.0,0.0,0.0,0.0,0.0,0.0
26_OFAV_001,243551,-0.05657599131200688,-0.22282957462827632,-0.13749711244642832,0.425623717962341,-0.012053220497746223,-0.033743004628167754,-0.032205709626815064,0.002382171539056347,0.014578766653735302,-0.02896829311741749,0.01126231906520902,-0.02244080352129945,-0.016929219762867816,-0.012383911432584733,-0.01198084538068307,0.008655302641182094,0.0025580211591944785,-0.003647344651615476,-0.022387726934507222,-0.007938385092975807,-0.001150074932559365,0.025767192442607344,-0.0054791102219388255,-0.002217399162289286,0.012345616572404027,-0.005158091328707684,-0.0007534145613684446,-0.007346187767740696,0.010414402209881182,-0.0067642012399528285,0.0016140189903030753,0.001956614407031042,-0.0006935358935545068,-0.0009171588776463587,0.0003713746695295333,-0.0045278962988123,-0.004494903379893072,-0.0016375841866715676,0.001599329149533673,-0.00017244156797106982,-0.00023554271022326701,-8.086690148617081e-05,0.0002614336471107822,-0.00032536765304257457,7.877972145773043e-05,1.0556414011830758e-05,0.0,0.0,0.0,0.0,0.0,0.0,0.0,0.0,0.0,0.0,0.0,0.0,0.0,0.0,0.0,0.0,0.0,0.0,0.0,0.0,0.0,0.0,0.0,0.0,0.0,0.0,0.0,0.0,0.0,0.0,0.0,0.0,0.0,0.0,0.0,0.0,0.0
ABE_OFAV_001,243606,-0.020465879604940375,-0.11267940377468838,-0.0355178841969037,0.2179985382263652,0.008774199154505887,-0.00914840621622004,-0.02155762718874604,-0.001349668921270373,-0.03414746874043777,-0.0031197299360137868,-0.0034340099476117356,-0.0011017303776345052,-0.0310131739377458,-0.012535431094708718,-0.00652079388212834,-0.002999034117489252,0.01639747605150782,-0.0017251913229115491,0.012028918339395012,-0.013924074880789202,0.010665839542983386,-0.023087219426958832,-0.004793052390147911,-0.008048398098424243,0.006556725538199162,-0.0074947134962523206,-0.004530939200094122,0.0006320183204217732,-0.0031857306066774204,-0.006039976884854841,-0.0005424286138751244,0.0032002445812813517,0.004732347433642809,0.004473030877894175,0.004173623242352794,0.0015662597954152271,0.0017219083731830783,-0.000760733911566176,-0.0028524668746551327,-1.7019304756252017e-05,0.0011132536047774272,0.0013584777509380998,0.0005821941187049924,0.0005605163417048264,1.1129360436865416e-05,8.488196024042055e-06,0.0,0.0,0.0,0.0,0.0,0.0,0.0,0.0,0.0,0.0,0.0,0.0,0.0,0.0,0.0,0.0,0.0,0.0,0.0,0.0,0.0,0.0,0.0,0.0,0.0,0.0,0.0,0.0,0.0,0.0,0.0,0.0,0.0,0.0,0.0,0.0,0.0
BW24b_OFAV_001,243910,-0.06100410974051179,-0.16028747214137926,-0.18610741140588308,0.14885571731521965,0.07680478368615737,-0.006586941733210602,-0.027346456844649977,-0.0056126774248563965,-0.012425049349852366,-0.012752874231206303,-0.0008780713856750973,0.02893567158877746,-0.014498938360009045,-0.03280493914687801,0.013759951606762985,0.02061592499244503,0.024235251420878377,-0.007342267506574153,-0.011732119912517755,-0.004457328670493767,-0.00885169634655657,-0.012596654784680222,0.010761336560206808,-0.013981289046951817,-0.016681099807244634,0.008990243527850118,0.016801864773536755,-0.010093570288882123,-0.013890807246944926,0.0030669521006099474,-0.00029780688205179246,0.004517330853268079,-0.0006886339073526688,-0.0031497607683714578,0.0012406959508742398,0.0028545440896532827,0.0016306283110660838,0.0012097097992091151,-0.000646636847031786,0.0001635918278072606,0.000367135349168925,-2.979947065112819e-05,-0.00026530316594001806,-1.597876929224389e-05,-3.912244229934451e-05,2.3849834921068427e-07,0.0,0.0,0.0,0.0,0.0,0.0,0.0,0.0,0.0,0.0,0.0,0.0,0.0,0.0,0.0,0.0,0.0,0.0,0.0,0.0,0.0,0.0,0.0,0.0,0.0,0.0,0.0,0.0,0.0,0.0,0.0,0.0,0.0,0.0,0.0,0.0,0.0
BW5_OFAV_005,243917,-0.048207452382075286,-0.20320680554737075,-0.16577843299895614,0.4393573013520921,0.010746582094947832,0.00209852730949621,-0.01735867092625878,-0.0045054196734122835,0.05157360955925838,0.008561609502779455,0.00010382380684676407,0.01573846786373364,0.026597222781283972,0.025027109637747756,-0.00767572427570642,-0.009624175423177209,-0.013799021206031527,0.017616440254230547,0.018784005969684454,0.010583921212267188,-0.004089919745321678,-0.0019377520390928416,-0.002229730931949239,0.015457988334936066,0.0010980887094725956,0.006224060478078685,-0.014685223271445542,0.013539742640588843,-0.00046342882784178,0.007999686667904592,0.0002627547908843576,-0.006172351238042698,-0.00046355000479436685,0.0003451644173114904,-0.0016309029320127125,0.003075885324051339,0.0030656317547218615,-0.0002793360133913065,-0.0004260556352787242,0.0006657141275828586,-0.00012820845193989422,9.58966514047562e-05,-0.0001676059519374827,7.213197026605973e-05,-3.587932476614733e-05,-3.996353962557204e-06,0.0,0.0,0.0,0.0,0.0,0.0,0.0,0.0,0.0,0.0,0.0,0.0,0.0,0.0,0.0,0.0,0.0,0.0,0.0,0.0,0.0,0.0,0.0,0.0,0.0,0.0,0.0,0.0,0.0,0.0,0.0,0.0,0.0,0.0,0.0,0.0,0.0
Green_Can_OFAV_071,244220,-0.010661700437988753,-0.052704169583818496,-0.01404994729216664,0.0678335258183462,0.02235694408374702,0.0013858246356575757,-0.013184836378322051,0.0025559527634037666,-0.03253952222321917,0.0059381557930176685,0.0006127058994514024,-0.014802670133962723,0.017254322271061398,0.013910465020678699,-0.0002852429934236335,0.009204955743930791,-0.0026980159065326356,-0.006701578294076868,0.007177331199801285,0.01835108052479884,-0.0013282039458210404,0.0003829657316021814,0.0064040753553731445,0.006483770401076318,-0.0008756120383787197,0.005370678661807513,0.00842600735414266,-0.006348914375341945,-0.00024526537003772354,-0.009358658091739282,0.01032154624558777,-0.007204692528585641,-0.00898110962052168,0.0029181963007597713,0.0019868497605788427,-0.003460242069559982,0.0033158681584528164,-0.0066422595383676866,0.001900795820106244,-0.0017259082705267964,0.005806044526952344,0.0003772809800540704,-0.0004075785626084447,0.0004494283462854623,6.692408279567335e-05,-4.461738554362801e-05,0.0,0.0,0.0,0.0,0.0,0.0,0.0,0.0,0.0,0.0,0.0,0.0,0.0,0.0,0.0,0.0,0.0,0.0,0.0,0.0,0.0,0.0,0.0,0.0,0.0,0.0,0.0,0.0,0.0,0.0,0.0,0.0,0.0,0.0,0.0,0.0,0.0
R97,243259,-0.41030939402371963,0.32664325853501497,0.08082582162365032,-0.00469023358893652,-0.009338068552530903,-0.018643479280169524,-0.012063393604104446,-0.012253629107902002,-0.01478826993343861,-0.0021096993890644955,0.0027014819155743697,0.0018849673719223946,-0.009288667753173364,-0.005388375156900358,-0.016960171803868024,0.0271714001672825,0.04276560482877291,-0.01345635909192837,0.016150946259591865,0.0024951948709184568,0.00309348586130852,0.002474825823102137,0.013565690759063541,0.012647666619156445,0.007901018814790658,-0.017446342303631766,0.0017490470223543975,0.008253449560018595,-0.006139633792109385,0.003003931770799535,-0.004260017083355796,-0.0003429984487291897,0.0022904877271573555,-0.003612627604977968,-0.00444261637865285,-0.0008997948812391775,-0.002219670338405644,0.00028917235738382894,-0.0005140820024948369,-0.00046653001270776474,-5.565004912569699e-05,0.00037331579929052346,-0.0002019254275365979,-0.0001172708522620663,3.243997378863582e-05,1.6976490682289696e-05,0.0,0.0,0.0,0.0,0.0,0.0,0.0,0.0,0.0,0.0,0.0,0.0,0.0,0.0,0.0,0.0,0.0,0.0,0.0,0.0,0.0,0.0,0.0,0.0,0.0,0.0,0.0,0.0,0.0,0.0,0.0,0.0,0.0,0.0,0.0,0.0,0.0
38_OFAV_020a,243575,0.0008898894404066552,-0.03061006771844767,0.01680861121665035,0.03577635066491843,-0.006428439523263048,0.002466282614376194,0.005105916037861622,-0.0028746550191933533,0.000779544354406572,-0.0021100908784275362,0.005895603149794786,-0.010317092850201957,-0.0017767956935848725,0.002265946599706478,-0.0036748113375593625,0.010384951291216863,0.010132893533774237,-0.009659188868459689,0.014224482742116417,0.010175858745187316,-0.001713979947622541,-0.0020091687723589107,0.011131956259456661,0.009536674656637021,0.0003758773217465523,-0.006813625589533195,0.005670362091008397,0.00402743040498486,-0.002315313774960191,-0.005596973419594938,-0.0010426163056056648,-0.00858166281321832,-0.005298849916479794,-0.0038512894709762024,-0.007597832383839836,0.000512609703824735,-0.006206977273335669,0.005206380108469314,-0.005525658069999293,0.000993168510744103,-0.002163918819106158,-0.0002422067773450419,-0.001399054948765815,-0.00014576354158202256,0.00038535029528540573,3.1982184553914854e-05,0.0,0.0,0.0,0.0,0.0,0.0,0.0,0.0,0.0,0.0,0.0,0.0,0.0,0.0,0.0,0.0,0.0,0.0,0.0,0.0,0.0,0.0,0.0,0.0,0.0,0.0,0.0,0.0,0.0,0.0,0.0,0.0,0.0,0.0,0.0,0.0,0.0
6_OFAV_001,243600,0.0042179013452514425,-0.021208806240038847,0.023697544818882907,0.0033224323588531327,-0.012095264038877392,0.0030559281092091954,0.012466413359619817,0.004148156184839911,0.016021421527101336,-0.00517482155326648,-0.0019861742829358803,-0.00933122212062094,0.00018312447849696642,-0.0010829318078885487,0.0019188037837108692,-0.011879593078725829,-0.006003247892462179,0.001955403585505797,0.0017077688766745716,0.0006220791140240857,0.003712835221351383,-0.002500517921330954,-0.006212632298760499,0.0013502580815172248,-0.0035212975637172973,0.008771205875574943,-0.004468836812090584,-0.0013298409366027425,0.0016934793303577842,-0.0011831537612656388,0.0009830941552470647,0.0023325710259569014,0.0009689010782398838,-0.0002278735846672221,-0.003386930253967019,-0.0006404705046747695,0.001188344148069764,-0.0013799191540460201,0.0007060999490876185,0.0028405547274478397,-0.0036120056131449655,0.003096042052159015,0.002248448596782119,-0.0007016422596390901,-0.0014225187728601524,-0.0010005990962754152,0.0,0.0,0.0,0.0,0.0,0.0,0.0,0.0,0.0,0.0,0.0,0.0,0.0,0.0,0.0,0.0,0.0,0.0,0.0,0.0,0.0,0.0,0.0,0.0,0.0,0.0,0.0,0.0,0.0,0.0,0.0,0.0,0.0,0.0,0.0,0.0,0.0
6_OFAV_020,243601,0.004035189495674062,-0.0338298966821022,0.02885173136133111,0.011468846277246708,-0.023901537072021743,-0.011323705057927399,0.012895661038499661,-0.004888378018757922,0.007365420742957168,-0.0017115780206445913,0.0048596298043852605,-0.009313851843299099,-0.013905266785841095,-0.007349019128453763,0.002394569452198792,0.0065805466514280014,0.008952268802266407,-0.010383889787843936,0.0009594483193420685,-0.013069136943478627,-0.0033839142689060884,0.0021706171859328578,0.0031911898606205675,-0.004724292338991173,-7.043052088647558e-05,-0.006023552611102783,-0.004354977166206572,-0.002617007676484721,-0.006848893250397487,-0.009519988303538274,-0.006619112071003292,0.0018009892952997302,0.0003610710685430722,0.007369321243416865,0.011178873214365455,-0.008019801666604449,0.0019322918175465114,-0.009057016443932708,-0.001018440926990021,0.012417062212606599,-0.0026064608634175646,-0.0015255587650509067,-0.0011839561040572419,-0.0003248946416893834,0.0005146029756793464,-1.3610559347097342e-05,0.0,0.0,0.0,0.0,0.0,0.0,0.0,0.0,0.0,0.0,0.0,0.0,0.0,0.0,0.0,0.0,0.0,0.0,0.0,0.0,0.0,0.0,0.0,0.0,0.0,0.0,0.0,0.0,0.0,0.0,0.0,0.0,0.0,0.0,0.0,0.0,0.0
BDA_137,243723,0.006882857273968897,-0.051025013041521704,0.04860839912180738,0.07199423348123858,-0.049563141971709426,0.027246975519145015,0.08496260620948894,-0.0011649957949547236,-0.005743817898927814,0.12670010920202973,-0.05570329758245361,0.026267358471945283,0.042200223764006034,-0.03517880682839847,0.030853211227612788,0.02356970958929189,-0.016513133696922488,-0.03680355776011257,0.0027194264615940517,-0.005225404536373886,-0.026361439632036653,-0.010165146052915085,-0.007494116960676109,-0.011850580627971223,0.009506821450286272,-0.011719223666929892,-0.008169794735578044,0.0005053459440956969,-0.0007037704286071524,0.004619326079341296,0.006910230576336912,0.0019092195232894937,0.0011400122986523606,-0.004701932411793062,0.0014833656324135089,0.00011416575034375767,-0.004979721721471883,-0.0012764237079792454,0.002057311393666266,-0.0002887950241929234,0.00023645550380344528,6.101692618517824e-05,0.0007457700132013044,-2.6481471123474833e-05,0.00011756665130948504,4.1919892323551505e-05,0.0,0.0,0.0,0.0,0.0,0.0,0.0,0.0,0.0,0.0,0.0,0.0,0.0,0.0,0.0,0.0,0.0,0.0,0.0,0.0,0.0,0.0,0.0,0.0,0.0,0.0,0.0,0.0,0.0,0.0,0.0,0.0,0.0,0.0,0.0,0.0,0.0
CS_DLAB_006,243928,0.004487413180248103,-0.014763446591565324,0.0203726033017519,0.0071508641305205334,-0.01028381989724048,0.0019601275404517366,0.004317023952325768,-0.00595027983571879,0.016387712034287596,-0.013471752641422505,0.009688949934117204,-0.004677108885610716,-0.015706111829701337,-0.012130120602086993,-0.002815129158285953,0.010725668534779147,0.011456442598299633,-0.00192946114952784,-0.00620037271752937,-0.007891185231284554,-0.003306538141273404,0.01167552187089848,0.0017419849365754676,-0.004690246697225119,0.005009971294170509,-0.004569916324228313,-0.004091183038401215,0.001740459884056755,0.0012844628266781358,0.00422745770886773,0.006523639102951277,-0.0017317698215851582,0.00045932585314508795,0.004418532469994159,0.0053410441852647424,0.006928510893429218,0.00354081170975122,-0.0004263878979381074,-0.0006447981279981789,-0.0006556662180186812,0.005323157127418815,-0.0014471439359972635,0.0017276927027351243,0.0007355959323621634,-0.00036520943704371737,0.00012283368494126455,0.0,0.0,0.0,0.0,0.0,0.0,0.0,0.0,0.0,0.0,0.0,0.0,0.0,0.0,0.0,0.0,0.0,0.0,0.0,0.0,0.0,0.0,0.0,0.0,0.0,0.0,0.0,0.0,0.0,0.0,0.0,0.0,0.0,0.0,0.0,0.0,0.0
DRTO24_SDS_102,243940,-0.5863550025887078,0.23790907934648015,-0.25145946438899636,-0.10062227259414694,0.04905515365858714,-0.025217970114272452,-0.025993326821649627,-0.0033314336398336678,0.020878966653294088,-0.0031859763208662117,-0.006627780463509684,0.03566477681387966,0.013266479927476458,-0.009600646938481717,0.006002108867790307,0.0014127855362312917,0.04193762435319475,0.0018453402854173024,0.002718139949384625,0.013283018659056199,0.005168588505852869,-0.0010798180804243262,0.0030904404608546173,-0.0020851078915679134,-0.007544471195511439,0.008310852209094213,-0.0231343412343289,-0.0035162470607586127,0.0007452939346015456,-0.0030768122418875347,0.005236097891837443,0.006355664950144864,0.005718893260441808,0.0014691577266101054,-0.00011986959469257631,-0.0038535715294503053,-0.00047024075507521754,0.0005741663968429517,0.0003101056498330551,-0.0010099665589960842,0.0003052888590153673,-0.0002758723150582007,0.0001427384270774569,0.00021028549338183625,-9.172371844938578e-06,-1.3552372359795194e-05,0.0,0.0,0.0,0.0,0.0,0.0,0.0,0.0,0.0,0.0,0.0,0.0,0.0,0.0,0.0,0.0,0.0,0.0,0.0,0.0,0.0,0.0,0.0,0.0,0.0,0.0,0.0,0.0,0.0,0.0,0.0,0.0,0.0,0.0,0.0,0.0,0.0
DRTO24_SDS_107,243945,-0.05229491099902116,-0.3744799530870615,0.1622193869997824,-0.06564870624779173,0.1035571872304457,-0.022597142846964357,-0.028432719557044756,-0.0004951988165611317,-0.04996458304225419,-0.016227931765722233,-0.019186935735922245,0.03306167905590643,0.01337597920558743,-0.0032067147148834405,-0.0008555609809099579,0.006427423863410019,-0.02689522695601713,-0.006999583387718201,-0.002546602606675207,-0.02158107821351668,0.045314265305134174,-0.014858179229986378,0.01482234791966828,0.007907123672403824,0.005904278252872159,-0.010430453290213469,-0.008068411565331658,-0.0021604651491804196,0.0065836898492958665,0.00029785380427830454,0.00398055026872109,-0.0013560083213609933,-0.005640552911304148,1.7537488195675755e-07,0.0020774078585853962,4.9642161433476447e-05,0.001394912329679344,-0.0004217665781577625,0.0014408453863241212,0.0004889456628991299,0.0002992666186187123,-0.00020980969236768194,0.0004459697126133125,-5.385695957457338e-05,0.00011008800117502787,-7.603029806330947e-06,0.0,0.0,0.0,0.0,0.0,0.0,0.0,0.0,0.0,0.0,0.0,0.0,0.0,0.0,0.0,0.0,0.0,0.0,0.0,0.0,0.0,0.0,0.0,0.0,0.0,0.0,0.0,0.0,0.0,0.0,0.0,0.0,0.0,0.0,0.0,0.0,0.0
DRTO24_SDS_151,243993,-0.4508192528877577,0.3252277470297943,0.046295713601130294,-0.0015360739176094622,0.054752145042668066,0.01751762434092242,-0.03666952986723882,-0.0033315572668670113,-0.08401174561196866,0.012160072158293246,-0.017698599091454877,-0.009215462541741081,0.019289378114421333,0.017938549714462557,-0.021328010652397183,-0.0179605769842692,-0.008682268442830541,0.01810082425315901,2.4695469273345938e-05,-0.009120856923329222,0.005120097928691526,0.010853011874382859,-0.010801714958295282,-0.012102245837719917,0.00980206694362254,-0.007458115544939158,-0.0031930667829028403,0.001328963039723595,-0.011721441124904208,0.002715313817592184,-0.0002632297795767278,0.00021766860370215602,0.003866294412195147,-0.00039094852490897415,0.0009158393484506699,0.0024402761571270856,-0.002384979225590194,0.0010741700632587996,0.0008642556868309112,0.0008433966723897425,-0.0013512068581376141,0.00019220216510475397,-4.495785011852682e-08,0.00018973563604225983,-7.492664395297762e-05,3.404447209582054e-05,0.0,0.0,0.0,0.0,0.0,0.0,0.0,0.0,0.0,0.0,0.0,0.0,0.0,0.0,0.0,0.0,0.0,0.0,0.0,0.0,0.0,0.0,0.0,0.0,0.0,0.0,0.0,0.0,0.0,0.0,0.0,0.0,0.0,0.0,0.0,0.0,0.0
DRTO24_SDS_155,243997,-0.4408313116983045,0.3702162670800005,0.1037481606289779,0.02160923508560133,-0.022968724414115998,0.037420951144664386,0.019411168419559588,-0.03163641720796499,0.01706845202138347,-0.007511239485055611,-0.0015627243954340281,-0.0016372895398071702,-0.02244619055821777,-0.011722361428740615,-0.030981708469053123,0.006006442819700334,-0.014669632677840503,0.011045382654629801,-0.009562860379860323,-0.0016667287742546163,0.008469995033605463,0.019309740096099724,-0.021601856647316193,-0.0011606666863268455,0.013169439044729687,-0.0004185002038345591,-0.0017906561564668341,-0.010663860546133962,-0.000919708040456891,-0.01238593916143123,-0.005510527894915504,0.008939649177081344,-0.003346922955711554,-0.010578982586324892,0.0013448135698742516,-0.0043223638255182745,-0.000995682798064596,-0.0008265578102506692,-0.0006706445800765128,-0.0008984476826960578,-0.00014215943670354991,-4.8344585077942945e-05,0.00047607270147258343,0.0003991587633893427,0.00010394978963016756,3.235869366355706e-05,0.0,0.0,0.0,0.0,0.0,0.0,0.0,0.0,0.0,0.0,0.0,0.0,0.0,0.0,0.0,0.0,0.0,0.0,0.0,0.0,0.0,0.0,0.0,0.0,0.0,0.0,0.0,0.0,0.0,0.0,0.0,0.0,0.0,0.0,0.0,0.0,0.0
DRTO24_SDS_168,244003,-0.017162428489615297,-0.35164515314979683,0.27397425277161735,-0.04275074158845131,0.034694187669305356,-0.0035973388754781,-0.011606967586677624,-0.0017958669920557226,0.03688578722183188,-0.007433696135066516,0.01405634833414043,-0.027353608921724025,0.03431298582205139,0.007708203106924969,-0.011191194691060578,0.020472035369954806,-0.0022439745177080094,0.005640373349738674,-0.00676841261287948,-0.008781308880375899,0.013731102085522945,-0.012311905084144545,0.001065514667412495,-0.009374433087625825,-0.008978754053332772,-0.013517239016200626,0.0026627901186763916,0.005058966392357083,-0.00398335037363382,-7.62425709589573e-05,0.007542831511767451,0.0058261093536965385,0.006549106002204919,0.0010513457253045666,-0.0031414886995529243,-0.00046926454937194745,-0.0037034580610746885,0.0031186001394819065,-0.0024196718883861216,-0.0005083494086775242,-0.00247045232393024,-0.0009738159297447579,1.7376795938789085e-05,0.000690318887736102,4.022847047534619e-05,-3.037924396613038e-05,0.0,0.0,0.0,0.0,0.0,0.0,0.0,0.0,0.0,0.0,0.0,0.0,0.0,0.0,0.0,0.0,0.0,0.0,0.0,0.0,0.0,0.0,0.0,0.0,0.0,0.0,0.0,0.0,0.0,0.0,0.0,0.0,0.0,0.0,0.0,0.0,0.0
DRTO24_SDS_183,244016,-0.0374156897662378,-0.37837659021431747,0.2272641087194056,-0.06408849726583142,0.09628112326714873,-0.0023167525735082618,-0.05416278746813511,-0.009540555847117313,-0.04823275104910185,0.04353576621537791,0.018669597864154275,-0.06113042383368635,0.024833010352240965,0.032766774683685884,-0.0029290552435688264,0.022516871830288297,0.008350665806550427,0.008487224293752016,-0.002412708566571664,0.009045094240519504,-0.021590800500382423,0.007681571588888163,-0.010206880624966386,-0.008891730334319175,1.9082225456563664e-05,0.00998956927389865,-0.0021154084218359816,0.0010863238340617588,-0.001517117969779823,0.0014519029634384889,-0.0035327612630883867,-0.0013128061700192848,0.0025221892334332356,0.00235547228894344,0.0007594133838684805,-0.0010790008307915776,0.0005803481075590109,-0.0005640969519898465,-0.0002531076299723156,-0.00018548098175134119,0.0009982499632558738,0.0004635480115890724,-0.00011064957726630604,-8.516137106944659e-05,-6.662877925420133e-05,-3.6493835844248393e-07,0.0,0.0,0.0,0.0,0.0,0.0,0.0,0.0,0.0,0.0,0.0,0.0,0.0,0.0,0.0,0.0,0.0,0.0,0.0,0.0,0.0,0.0,0.0,0.0,0.0,0.0,0.0,0.0,0.0,0.0,0.0,0.0,0.0,0.0,0.0,0.0,0.0
DRTO24_SDS_221,244058,-0.10437280903989021,-0.35733986716682586,-0.1899104665149222,-0.11659899835531956,-0.022285722248033477,0.03458293137526391,-0.029098306842384777,-0.010562924872304588,0.04445653645734179,0.020597248887432036,-0.0015888021726148864,-0.04206024394591093,0.006146515171581739,0.020046327469390834,0.0032047101781821517,0.01560628520560629,0.0030222349815232853,-0.027927648269432673,0.0024578572345424344,-0.05693728487971329,0.0045215946824058596,0.001621340139919126,-0.007758685630333146,0.020624391978448606,-0.003048474431932059,0.005573095137509183,0.00434142516573281,-0.003489401028888474,-0.004006472938339363,-0.0047797686212290875,0.001858689687808035,0.002255308835521581,0.005276297258964332,0.0030103657921903685,-0.0023191992978088003,0.00029016417605473853,0.0024484807949814768,0.0032028041329071875,-0.00012715039664584443,-0.0010317003975452647,0.0006348853154369808,-0.0007409531801192549,-0.0003162916768660465,1.8533171513704566e-05,-0.00012020503921500172,-1.197093595982789e-05,0.0,0.0,0.0,0.0,0.0,0.0,0.0,0.0,0.0,0.0,0.0,0.0,0.0,0.0,0.0,0.0,0.0,0.0,0.0,0.0,0.0,0.0,0.0,0.0,0.0,0.0,0.0,0.0,0.0,0.0,0.0,0.0,0.0,0.0,0.0,0.0,0.0
DRTO24_SDS_222,244059,-0.3713165194730186,0.2533139816886507,0.01764806504181634,-0.03723289972918268,0.056640504114692125,-0.015242258756289196,-0.050823529107499446,0.008989530654006254,-0.0867994763263206,-0.004336594425952829,0.03399607078982907,-0.010454259809954413,-0.02395441977300943,-0.0072293734387749425,0.024037460834635264,0.030826647467273344,-0.022549942254412203,-0.008504165003579882,-0.017160729139995362,0.00763669135465804,-0.005980572821512219,-0.0006271846740891528,0.004637098734984111,0.004040129695631766,-0.005252274188141587,0.006929559478289732,-0.003397649168075008,0.0019553435088269355,0.010800313620189605,0.0037931002471135863,-0.00535119569795234,0.0006782836157028537,0.0006361116002151514,-0.00035896247668484405,0.001013412650262443,-0.002423712939803988,0.00033600916945571754,-0.0007084976501129416,-0.0008848233157575536,-0.0006655231074685251,0.001179945496462929,-0.00022025359065454923,3.5294822767566166e-05,-3.4560696260294057e-05,2.8990128277149257e-05,-1.9636461780603806e-05,0.0,0.0,0.0,0.0,0.0,0.0,0.0,0.0,0.0,0.0,0.0,0.0,0.0,0.0,0.0,0.0,0.0,0.0,0.0,0.0,0.0,0.0,0.0,0.0,0.0,0.0,0.0,0.0,0.0,0.0,0.0,0.0,0.0,0.0,0.0,0.0,0.0
DRTO24_SDS_226,244063,-0.00868828244252165,-0.3483991939135522,0.3016980290595817,-0.03930850236388992,0.044936253220134316,-0.028882851986999615,0.02403763910059322,0.017198241853447586,0.04973288202362141,0.005102051238769575,0.010428746237802851,0.009576427885681206,-0.05113762556976167,0.011513192773523386,0.018675827210897594,-0.011118859817966321,-0.013452440812706891,-0.024618648579729292,0.012422170127604165,0.006663860746697333,-0.00113579360365603,0.006573399608362986,0.0064281578913326955,0.019372014530689267,0.013800659286263511,0.013235623895514314,-0.0052486654468633905,-0.010210137575609578,-0.005657226227533041,0.006281701636507683,0.0012279794196651944,0.0016029052243016,0.003251677437157766,0.0031334871032663563,0.004597405523487925,0.0014485107258363713,-0.0027960781893721096,0.0014215509617007491,-0.0003301118761295285,-0.0006680755373834056,-0.000936387822610853,-0.0012343532606187042,0.000610733625351225,0.0003980772547993686,0.00010711177731904402,-2.9212232546591508e-05,0.0,0.0,0.0,0.0,0.0,0.0,0.0,0.0,0.0,0.0,0.0,0.0,0.0,0.0,0.0,0.0,0.0,0.0,0.0,0.0,0.0,0.0,0.0,0.0,0.0,0.0,0.0,0.0,0.0,0.0,0.0,0.0,0.0,0.0,0.0,0.0,0.0
DRTO24_SDS_234,244071,-0.010870632229163001,-0.3315529043703141,0.27754152305278634,-0.043159640591830625,0.028077644945577882,-0.004431427217622657,0.0044151472804551395,-0.0037721890600728265,0.05910507791386511,0.008867641287967954,0.0059006288422878,-0.03168639687633744,-0.005487540378471049,-0.0017357767818352021,0.0013653794711581443,-0.01589039113629254,0.023830724291330343,0.0011830028559604655,0.0047694723433250276,-0.006815947274043361,-0.01224523224599523,-0.0025984282054005887,-0.004547411058996933,-0.009803230408027379,-0.006691915903894124,-0.0006155934627967527,0.0015509227167021858,0.0024452309004337766,0.007908804329746957,-0.00434514479590181,-0.00401012812906167,-0.00315100926541416,-0.010203028741279492,-0.00870127781240658,-0.0010852397324831134,0.0004926790200607465,0.005380421341841772,-0.0040906495843363476,0.0023543026649897082,0.0011422313193383917,0.0026000454713172327,0.001741911952204346,-0.0006383092326101208,-0.000914877843924894,-0.00012366306827523,6.875053841166847e-05,0.0,0.0,0.0,0.0,0.0,0.0,0.0,0.0,0.0,0.0,0.0,0.0,0.0,0.0,0.0,0.0,0.0,0.0,0.0,0.0,0.0,0.0,0.0,0.0,0.0,0.0,0.0,0.0,0.0,0.0,0.0,0.0,0.0,0.0,0.0,0.0,0.0
DRTO24_SDS_92,244201,-0.058891729076942054,-0.3645364605278651,0.11648512219014012,-0.06624077247648871,0.13118805830992525,-0.033421932926822384,-0.010631084186433236,-0.006506906362158768,-0.03039731759534734,0.021924814289736916,-0.02831252196388724,0.01699162619556573,-0.06126449919181097,-0.02111504494357461,0.010476363684240184,-0.06685273543329513,0.016315126563181355,0.001433881806451052,0.01197593663542738,0.012083537623481695,-0.0219606720463722,0.01143254629230357,-0.004332083149763468,-0.0004286778074052009,0.003591277125460108,-0.006468843335503236,0.007988312868772326,0.003949262089633468,-0.0026488352168815323,-0.00015131811636823214,-0.0065945908656311145,-0.0021766519386324894,0.0006182343671089843,0.002781482064534851,-0.0016919332611256455,-0.000664912435580571,-0.0005443121343541126,0.0012902203421907875,-0.0005379033532561827,-0.0013952220124911743,-0.0011050326225320055,-0.0004262766331947782,0.00020828440516426513,0.00019815420716101553,1.6787581054452065e-06,-9.978416305399843e-06,0.0,0.0,0.0,0.0,0.0,0.0,0.0,0.0,0.0,0.0,0.0,0.0,0.0,0.0,0.0,0.0,0.0,0.0,0.0,0.0,0.0,0.0,0.0,0.0,0.0,0.0,0.0,0.0,0.0,0.0,0.0,0.0,0.0,0.0,0.0,0.0,0.0
NC0001_DLAB_005,244247,-0.03962808975457848,-0.09321060691965438,-0.09929121098865797,-0.03074128798522715,0.05717349027911641,-0.001191215626250617,0.005622387692740499,-0.003914219285514441,-0.008347353406900848,0.011634536562264429,-0.012495007733524268,0.03500848223963226,0.002082891326419606,-0.0026640152438030702,-0.021703698455564188,-0.020727526645853284,0.002605188081036854,0.01414996381112884,0.0020890313138992337,-0.006614288181863788,-0.009554858211499337,-0.0031919257142359486,-0.009511201979563025,0.011426483911885551,-0.01313438316382079,0.0013108558236955075,-3.662812680937103e-05,0.0031494543115384356,-0.003365321264093551,-0.0035162922658707636,0.0038830670846856175,0.007062742685306589,0.008271288492061078,-0.0025808199827264114,-0.0025995857862378714,-0.004175002840227603,-0.004081532180780076,-0.001992837617419122,0.0009035233009722266,0.0006202341166553761,0.002083329603377501,-0.0002805270745169571,-0.000718521050268788,-0.000231502592301976,0.00020475483228836472,-2.5458026077871673e-05,0.0,0.0,0.0,0.0,0.0,0.0,0.0,0.0,0.0,0.0,0.0,0.0,0.0,0.0,0.0,0.0,0.0,0.0,0.0,0.0,0.0,0.0,0.0,0.0,0.0,0.0,0.0,0.0,0.0,0.0,0.0,0.0,0.0,0.0,0.0,0.0,0.0
NC0004_OFAV_005,244259,0.0037291447954729204,-0.026289187601378064,0.024676453901266493,0.007339386907200518,-0.01569196919818249,0.0010321054692838257,0.009944767583885072,-0.005013366350924063,0.010334063517443875,-0.010810613001686394,0.007347868994363202,-0.010676182154889123,-0.017738098170458447,-0.01271660745308125,0.0007356927744817072,0.01127919624549961,0.013241416964284913,-0.006481607923046509,-0.007814417605202783,-0.010174698322765408,-0.003637417174957218,0.007047875631926953,0.0041348662725886505,-0.006850054929883114,0.005457325501197507,-0.0030536167138231663,0.0008603923778127276,-0.004306761664024786,0.003578175775695838,0.0009558860193326192,0.0029407968933474896,0.004999002174071186,0.0021877507568090725,0.0034614310627186866,0.008163496446858156,0.00583942451350647,0.001108299229352343,0.003273257719309005,0.0025196736277397305,-0.006494713697518499,-0.0019923837116369797,0.0043656845501236765,-0.0007145994762935986,-0.0006157548030620987,0.0003723714585886018,-0.00023719428446132164,0.0,0.0,0.0,0.0,0.0,0.0,0.0,0.0,0.0,0.0,0.0,0.0,0.0,0.0,0.0,0.0,0.0,0.0,0.0,0.0,0.0,0.0,0.0,0.0,0.0,0.0,0.0,0.0,0.0,0.0,0.0,0.0,0.0,0.0,0.0,0.0,0.0
TUI_OFAV_001,244295,-0.00013265881073892474,-0.042551888360599914,0.02022355240615116,0.03184529621880686,-0.012715888021483978,-0.0008872733640977726,0.004857529107829505,-0.005110791211956366,-0.005562533988161081,-0.008755811042559764,0.007211340063843368,-0.01820373832434902,-0.012775945502421362,-0.004020993366321027,-0.00652680518823963,0.015259759449506857,0.01925964346929218,-0.009084649659939346,0.004029341785400573,0.000463282277909158,-0.0011296394346840299,0.0022781298911785037,0.014136618528222785,0.00921411690446799,-0.001995734056121125,-0.0010399083880543105,0.012041941193129964,-0.004212620663720408,-0.005273447046128412,-0.004907397932164651,0.004310090216206943,0.004695070895693201,0.0007559097102739056,-0.0005935844762588414,-0.005702448203596945,-0.002172366147547038,-0.0008343417227408109,-0.004725857421744937,0.003420945453111853,-0.0029693530554697487,-0.003149010390562134,-0.0007800974956355894,0.001944653708902577,0.0004604170960279474,-0.0004295551438693293,6.084274292610696e-05,0.0,0.0,0.0,0.0,0.0,0.0,0.0,0.0,0.0,0.0,0.0,0.0,0.0,0.0,0.0,0.0,0.0,0.0,0.0,0.0,0.0,0.0,0.0,0.0,0.0,0.0,0.0,0.0,0.0,0.0,0.0,0.0,0.0,0.0,0.0,0.0,0.0
R91,243253,-0.06632749311967044,-0.17781655195076174,0.04177047677746101,-0.05036574283884547,-0.13854340118755262,-0.07928496693500728,-0.09794490381250522,-0.002743020468798558,0.016953223024978068,-0.008354866460531966,-0.011580946363712152,0.004444760945042018,0.0023539790752402203,-0.014108643554954024,-0.022319995526874616,0.0003525408906629259,-0.024512145163182085,0.01740490034782188,-0.02025706566024201,-0.006655769204123202,-0.007887044480090914,0.00405781002592385,-0.002179277479197771,-0.002298412690537501,0.0029618109709225937,-2.46264471038293e-05,0.006012088406366946,0.0013465638261511144,-0.0026073744350257246,-0.0030563204809759166,-0.0035837991624707247,-0.006339474505135981,-0.0032467397244597893,0.0005419767322399362,-0.0038387119130967205,0.0010345774221312064,-0.0012513841155610134,0.0018404712458681832,-0.0005883604702578289,-0.001384100736835509,-0.0002978215816796419,0.00032898441048015545,1.9560005619078404e-06,0.00020921391619122237,-0.00015088503230763578,6.959797529993532e-06,0.0,0.0,0.0,0.0,0.0,0.0,0.0,0.0,0.0,0.0,0.0,0.0,0.0,0.0,0.0,0.0,0.0,0.0,0.0,0.0,0.0,0.0,0.0,0.0,0.0,0.0,0.0,0.0,0.0,0.0,0.0,0.0,0.0,0.0,0.0,0.0,0.0
R282,243435,-0.0324907375719793,-0.2529419874684189,0.03689208344843499,-0.040955691593125426,-0.13846842356234426,0.06735957116618772,-0.08286929979776872,-0.00011727849709530898,0.024074518211374185,-0.012728446906603425,-0.00044449214782706374,0.004939979219859406,0.009003900981224866,0.0008525165386242053,0.0012514357034398133,0.008019773080348503,0.007329643950224704,-0.0033622200113557683,0.0031582249737391764,0.009335720795319599,0.007579267312769424,0.003972028945597481,0.009228101917764643,-0.005179549169032176,-0.0016339584538546167,0.012580921602180804,-0.008776662405294502,-0.007485988761957994,-0.009901158568920074,0.014842590574281684,-0.010679873331108404,-0.0024992693136128077,-0.00567698773068393,0.00035766782191571825,0.006985258846079033,0.00018531313776476573,-0.0038691231055671856,-0.0019456606074405892,5.886121558796224e-05,-0.0012055568531088657,-0.0021552052722593057,-0.0003764514913276333,0.0007628825215886073,0.00017442158904816817,0.00021786108102253996,8.425614308016125e-07,0.0,0.0,0.0,0.0,0.0,0.0,0.0,0.0,0.0,0.0,0.0,0.0,0.0,0.0,0.0,0.0,0.0,0.0,0.0,0.0,0.0,0.0,0.0,0.0,0.0,0.0,0.0,0.0,0.0,0.0,0.0,0.0,0.0,0.0,0.0,0.0,0.0
3_OFAV_001,243557,-0.024268292546892042,-0.06173574100726088,-0.05018451388008043,-0.017890587784143087,0.04887250638511229,-0.0014907383808860594,-0.009587454758774963,-0.00593380650207059,-0.042126897588855634,0.0032901487011624763,-0.0029381707369079157,0.0076795882604924716,-0.0037492951367591038,-0.007262425271262405,0.0032489308992066225,0.004800350460770495,-0.0038121174260747617,-0.0033249597216907733,-0.0002616040764391504,-0.007161243864968462,0.010418699208571311,-0.004351016671993947,0.004005125520097045,0.003984009925575564,0.004120096583092726,-0.012278215064298693,-0.01214069466742954,0.008360865399944618,0.0047400286821248,0.0006781956811246449,-0.009099509394188946,-0.00843140379720919,-0.004653407196855901,-0.0011972417829609627,0.0038073535417156934,-0.0027716388628030394,-0.0013868099800594589,-0.0007042306288592349,0.002461034274096673,-0.0011706393578265926,-0.001002417368624604,-0.0016174279705865133,-0.0012860468235831694,0.00023890378173648083,-0.0007149823829411145,1.8149979245814237e-05,0.0,0.0,0.0,0.0,0.0,0.0,0.0,0.0,0.0,0.0,0.0,0.0,0.0,0.0,0.0,0.0,0.0,0.0,0.0,0.0,0.0,0.0,0.0,0.0,0.0,0.0,0.0,0.0,0.0,0.0,0.0,0.0,0.0,0.0,0.0,0.0,0.0
ABE_OFAV_002,243607,-0.04068518880374625,-0.0790564497457234,-0.12094509991448356,-0.024352206279180437,0.06440000580766211,0.0027197907161379984,-0.002502209724601001,-0.001964473960375716,0.004427403845567818,-0.0006668230517298956,-0.005844684372372613,0.026656717670695707,0.0040932768494543375,-0.016871177467765654,0.009637261538150607,-0.011188047372853414,0.004886320843585043,0.005120212421140561,-0.011413990946550472,-0.0031791869010740154,-0.010220681558622068,0.020794508541836718,-0.0073683401239622815,-0.0014107367302971044,0.005743300531044519,-0.00732356878533869,-0.005779116412119683,0.0040728515460422415,0.006762419738376182,-0.0015368847031934875,0.015362573043179326,-0.004945905567677638,-0.001229917484530989,0.006338542998629714,-0.0017673182576009934,0.0008397316137288742,-0.00011127480693965089,0.0029368164616394134,-0.0008017909173534326,0.0012486246863116102,-0.00043325221005170353,0.0002067700162289291,0.0006336910056541222,0.00041792785742824224,-5.489945020408567e-05,-1.4730863786742611e-05,0.0,0.0,0.0,0.0,0.0,0.0,0.0,0.0,0.0,0.0,0.0,0.0,0.0,0.0,0.0,0.0,0.0,0.0,0.0,0.0,0.0,0.0,0.0,0.0,0.0,0.0,0.0,0.0,0.0,0.0,0.0,0.0,0.0,0.0,0.0,0.0,0.0
BDA_032,243632,0.5046721573234003,0.1885337485304381,-0.017035748230812477,-0.021703065219239436,-0.002291465496122201,0.015441489837778898,0.010442736011735402,-0.17565357971097692,-0.012520560617801763,-0.005113176867696847,0.06606498043467073,0.014008312093438047,-0.030341437743922783,-0.0006868183815774923,0.0021504241213190266,0.029004392494882514,-0.0033841051753640498,0.0010851443494017095,0.016111356161456293,-0.000209875813759909,-0.007514281161548164,-0.002269747446613945,0.0005809534843123875,0.0026462026683165547,-0.004954740493890796,-0.0024335932285805256,-0.011598382593381223,0.014038431713991962,-0.0004897617178523469,0.004614030073381307,-0.0004184619899857635,-0.004237610801719289,0.0006534594498456581,0.0015159714255812593,-0.0009430317788999224,0.0022757546707987855,0.0018968787325458955,-0.0003083839372062672,0.0018398730475323415,0.0005325133332319385,-0.0004024555292215468,-4.9743757264666665e-05,5.447561348979065e-05,9.233778920004495e-05,3.8557770684423814e-05,-7.1854325478916905e-06,0.0,0.0,0.0,0.0,0.0,0.0,0.0,0.0,0.0,0.0,0.0,0.0,0.0,0.0,0.0,0.0,0.0,0.0,0.0,0.0,0.0,0.0,0.0,0.0,0.0,0.0,0.0,0.0,0.0,0.0,0.0,0.0,0.0,0.0,0.0,0.0,0.0
BDA_035,243634,0.49005148458359127,0.19470923638956375,-0.022621863887118954,-0.017910055091896023,0.004508666016064062,0.03883499678668005,0.02653426829307042,-0.17692663005363418,-0.0034758789655960965,-0.028250786511849257,-0.0265799626246282,0.013198016522399884,0.015114413474927802,0.022521722793167588,-0.00012159832854457246,-0.0321083276566098,-0.008064962474042347,-0.0204218694184059,-0.003736109376476707,0.00024259994928057643,0.009342864405399703,0.002816702460010212,-0.003492354394384239,-0.010621023754901239,-0.0015159846094705066,0.005841125236561761,0.008349633961072526,-0.014572072958462873,0.0034079888609849585,-0.0005895579824811769,0.004311752714031015,0.002329810700813076,-0.002194651855746145,0.001425436104428027,-0.0013391332601321586,-0.0004324536358726943,-0.0029058389481667704,0.0006213884582171801,-0.001933405281312796,-0.0005056072135753523,-0.0001210038711472386,-0.00021764147134985165,-0.00014521671472008828,5.125941268189141e-05,-0.00010325694203610604,7.188860897152326e-06,0.0,0.0,0.0,0.0,0.0,0.0,0.0,0.0,0.0,0.0,0.0,0.0,0.0,0.0,0.0,0.0,0.0,0.0,0.0,0.0,0.0,0.0,0.0,0.0,0.0,0.0,0.0,0.0,0.0,0.0,0.0,0.0,0.0,0.0,0.0,0.0,0.0
DRTO24_SDS_165,244000,-0.004318399068400567,-0.16351937495340868,0.1206787811763693,-0.01751610040874014,-0.03752571448286893,-0.020877624850389364,0.06518324903859422,0.010648472642834219,-0.014618544473630667,-0.052504018262342675,0.009271780568118382,0.008200391137792792,-0.0037344539554269515,-0.005544903661115718,-0.012810547746530603,0.00020981745274418708,0.0023499560785739514,0.013769400609219766,-0.005080987053057144,0.013365530332743805,0.007754509994813276,-0.004384683072917093,0.010364627761843897,-0.010635642251597691,0.0026078416541934902,-0.0011908281905267687,-0.00045728983579447155,-2.7096711262152866e-05,0.013044473109999215,0.009388519840900774,0.0174277414129405,0.004864745640310497,-0.002289938198663509,-0.011669575713836925,-0.0003333164656677442,0.005954558421438036,-0.0047215500861443145,-0.003935755190611257,0.0019420363140464588,0.0034288992813753484,7.617315139554258e-05,0.0002509492212245341,-0.0006800719000914434,-0.0001876945506750652,-1.0977969095340583e-05,7.035002858114013e-05,0.0,0.0,0.0,0.0,0.0,0.0,0.0,0.0,0.0,0.0,0.0,0.0,0.0,0.0,0.0,0.0,0.0,0.0,0.0,0.0,0.0,0.0,0.0,0.0,0.0,0.0,0.0,0.0,0.0,0.0,0.0,0.0,0.0,0.0,0.0,0.0,0.0
DRTO24_SDS_170,244006,-0.006041092900391016,-0.22193655449924066,0.17257244692082746,0.021774051941180705,-0.0720056319368803,-0.026208185015809026,0.15276129580389586,0.029208906736359785,-0.06748675387844955,-0.10980198064650436,0.01864376224832452,0.06173902457103646,0.05053751479983602,-0.010239761705755392,0.0028788408645127007,0.012846343748339574,-0.0013051943206881763,-0.005031020448837043,0.0017727020770485031,-0.007571314443354099,-0.019200321838892337,0.007382326312455911,-0.014019456221057418,0.007385215036193842,-0.0028740044948615444,0.003126719162972591,0.004685149154456633,0.0008408009886700268,-0.009515694667287806,-0.006040623956770629,-0.012846556429136973,-0.0032094362956383783,0.0021546013956396442,0.006544801354707454,-8.956754442093716e-05,-0.002668194845410399,0.0033627339648527933,0.002228821601861294,-0.0009998552693664413,-0.0020950479234305504,0.00029188838531141707,-9.890730597306167e-05,0.00017220254370997986,-4.3441911248736466e-07,-4.821218542266281e-05,-3.0846543496096465e-05,0.0,0.0,0.0,0.0,0.0,0.0,0.0,0.0,0.0,0.0,0.0,0.0,0.0,0.0,0.0,0.0,0.0,0.0,0.0,0.0,0.0,0.0,0.0,0.0,0.0,0.0,0.0,0.0,0.0,0.0,0.0,0.0,0.0,0.0,0.0,0.0,0.0
DRTO24_SDS_177,244009,-0.022681824473286902,-0.24886192635927687,0.08804769252565202,-0.0381897837781694,-0.13449278472016063,0.06671974169832301,-0.08650001325466516,0.003571285947841015,-0.018567284734295333,-0.013019924542970927,-0.002193103095354191,0.015260991163048802,-0.0005776257790676277,0.0012944824650690501,0.008406156365053315,-0.01413274928774956,-0.003440255315973086,-0.006953410598367608,0.011722030754930167,0.0045651146339312585,0.0017177813569100892,-0.006032773997357489,-0.006851218343332053,0.002626803967998202,0.007974324313948466,-0.02025989168334119,0.008515506406315087,0.008915840463453183,0.010844026863967111,-0.009574337353148667,0.009628823453875926,0.005958743105694171,0.011439736982911973,0.0059000509847999365,-0.004539280134449465,-0.003979171071443571,0.003551079271930649,0.00038834980708216463,5.618044562754459e-05,0.0011697805560465,0.0028295689607631316,0.0004691350960517499,-0.00010902135164293615,-0.00016207979142125755,-5.804192581073489e-05,-1.9355124943026513e-05,0.0,0.0,0.0,0.0,0.0,0.0,0.0,0.0,0.0,0.0,0.0,0.0,0.0,0.0,0.0,0.0,0.0,0.0,0.0,0.0,0.0,0.0,0.0,0.0,0.0,0.0,0.0,0.0,0.0,0.0,0.0,0.0,0.0,0.0,0.0,0.0,0.0
R8,243172,-0.39386271164927233,0.33143092547414543,0.09346670755580092,0.0041161936299948295,-0.030307210191951428,-0.021851807588819216,0.0032373261723125163,0.009030944471472499,0.017737988380028047,-0.013812583448943382,-0.0036114782233508235,-0.01966258663589682,0.002357334073982052,-0.01928975230610268,0.025586239284863917,-0.0035899179644878227,0.012457223634228125,-0.02174341233991109,0.009501603729803187,0.014233284933500687,0.023015596866799475,-0.0007488115978299293,-0.028673590637554366,0.0039301417967999176,-0.0051584272005763595,0.001264496241701685,0.005297059390259465,0.005728676494389664,-0.002489670995426618,0.016750512334861387,0.00981762209119372,-0.0027373559012588682,-0.006257285407213062,-0.00014159661450731744,0.00388130112070825,-0.0058505619118380545,0.003385625693101259,0.00310206408170294,-0.0020412391523592435,0.0012176786105447277,-0.0008189950494125219,0.0009633260661186722,-0.00031323236232234307,-4.090808989924457e-05,-0.0001373945433720456,2.6569395409875865e-05,0.0,0.0,0.0,0.0,0.0,0.0,0.0,0.0,0.0,0.0,0.0,0.0,0.0,0.0,0.0,0.0,0.0,0.0,0.0,0.0,0.0,0.0,0.0,0.0,0.0,0.0,0.0,0.0,0.0,0.0,0.0,0.0,0.0,0.0,0.0,0.0,0.0
R103,243265,-0.005917187094696526,-0.025439341444996336,0.0012199640297279807,0.006641657803616394,0.012959927578723785,0.005450686208380954,0.004308445076279114,8.967227772349475e-05,-0.015829465319598706,0.019740988194705305,0.003278732708725176,0.010925277149873697,0.02049012854359586,0.036569161610263426,-0.007463951182917293,0.011548212567627444,0.014256887328482785,0.0033599902312201812,0.00832230235501993,0.003192733665784434,-0.008751195365661563,0.001964911752795611,0.006948178834753584,-0.0007263486621419874,0.01451140788057604,0.005688455963845561,0.004275763915757173,-0.005706628066577102,0.02411902721895943,-0.007812855966977172,-0.011618811144955759,0.0017370097901909054,0.0031579004307186534,0.001608630718446768,0.006710140266028091,0.008485209394814015,-0.0008287953543834037,0.004769575596491569,-0.0019597795240416296,0.0014850881652197284,-0.0002404479851795579,0.0005713271024843195,-0.0003045199579557601,-0.0009159371745515624,-3.096852699579443e-05,1.7993957237129506e-05,0.0,0.0,0.0,0.0,0.0,0.0,0.0,0.0,0.0,0.0,0.0,0.0,0.0,0.0,0.0,0.0,0.0,0.0,0.0,0.0,0.0,0.0,0.0,0.0,0.0,0.0,0.0,0.0,0.0,0.0,0.0,0.0,0.0,0.0,0.0,0.0,0.0
R160,243320,0.014470679735143403,-0.01698753094168201,0.03648561194691923,0.05098994070011884,-0.02879845671035035,0.02553459583674319,0.04462676964219949,0.023746327464832302,0.010439813015168393,0.06317921977723792,0.06965063321484581,0.05353080462146417,-0.013934202343346629,0.05840204468738664,0.0611792542091127,-0.01114446505179597,0.009736656054275207,0.02255070388386916,-0.02727709262096472,-0.01960684565962903,0.017344063868071108,0.012127807833072882,0.0035847682107091193,-0.009415424532072475,-0.0022071976153010546,-0.005150707142368336,0.007586474349426187,0.0008399347423649177,-0.010139448911664788,-0.002509493249553667,0.002044700706149512,-0.005416897309223661,-0.006997056903950695,-0.0037972630514062798,-0.004651774902118293,-0.0028558627201177734,0.0007374604606112819,-0.0018781132552266409,-0.000498753313560839,-0.00025207871242130157,8.323144617174146e-05,0.0005132824291209788,-1.7074364964891228e-05,0.0003180398317405953,-3.494470724808624e-05,1.5350424694600685e-05,0.0,0.0,0.0,0.0,0.0,0.0,0.0,0.0,0.0,0.0,0.0,0.0,0.0,0.0,0.0,0.0,0.0,0.0,0.0,0.0,0.0,0.0,0.0,0.0,0.0,0.0,0.0,0.0,0.0,0.0,0.0,0.0,0.0,0.0,0.0,0.0,0.0
R271,243424,-0.4122115326089173,0.3299130689312826,0.07176068879199937,-0.006645507806913509,0.0056107886654477215,-0.012839428122139571,-0.017263718027956357,0.0009819921928901558,-0.02016487682951263,0.01220883744506994,-0.007881603845662272,0.008554431658347246,0.029129183849818184,0.01978969564504648,-0.007912799111923496,0.011062532203122286,0.017494273200623453,-0.004641408103741071,0.018726175835443414,0.017566841820587188,-0.004932809061726046,-0.005396804034617334,0.0031309501254776894,0.012297171119116641,0.005682661008519523,0.01590190338291778,0.008165384122726214,-0.011599036510794353,0.0058852675671572366,-0.010446942651085778,0.012936315987660825,-0.003711904943459473,-0.009516392925989523,0.0027291879787505772,-0.0018438304049226634,-0.0007544197956958409,0.00313884470985138,-0.0017724574303769327,0.0006309476502165033,5.714633603502981e-05,0.00024210797086037945,-0.000120092808682458,0.0002976557995314438,-0.0001714809732693496,7.430470632691201e-05,-2.8031782923206948e-05,0.0,0.0,0.0,0.0,0.0,0.0,0.0,0.0,0.0,0.0,0.0,0.0,0.0,0.0,0.0,0.0,0.0,0.0,0.0,0.0,0.0,0.0,0.0,0.0,0.0,0.0,0.0,0.0,0.0,0.0,0.0,0.0,0.0,0.0,0.0,0.0,0.0
BDA_011,243617,0.5680372684658945,0.22152620599850323,-0.02744741550072969,-0.029930428800202597,0.01788022053707994,0.044311955056436356,0.010608461277894717,0.05481761240262509,-0.009973760151310278,0.0564264297493446,0.09733335854453024,0.0005655763584235076,0.03747712796328372,-0.052327649956044706,-0.055249391684577265,-0.03765563096553627,0.013118780015642813,-0.027894369074383515,-0.017428942539615386,0.0002238627519795682,0.013730313037051661,0.0014197573308673919,0.006077073299685754,0.006134554364463925,0.008667324293840973,0.008319040802683975,-0.0015942698472712455,-0.003197526307361321,0.004600027098219461,0.004564527976507642,-0.003444606522921812,-0.00404977818509333,0.004874764119517401,0.0001075143192979659,-0.0033312680593748207,0.002486653050698938,0.0029781608910350497,-0.0020385753277854662,-0.0035864112023903496,-0.0002739033045183671,-0.0008804882294597369,-0.0004388248294499765,-0.00025658914410476186,0.00042401864938583164,-0.00010676838476142879,-1.9153066162750376e-05,0.0,0.0,0.0,0.0,0.0,0.0,0.0,0.0,0.0,0.0,0.0,0.0,0.0,0.0,0.0,0.0,0.0,0.0,0.0,0.0,0.0,0.0,0.0,0.0,0.0,0.0,0.0,0.0,0.0,0.0,0.0,0.0,0.0,0.0,0.0,0.0,0.0
BDA_135,243721,0.0005228990955601306,0.006424824997996825,0.001756984298822954,0.0009478930485200991,0.01632659376041671,0.008582432921252804,-0.008795281369590154,-0.0027672734600806747,0.0008787024131172163,0.0008677869082260053,0.003619238713910587,0.011204249394937095,0.00984509026289119,0.014422875681163893,-0.019417302502945738,0.00416244676048055,0.00433987040600563,0.009658103779195957,0.0042100587265318495,-0.0004928236567557376,-0.004226650827508167,0.012395675140257637,0.00277692290994885,-0.005474784209234877,0.018399013564822986,-0.008535233361880199,0.003945004293643754,0.0007436343181663707,-0.013656484516266255,0.014063723400854872,0.009024325612001536,0.0006742395927380499,-0.0011386384961161217,0.0033673513625187036,-0.006196923723195024,-0.0017827037099329732,0.005600764620812769,-0.005111025949088733,-0.0015842861480963007,-0.002770035407183731,-0.005026062189098537,-0.0007290968156027353,-0.001148671069786383,-0.0023039672400154325,0.00033993199293264514,-3.53249697879088e-05,0.0,0.0,0.0,0.0,0.0,0.0,0.0,0.0,0.0,0.0,0.0,0.0,0.0,0.0,0.0,0.0,0.0,0.0,0.0,0.0,0.0,0.0,0.0,0.0,0.0,0.0,0.0,0.0,0.0,0.0,0.0,0.0,0.0,0.0,0.0,0.0,0.0
WS_CNAT_006,244298,-0.001281544266130842,-0.1469442238344636,0.11295167114917393,0.015909845767227503,-0.05313005215943843,0.012593500124977453,0.07109417294366285,-0.045520073151085055,-0.001872063850005044,0.09885178836048092,-0.061672393049363804,0.010986467115506238,-0.02973947625840391,-0.03354174259183945,-0.033347045095715774,0.03261867556812717,0.00033534847921192835,0.035067744096278886,-0.024882656410187463,0.019905361169517514,0.023122013606059217,0.003169240534817921,0.0001606557889242074,0.012183541196126975,-0.013087504382065754,0.009764464228208071,0.009815969002628345,-0.00034894544166670703,0.0007976747410657263,-0.005454359372308003,-0.004608655484843183,-0.003638362544443793,0.0013544477539370755,0.0061821414707127,-0.0010518956561982682,-0.00036334084762724994,0.004514720725234434,0.0023327068131487635,-0.0013087836423383576,-8.32144324353021e-05,-8.052880471127292e-06,-0.0003418769267141368,-0.0005919291712525425,-0.00025781408856670153,-9.50639229466241e-05,-3.468016054641786e-05,0.0,0.0,0.0,0.0,0.0,0.0,0.0,0.0,0.0,0.0,0.0,0.0,0.0,0.0,0.0,0.0,0.0,0.0,0.0,0.0,0.0,0.0,0.0,0.0,0.0,0.0,0.0,0.0,0.0,0.0,0.0,0.0,0.0,0.0,0.0,0.0,0.0
R412,243535,-0.4539397944469238,0.3796348825098869,0.11858108044862326,0.01755336279671742,-0.032730087995063134,0.04320387308880993,0.02489985308101211,0.007094472066507162,0.012876695778563797,-0.0051819241492640335,-0.0033477191640369575,-0.012811802532978226,-0.012732565335319433,-0.003323309925460212,-0.014639852654635365,-0.01749179080124986,-0.030644754699574308,0.013436487273849823,-0.004373996363496668,-0.017455809725998864,-0.03321720916314011,-0.013247419011135788,0.04036072568866557,-0.007850978653511233,-0.0072424445211147215,0.0041409860272250045,-0.016374773343593135,-0.003058780154294265,-0.0013462215441127935,-0.0003864400816580176,0.009930230128481269,-0.0002606275286423714,-0.001171783607017405,0.0008496504104368351,0.0020121839366614358,-0.011616145892497704,0.004532248759817092,0.006477112752946375,-0.0029201417147547036,-0.0008801416090825879,-0.0005189086027574831,0.0008575544482344777,-0.0006093328966460237,-0.00030779637190925686,-0.00035993060518774487,1.7459134421809628e-05,0.0,0.0,0.0,0.0,0.0,0.0,0.0,0.0,0.0,0.0,0.0,0.0,0.0,0.0,0.0,0.0,0.0,0.0,0.0,0.0,0.0,0.0,0.0,0.0,0.0,0.0,0.0,0.0,0.0,0.0,0.0,0.0,0.0,0.0,0.0,0.0,0.0
DRTO24_SDS_225,244062,-0.5768473902204931,0.2302499566257712,-0.2512587985604554,-0.10899297907241565,0.05369480132980612,0.011719069144690598,-0.0025159121833405757,-0.001804032608448659,0.018314113846137264,-0.005837208987192526,0.00038999682044369317,0.0033720658584002806,-0.0005696445282225232,-0.0024821286538506265,-0.0037508076770594433,-0.0013022439057396927,-0.013581673421926737,0.0004976840463433682,-0.006766154627940751,-0.019346142106609607,-0.010392411139763101,0.001789695933658076,-0.004103484423241824,0.014122763845817734,-0.007600066615516426,0.0009219104063141123,0.019718572241430976,0.006981014597394232,0.012576937908172372,0.008829855332000675,0.00390985666018171,-0.004593947116952863,-0.0007528621907358221,0.0062227928352676974,-0.0001223311329539444,0.00010002490205351548,-0.0038870652376268916,-0.0025655276597267894,-0.0005430327434183328,0.0013874546751666214,-0.0021101211612831712,0.0005553486910216884,0.00019452439361916483,0.00017664927594872442,-2.4395308010727417e-05,3.8493685206999815e-05,0.0,0.0,0.0,0.0,0.0,0.0,0.0,0.0,0.0,0.0,0.0,0.0,0.0,0.0,0.0,0.0,0.0,0.0,0.0,0.0,0.0,0.0,0.0,0.0,0.0,0.0,0.0,0.0,0.0,0.0,0.0,0.0,0.0,0.0,0.0,0.0,0.0
DRTO24_SDS_279,244117,-0.5969681046274498,0.23262523278378758,-0.2697448974144322,-0.12211849479674762,0.044767155932136954,0.017619118680674672,0.013380477634169996,-0.0004035543605218043,0.022789704016712264,-0.006808371809692534,0.005819994934805178,-0.020075706755576763,-0.006416547374910822,0.0013303810933408657,-0.0030249857317846433,0.0030230168242713087,-0.02772044995250727,-0.0035692982204663564,0.0033777554919945775,0.005763621305334539,0.005136519538392847,-0.0016145916445247514,-0.0013373693348068684,-0.00954394235728437,0.0130176317614616,-0.009942391114977252,0.0057506566445982114,-0.0027784079022005964,-0.01324350435866321,-0.006317324700210025,-0.010002798191850043,-0.001476117249076963,-0.0041194343903880335,-0.0065974623648654045,0.00042084813923538356,0.003407646275131894,0.0042094612528000876,0.0016900446496985445,0.00023188874825984582,-0.0005304379045196416,0.001802336045479354,-0.00023872895290967799,-0.0002604358755182744,-0.00036091971690834217,4.7082078896274483e-05,-2.675193571610175e-05,0.0,0.0,0.0,0.0,0.0,0.0,0.0,0.0,0.0,0.0,0.0,0.0,0.0,0.0,0.0,0.0,0.0,0.0,0.0,0.0,0.0,0.0,0.0,0.0,0.0,0.0,0.0,0.0,0.0,0.0,0.0,0.0,0.0,0.0,0.0,0.0,0.0
R90,243252,-0.42516566529919364,0.36075110591192444,0.10296489220444138,0.008145640700351106,-0.030590485536996614,-0.0031340105925556903,0.007753006644485867,0.007560721672047858,0.024179522717246188,0.010868106151155018,0.006327389674454655,0.022045025711915304,0.003991077092587992,0.02188815747448096,0.017700164267052333,-0.010610599932371574,0.010136887021364002,0.011163871485872914,-0.01145260620137906,-0.009750606647967109,-0.0015288106224891056,-0.003983839592891066,0.015104943036237595,-0.0067740420893400944,-0.008886341259310395,0.0027654268781385338,-0.0014828491783815314,4.573323565186821e-05,0.012243981410927833,-0.007982580935333002,-0.0070524404867609945,0.0004996163056549599,0.008750982328315263,0.007916145492955235,-0.0035878637500861735,0.006996302918666169,-0.004545572034213254,-0.0044265254248950295,0.0004970672922643267,-0.0005516632251166772,-0.0010500358998340397,-0.0006836075467782743,0.0006793367485439324,0.00040401888535799077,0.000273472922182162,4.5659709079896434e-05,0.0,0.0,0.0,0.0,0.0,0.0,0.0,0.0,0.0,0.0,0.0,0.0,0.0,0.0,0.0,0.0,0.0,0.0,0.0,0.0,0.0,0.0,0.0,0.0,0.0,0.0,0.0,0.0,0.0,0.0,0.0,0.0,0.0,0.0,0.0,0.0,0.0
R107,243269,-0.40487015869060516,0.3456997963136311,0.0976115750866609,0.006526477647132654,-0.030457554259813113,-0.01722349712122553,0.002273975149814012,0.006431641019515092,0.023196289377811284,0.01195969973412829,0.004747574747432125,0.0240492172011149,0.009015184759708382,0.020133659950229716,0.018001286218195005,-0.004182721826995811,0.02575968693302759,0.0007822137456812998,-0.0020033855271417078,0.00401853886061725,0.015241981430691347,-0.000495940789277572,-0.01338042417568279,0.0005089511678849227,-0.0029772553824977607,8.277831364528429e-05,0.0028921960696974454,0.0031412253229123844,0.010265038404662422,0.007690960252037744,-0.006358842261857148,0.008848080528361557,0.006016135279937744,-0.005130854285456078,0.0062356889419131435,-0.0033646224781903487,0.002870325775483098,0.004113038090331168,0.0005508963631804659,-0.0008852480510963286,0.000171758823455101,-0.00033303860653121286,-0.0008589141179103291,-0.0003213807133431274,-0.000375716402661821,-1.7607387924476497e-05,0.0,0.0,0.0,0.0,0.0,0.0,0.0,0.0,0.0,0.0,0.0,0.0,0.0,0.0,0.0,0.0,0.0,0.0,0.0,0.0,0.0,0.0,0.0,0.0,0.0,0.0,0.0,0.0,0.0,0.0,0.0,0.0,0.0,0.0,0.0,0.0,0.0
R108,243270,-0.39219526066396365,0.3333214157385003,0.08809760522876227,0.0025594537879722254,-0.016613727696844736,0.019763493226050127,0.011475776261929214,0.004824653491485923,0.023617965391307477,-0.008472679692976916,0.000441266002873113,-0.002229978881079606,-0.005917587525708138,-0.00793857951680962,-0.012161830384377756,-0.0038109648408389154,-0.02268006190799719,0.0005669284469206449,-0.0030557440621203,-0.008055001078341978,-0.012282714631775153,-0.006479760298299985,-0.003622684810961505,0.006317138931149005,-0.005733069431277378,-0.00322095937043366,0.02028490881255389,0.008611186135703271,0.0042226816566242,0.019032394831572683,-0.005314336262406565,-0.005400465869018182,-0.004582550532123964,0.0042099774197849795,0.004755799996151919,0.004360335472713323,-0.0035353165267773723,-0.00646242953198566,0.0010781641132703434,0.0013421918129417586,0.0013994803067279445,0.00048692325124580124,0.0009013235894442815,0.00018670929516537572,0.000331470287154042,-4.2949107847770683e-05,0.0,0.0,0.0,0.0,0.0,0.0,0.0,0.0,0.0,0.0,0.0,0.0,0.0,0.0,0.0,0.0,0.0,0.0,0.0,0.0,0.0,0.0,0.0,0.0,0.0,0.0,0.0,0.0,0.0,0.0,0.0,0.0,0.0,0.0,0.0,0.0,0.0
R123,243284,-0.44817189080221415,0.3726758710520848,0.1112819999731849,0.010183900490718137,-0.030143267520130575,0.017060185740607837,0.01138228137363883,0.009924873128362387,0.01591415817690097,-0.018554131132487058,-0.004816055799467506,-0.02387705065548574,-0.0032328441185891354,-0.021972236424416983,0.019232525982578685,-0.010164504324504784,-0.005722802893043475,-0.008409727866701872,0.005040211497426707,0.006863625678146083,0.00694514203763237,-0.0020869734818937287,0.000733422090852007,-0.008594675365286812,-0.0013268789335834513,0.000466438417287111,-0.010689212134811879,-0.0019157337684909486,-0.015532987350678361,-0.016109044887166774,0.0013237007814413718,-0.0061778741059752154,0.0027139932219790597,0.0035541998533249364,-0.009086297538417776,0.015333193447823905,-0.0008218678662326619,-0.0015390401326655584,0.0034448392630629927,0.0011973363296212036,0.0012379272124239753,-0.001367155814118663,-0.0004419590474160391,-0.00017854358278482759,0.00010852552171381217,-6.303122083575806e-05,0.0,0.0,0.0,0.0,0.0,0.0,0.0,0.0,0.0,0.0,0.0,0.0,0.0,0.0,0.0,0.0,0.0,0.0,0.0,0.0,0.0,0.0,0.0,0.0,0.0,0.0,0.0,0.0,0.0,0.0,0.0,0.0,0.0,0.0,0.0,0.0,0.0
BDA_275,243823,0.5026875124001774,0.1999403621400866,-0.03511388342463405,-0.0038349697301828024,0.019169598287818824,0.03445760852447996,-0.004692597156457795,0.05490475581470928,0.00276435617400623,-0.015028092609865804,-0.01766197279872203,0.023187982348699496,-0.049261789644654684,0.00604590593015917,-0.005074446826716284,0.031034090104133678,0.007594389740228592,0.020233989724770453,0.013703480510942875,-0.017017550235352792,-7.554284106813689e-05,-0.0367755467633506,-0.015592232722201478,-0.017654750474299864,0.021207262053118247,0.018940409301148195,0.0062773719164032574,-0.0047574183675810474,-0.0017930326514424804,0.005842820676983546,0.0006682691722563336,-0.0021396816705000787,0.002387121430470168,0.0022466060588273227,-0.003827836965111927,0.00011919191733802559,-0.0011030067182674864,0.0006311707778665767,-0.0017680935076143831,0.0008044090327169689,0.0005820765800213631,0.0002422236774361933,-1.9176065401538704e-06,-3.075977502378237e-05,-9.358896842412645e-05,8.59169906828054e-06,0.0,0.0,0.0,0.0,0.0,0.0,0.0,0.0,0.0,0.0,0.0,0.0,0.0,0.0,0.0,0.0,0.0,0.0,0.0,0.0,0.0,0.0,0.0,0.0,0.0,0.0,0.0,0.0,0.0,0.0,0.0,0.0,0.0,0.0,0.0,0.0,0.0
proportion_explained,0,0.48787913058081384,0.30745098154766554,0.07832384662373153,0.04921606580616906,0.01616934440590124,0.010923100976458888,0.00971088614245211,0.006175692416879486,0.005421151579715892,0.00444160378470685,0.0036510272600764225,0.0028551241375283113,0.002355300482998555,0.0018804713248897153,0.0018301773756503135,0.001549807893187703,0.001287071546607315,0.0011335848283081037,0.0009233674158322685,0.0009176745566394637,0.0007650650269116283,0.0006847988511937885,0.0005522615978128013,0.0005277146234111742,0.0004768432986845299,0.00043630242188757724,0.00037852169847099517,0.00036573805969417696,0.00029649464235397455,0.00027044424785007873,0.00022908878926422972,0.00018252331348163009,0.00018227022347410947,0.00011767149246668155,0.00011381349215981398,8.852049632645709e-05,5.785475147809321e-05,5.477728169989007e-05,4.317667826450813e-05,3.200315748407812e-05,2.5161225670547972e-05,1.2942862187210956e-05,5.301660280432049e-06,3.0294528192058777e-06,2.040534817572936e-06,2.2943364218636891e-07,0.0,0.0,0.0,0.0,0.0,0.0,0.0,0.0,0.0,0.0,0.0,0.0,0.0,0.0,0.0,0.0,0.0,0.0,0.0,0.0,0.0,0.0,0.0,0.0,0.0,0.0,0.0,0.0,0.0,0.0,0.0,0.0,0.0,0.0,0.0,0.0,0.0
