sample,sample_uid,PC1,PC2,PC3,PC4,PC5,PC6,PC7,PC8,PC9,PC10,PC11,PC12,PC13,PC14,PC15,PC16,PC17,PC18,PC19,PC20,PC21,PC22,PC23,PC24,PC25,PC26,PC27,PC28,PC29,PC30,PC31,PC32,PC33,PC34,PC35,PC36,PC37,PC38,PC39,PC40,PC41,PC42,PC43,PC44,PC45,PC46,PC47,PC48,PC49,PC50,PC51,PC52,PC53,PC54,PC55,PC56,PC57,PC58
KL-CP-61,201509,-0.09731030771500715,0.024529988819284095,0.019145444673939898,0.03742336762924394,0.011245115687491118,0.030522070015105183,-0.01038259455922457,0.01886017338969247,0.0074717705664176706,-0.006833317486603143,0.002836977738813528,-0.00035245787319601796,-0.008232679502943192,-0.00085766347060367,0.006736908133710166,-0.0017125428286990977,0.0007782073459007641,-0.0008008618533478441,-0.0002610127323730609,0.0003951816623757821,0.007152028916640487,0.006902284314852801,0.0022680813845246954,0.0018718489154590956,0.00025529373357830376,0.0005158268180415181,0.0006851301442068162,0.0016690349171477217,-0.0006618356393580025,0.0003634458836818893,-0.0009163361619444168,0.0004603040964070118,9.785589846848728e-05,-0.0006505083426197062,0.0002944352479723347,-6.893341289908413e-05,1.7433644390369942e-05,5.744696141562102e-05,1.9856991281413227e-05,-6.395065877003313e-06,-2.1019404225666918e-06,0.0,0.0,0.0,0.0,0.0,0.0,0.0,0.0,0.0,0.0,0.0,0.0,0.0,0.0,0.0,0.0,0.0
KL-CP-51,201510,-0.0823621557130746,0.02727291194262928,0.00040268982595603037,0.036051991560717284,0.0005439841489896654,-0.008946952092735806,0.02012468063228364,-0.0019437734057881568,-0.011436385199068384,0.014347234755566223,-0.004349752918080519,-0.004738758169252927,0.00619020976970909,0.034483594656994736,0.00844453294742141,0.0003550308308922326,-0.006777402705340843,-0.0013729486408248785,-0.0005612194666925264,0.0021973806670293997,-0.00020995035930735701,0.0001790174002330828,-0.0003666963421985899,4.359818090976229e-05,-0.00013909188286832317,-0.00010876717371653386,-0.00018283464333873574,-3.617566976179443e-05,-5.8277526988060074e-05,6.244613912929277e-05,0.00010034614512660705,9.975395063664015e-06,-4.0413228793795235e-06,-4.091608367864781e-05,1.623137083973819e-05,8.400888727300847e-06,4.3868899730152965e-05,2.3301373248279075e-05,9.801202973958011e-06,-4.43556748232929e-07,-6.000542768838093e-07,0.0,0.0,0.0,0.0,0.0,0.0,0.0,0.0,0.0,0.0,0.0,0.0,0.0,0.0,0.0,0.0,0.0
KL-CP-57,201516,-0.08744996410423972,0.030876117192365285,-0.00211482736875127,0.042528869174533517,0.004293525389657566,-0.002998583401059904,0.019938629520604358,0.0031666096773714123,-0.010685291745662264,0.01831582076347999,0.001134522387841641,-0.0030302302763177305,0.008864219967654928,-0.016412631338071613,-0.01884859222928195,0.012529131420214208,-0.013516230791972969,0.001279130220277339,0.0029253135794150625,-0.00033874787980081535,0.0005814937052929935,0.001222877317362028,0.00019396670532902195,0.0006679937039092397,-0.0005417690710887996,-0.00012016623177648241,0.0011424790602325913,-5.941559334665279e-05,-0.0001202681595097803,5.276710860032998e-05,-0.0002973925487499556,0.00018203658879740073,3.740360061385999e-05,-4.096424959480686e-05,5.1781834906596945e-06,-2.0760462801359367e-05,-9.395434964359854e-05,-2.525771717323246e-05,-9.838052513821521e-06,2.415847277053348e-08,6.566115480288677e-07,0.0,0.0,0.0,0.0,0.0,0.0,0.0,0.0,0.0,0.0,0.0,0.0,0.0,0.0,0.0,0.0,0.0
KL-CP-63,201522,-0.09450788853068676,0.030630875875238595,0.011842045849629801,0.03152484243202784,0.008289460962164586,0.027544648454607468,-0.010924223033136986,0.012928538767537455,0.005801131662926466,-0.008467521257119357,0.004141377399481619,-0.0014992090216963357,-0.004306576489612395,-0.001821561676419847,-0.0009469236516903898,0.002273004433181604,-0.0020013341003928113,0.0028504314817651664,-0.00135335123517533,0.002628642611923884,-0.005809683576143644,-0.008465039582334875,-0.0025586558672078697,-0.0022917324905355942,0.0002538889395946896,-0.0015378780965199033,-0.0009236249473287308,-0.002011806747854829,0.00024449081985937536,-0.0005347590494126766,0.0013876302233416823,-0.000298459429797478,-3.0561145705380535e-05,0.0004009087528107487,-0.00021645172900375495,0.00011891680006202269,0.00017361866538262804,2.8538097035299375e-05,-6.834956576401529e-06,-2.068781228087772e-07,7.753083709664933e-07,0.0,0.0,0.0,0.0,0.0,0.0,0.0,0.0,0.0,0.0,0.0,0.0,0.0,0.0,0.0,0.0,0.0
KL-CP-65,201524,-0.08867206897257741,0.034942185643922895,-0.003123045480118944,0.031900650973372,0.00354190765497049,-0.003346073283475278,0.011709036838059522,0.0011417491611408032,-0.00921182387760679,0.010107528711431633,-0.0016508005443182407,0.0012034362054030073,0.008649430303987736,-0.007768947199425311,-0.0034064415039414264,-0.015748556785386742,0.025618953948642952,-0.010204785475381598,0.00015440438456184978,0.0024298804038395787,-0.0005388811748420026,-0.0005618716072833916,-0.0003919802248028441,-0.00014685861415080162,-0.00015044683527251073,-5.594278093918931e-06,-0.0005543086784828056,-1.9754830357006194e-05,-2.7724793562407983e-05,5.8869764340459355e-05,0.00014062650559608817,2.7885796133986683e-05,-3.147707733277222e-05,-1.659701811245316e-05,1.6303754374793667e-05,8.897199045100782e-06,6.331239622987331e-05,2.6587780013243203e-05,8.298189048890184e-06,1.5730686665951133e-08,-6.64584268242129e-07,0.0,0.0,0.0,0.0,0.0,0.0,0.0,0.0,0.0,0.0,0.0,0.0,0.0,0.0,0.0,0.0,0.0
KL-CP-73,201520,-0.09042565578012882,0.04033170114605313,-0.004923725326916212,0.02204588222272047,0.002809857681883457,0.008232885568896653,-0.0037664637607106796,0.006478801169459715,0.0015570600696006981,-0.000336666578718355,0.0037021236128761095,0.002036354256981866,-0.008203122266114577,-0.008171537845831488,0.018114200824728255,-0.0014875351870059159,-0.0011279411524612866,0.011055668818436027,-0.0022462429552159617,-0.010812840718879975,-0.004228559648726038,0.00016427150476413404,-9.505369372490546e-05,-2.6009308208574308e-05,4.3923219170368783e-05,0.001557554557502355,-0.0006214032520934054,0.0001684568347666066,0.0008097215976193526,0.00021973627803152665,-0.00032916868314207244,-0.0004776235877092404,-8.471551998266922e-05,0.0004667361098650734,-0.0001548490267986152,-4.663279994141646e-05,-0.00019505491497752927,-0.0001033566225875305,-2.1972918253106984e-05,1.0012165116140155e-05,2.0101100062064182e-06,0.0,0.0,0.0,0.0,0.0,0.0,0.0,0.0,0.0,0.0,0.0,0.0,0.0,0.0,0.0,0.0,0.0
KL-93,201752,0.01455893430819776,-0.03505951103238091,-0.025762367807386676,-0.009662299044659588,0.027303128259448004,-0.033988986205362615,0.016512327157720653,0.05843595084799724,0.00192646816177913,-0.017050386768047255,-0.01383564098434761,0.0015386560393567882,0.0008321138725029412,-0.00023005455651174022,7.220202633999703e-05,-0.0005385203652562318,-0.0011338414311035231,-0.0017597320591122528,0.0015493902145276466,-0.00020206583728573995,-0.0037855022978272156,0.0008452432486542851,0.00297714477864571,-0.0018452311987983707,0.00030862978717276815,-0.0003575231689775015,5.5350598171634347e-05,0.00010453541674684132,4.2301806719351606e-05,-0.0001930001907699069,0.00033131298064381057,0.0004254855949523452,-0.00024493713315673637,0.00014850016550712133,-3.661655045740727e-05,-2.016998280052469e-05,-6.770507472121965e-06,-3.878958238632518e-05,-1.123102263169894e-05,2.8904055874463494e-06,1.9715623755777213e-07,0.0,0.0,0.0,0.0,0.0,0.0,0.0,0.0,0.0,0.0,0.0,0.0,0.0,0.0,0.0,0.0,0.0
CR-59,201456,-0.045985338003894344,-0.005729690564004626,0.01526236242946401,0.005044507290533899,-0.0030551254481814465,-0.010712625596414282,0.011345270799521624,-0.017590301775008175,0.0032477709388121596,-0.0029779917913927475,-0.027634948971968366,-0.006026333551756205,-0.029094842617112367,0.003497883333572121,-0.012059857338044775,0.0023349823287779894,0.0070779716472751004,0.007878531308397937,0.0008374501085129207,-0.0019422644949189246,-0.0021440713932852668,0.0020131801394925623,-0.002322888600147907,0.001382900245037757,-0.0005941417340967444,-9.694857818108323e-05,-0.0009615863032387847,0.00020080141130121438,-0.0008988670382247696,0.00015853714485314878,-1.7998626438786423e-05,0.00047288720310633336,-0.0001022355613340017,-0.0001346316506265773,0.00010774148086126446,1.3304771311207351e-05,-5.255777232882503e-06,1.471160814251781e-05,1.4608785239939948e-05,-1.0655700142711718e-05,-9.097822010122627e-07,0.0,0.0,0.0,0.0,0.0,0.0,0.0,0.0,0.0,0.0,0.0,0.0,0.0,0.0,0.0,0.0,0.0
KL-348,201652,-0.02604255177857444,-0.06957092813976086,0.03452747004804279,-0.010019980973790076,0.08348501420510636,0.011439202725448955,-0.003109805682017336,-0.03318323886313626,-0.010198220793447073,-0.004275825910470783,-0.004226541241411363,0.002104108851488704,0.006214458511644369,-0.00041200292281614323,0.0014043978523752805,-0.00217437072714003,-0.001441477309958784,0.00023748914515441173,0.002800767865620415,-0.002958400358290516,-0.0008719429702798684,-0.00022310375856321685,5.300491697254899e-05,8.453344472887487e-05,-2.2574116881798854e-05,0.00017782519298515135,-0.0001238360852202207,-6.716886788932393e-05,0.00021212567753563455,-0.00015466270680766368,6.047189404195001e-05,3.309063544515061e-05,-4.50464186710415e-05,6.973561776142477e-05,-5.00768188478251e-05,1.2112594148122559e-05,-4.7519635321619576e-05,-2.3484385965418847e-05,6.740647581487863e-06,8.020974005193879e-07,9.875456116963352e-07,0.0,0.0,0.0,0.0,0.0,0.0,0.0,0.0,0.0,0.0,0.0,0.0,0.0,0.0,0.0,0.0,0.0
KL-PR-6,201543,-0.10938778183406313,0.05109001111708674,-0.01321293332191844,-0.009889104884138302,-0.0027802412273590853,-0.011405730909256492,-0.01990724405042071,-0.004726926431345926,-6.259693501645746e-05,-0.0010586380660444668,-0.002036416615679596,0.04526542419813315,-0.0022580375331865375,0.004432894714488504,-0.00508150332314923,0.0016827489742980023,-0.0023455058264672335,-0.0009875073148757998,-0.0006029925987350029,0.0019798062180645345,0.0005930984625233508,0.00018702091625935504,-0.00023109366157461676,0.00014425910988226628,-0.0007141840476795056,-0.00015344519609714231,0.00019176809273800316,6.657325616004826e-06,-0.0001335109474827129,4.033557746897869e-05,-2.740295576334081e-05,0.00011434647091311648,3.084447067338304e-06,-7.458600198133643e-05,3.077879333975369e-05,8.909538435473987e-07,1.855247718688529e-05,1.5106505076614585e-05,4.040434665173968e-06,-1.3329906795373805e-06,-2.9014866529962003e-07,0.0,0.0,0.0,0.0,0.0,0.0,0.0,0.0,0.0,0.0,0.0,0.0,0.0,0.0,0.0,0.0,0.0
KL-PR-8,201554,0.003096652712317016,-0.00977135336479666,-0.01276713965155215,-0.002877442403663598,0.002115145967484012,-0.0028455813721992855,0.0011808149642187533,-0.0013043203150485939,-0.0006019245059575366,0.002125723447074243,-0.0008062994903683625,-0.00012486623096434496,0.0018056530204324374,-0.002429771195503287,0.0013444642002316788,0.005152913122426379,-0.0004923628654823757,-0.0019424455853781159,0.0005476284785290247,0.0020964644118900387,0.00043254099281376905,0.0016845231931810433,0.001077776632216761,8.209865405698504e-05,-0.004714093473964325,0.0037538837283171166,-0.006990813254258967,0.005824073861197826,0.0017696890148981637,-0.0027947271012516797,0.00023993702122068264,-0.0022304956367759417,-0.0006755133748877084,0.00027313173839260083,0.0001421898356481801,-4.141039135482709e-05,0.0004045740438389313,6.586433247384826e-05,-8.673531266553696e-05,1.9442013457679308e-05,-3.7823531025483724e-06,0.0,0.0,0.0,0.0,0.0,0.0,0.0,0.0,0.0,0.0,0.0,0.0,0.0,0.0,0.0,0.0,0.0
Tri-4,201558,-0.12908242755641935,0.06533603476492626,-0.022779935660148024,-0.05043729628281182,-0.0054591443464377925,0.01786109249408491,0.014008565820457798,-0.000924773727768075,0.0006605951953372925,0.0002728086635233899,-0.0008548683276801321,-0.004843776167222647,0.003143787788518764,-0.0001548765534174156,-0.001909801277865998,0.0011100536462508666,-0.0014807917145879146,-0.001416213902129417,0.0019075409530172152,2.8793482451787702e-06,-0.00014217942093905096,0.0024520192460758083,0.000625349266389753,0.0018498769591623087,0.010430688551829404,0.0009243089336451537,-0.004074770007461491,-0.00021043316289639128,0.00018859242527075152,0.00043281733559999734,0.00031948532013264467,-0.00017692147669755935,2.2262284788537023e-05,-7.174706670840817e-06,1.6541830263336082e-05,-1.377021097638024e-07,0.0001076736279767404,4.70988492179469e-05,-1.9377230121884224e-07,-1.9212327517516588e-07,-3.0488580610389135e-07,0.0,0.0,0.0,0.0,0.0,0.0,0.0,0.0,0.0,0.0,0.0,0.0,0.0,0.0,0.0,0.0,0.0
KL-27,201670,-0.05820616593759172,-0.042711812832511485,0.06502701096038442,-0.0071593459656174524,-0.022014728837912754,-0.0008139715208595656,-0.0029966238273360954,0.0006023176537823392,0.0013332826058359262,0.01736708361922851,-0.01112996451758146,0.0011402210823290057,-0.007247501317984079,-0.001254728602638607,0.003116087689659636,0.0014285950559432467,-0.0002140792838731593,-0.010637276944111528,-0.0008514196496680144,0.0028799053653710384,-0.0011258670940080767,-0.0019625118702513876,0.0005893294264100332,-0.0011839074243466827,0.002057157178813803,7.44015415491072e-05,0.0017726624607150943,-0.00024578186455246015,0.0008789858373744246,-0.0010578880709972743,-0.0002728659243148376,-0.001580087605813243,0.00020635841258675997,0.0008102493442785553,-0.0003814228898331963,1.1378700593665247e-05,-0.0003995387142523465,-0.00024350889769760354,-4.825629811673003e-05,1.3460791263733588e-05,3.837250810970408e-06,0.0,0.0,0.0,0.0,0.0,0.0,0.0,0.0,0.0,0.0,0.0,0.0,0.0,0.0,0.0,0.0,0.0
KL-257,201682,-0.03565357341141639,-0.0025137803291939488,0.006456023168141318,0.0014622482754173068,-0.004330159215952764,-0.013203837478098255,0.010706542994494967,-0.015209276135293713,-0.009130004238971942,-0.009069916304590298,-0.015771080481628296,-0.0016876781895713347,-0.004756041372334555,-0.013215315119621996,0.012978732948478879,-0.0019861682805845777,-0.009589891471513696,-0.005332901636818257,-0.00884679099462738,0.00736273042462713,0.0077468677683273975,-0.004600851604957328,0.0038725709131090897,-0.00279352190062918,0.0008979186437468308,-0.0005350386196060042,0.0009367761107639623,-0.00025686132866404855,0.00044980362918536606,0.0005625301569865135,0.00041067856558754716,0.00011836117200703318,0.00020162282251451574,-0.00038389072029823524,0.00011722672182998807,-7.08591404298543e-05,0.00033102313945777297,0.00015981119013908096,-1.9780654907962475e-06,-7.309158807312773e-07,-9.5409992204797e-07,0.0,0.0,0.0,0.0,0.0,0.0,0.0,0.0,0.0,0.0,0.0,0.0,0.0,0.0,0.0,0.0,0.0
KL-123,201779,-0.12692099499415344,0.05868655909924056,-0.01831429209636517,-0.005865879109777052,0.0007046885174789705,-0.041954605171683604,-0.06205935261657025,-0.007162546773828026,0.003584666998343327,0.0002263430412304896,-0.0007079904343125231,-0.020014221122239693,0.004447809976132377,-2.80132653168742e-05,-0.0009686974147731329,0.0004491659536164583,-0.0006219062972965127,-0.001048920800815784,0.001178927142990755,0.0001714742213129934,0.00021019512071623298,0.00041049411832345733,6.847542981316261e-05,1.1919377605937436e-05,-0.0006760208650608376,-0.00011531138188610925,0.00042537831773595107,7.058695512478204e-05,-7.288633227641292e-05,-3.831610436634665e-05,-5.6112711748742125e-05,0.00010321899567440017,-7.666861660520085e-06,-5.147707889023605e-05,1.9560352750871908e-05,5.99468996417133e-07,-3.9194833993727774e-06,1.2787784783695124e-06,3.2610833289537016e-06,-8.320981629580642e-07,-2.0601887340640244e-07,0.0,0.0,0.0,0.0,0.0,0.0,0.0,0.0,0.0,0.0,0.0,0.0,0.0,0.0,0.0,0.0,0.0
KL-41,201675,-0.0060996127779180944,-0.03564666039222032,0.02556075339044876,-0.00869841882076336,3.500457443712014e-05,0.005790221285482431,-0.005635259804391547,0.006364151053234548,0.01046967991516379,0.006921357537049117,-0.002328482746859695,-0.00012226971732897255,0.005086761630113688,0.001621924112878804,-0.003593637326903174,-0.002438013920263217,0.00018892377875432822,0.004151122899243353,6.856428373939067e-05,-0.0011363968670152589,-0.0023514250168602435,0.003339922955238249,0.0010942764906199862,-0.0007361791812878936,0.0011158694553124046,0.0008248711616102432,0.005137680986835193,0.0013745689973774838,0.0005689348602499047,0.0011947613584337184,0.000781508121764905,-0.0040557282798548465,0.0018188491912811298,-0.00019732387364068294,-1.579318081656157e-05,-8.477230471647244e-05,0.00040572532877139066,0.00023398018373546134,-1.2074935041423016e-05,6.158900614693262e-06,-3.6647541777307283e-06,0.0,0.0,0.0,0.0,0.0,0.0,0.0,0.0,0.0,0.0,0.0,0.0,0.0,0.0,0.0,0.0,0.0
KL-29,201671,-0.06227695527431088,-0.05629224374317729,0.07907577112781349,-0.007456426597300338,-0.03758600809941769,-0.006883009124137965,0.0007747357716762155,0.002675507188879782,-0.01808681243607828,-0.005846049335704972,0.007909986309765771,0.0017053262863391371,0.003413300452024224,0.0006949509536656361,-0.0011157648739275328,0.00028317732620530167,0.0035344341236925527,0.007476141864268931,0.0036583813581012687,-0.006628935995901353,0.0015017640627280789,-0.001132095617226782,0.003245233032800774,-0.002074949598843133,-0.00022218121005003548,0.00038156137730188986,-0.0003419987556094551,0.0005786017320546699,0.00022814740044079467,0.000686516802174918,0.0004470273463991553,0.0003459748750868963,-2.7026752354666118e-05,-0.0003544899352656811,0.00016702736626785574,-2.969189682955685e-05,0.0003060545582223973,0.00014525826664713886,3.0779024949529304e-06,-3.7138216954971973e-06,-1.6779770165956896e-06,0.0,0.0,0.0,0.0,0.0,0.0,0.0,0.0,0.0,0.0,0.0,0.0,0.0,0.0,0.0,0.0,0.0
KL-59,201726,-0.06082050878035538,-0.0009495309779693938,0.010844615332864417,0.017385172691233235,-0.003201652348907777,-0.02546757101409984,0.029624536466162706,-0.024415222270440264,0.04738362409169513,-0.018878140091663796,0.015194107448453488,0.00036554699342043745,0.004356734785735937,0.0016886339109470053,-0.0015726630701808698,0.0009034715715023533,0.0015777070500361443,-0.0005167375210804868,0.0022495358775843086,-0.0011564466000282677,0.0014926901910931505,-0.001152652690566097,0.001913044074164079,-0.0012190195777861887,0.00040944909256527634,-1.3094775469826501e-05,0.0002811424620901052,5.93017631832846e-05,0.0003279017266386831,-0.0002004996853623731,3.498494293660295e-05,-8.801018010234312e-05,-1.267766694250428e-05,5.733709984623448e-05,-4.0220921054377297e-05,6.581817693078779e-07,-7.462171167283929e-06,-2.2792670218820554e-05,-1.0419403727130916e-05,2.1700258052596756e-06,5.698280841914607e-07,0.0,0.0,0.0,0.0,0.0,0.0,0.0,0.0,0.0,0.0,0.0,0.0,0.0,0.0,0.0,0.0,0.0
KL-98,201757,0.007207610489831956,-0.009067957871996622,-0.007213991639251245,-0.004746408387089832,0.00411738934697286,-0.005673431372070756,0.0021166147234964196,0.004631568511574408,0.0047731568340524996,0.0037877723301514726,-0.008213256372832968,0.0007596073751492896,0.013178063963653007,-0.0009885557098154626,-0.002898552382832601,-0.010518864593777353,0.00013113360386563183,0.020218391106253827,-0.012325528622847495,0.007020487592202196,0.0034490335676627,0.001440167297574657,-0.004183597142349675,0.0018227956166489718,0.0005644685406978364,-3.778861610830588e-05,-4.9528233184708695e-05,-0.00032093587606459376,-0.00033830435597102115,-0.0005811485523247611,-0.00015997009176935037,-0.0002182030862821225,0.0002593205292955749,-0.00012752507769528531,5.189989396637648e-05,0.00011540176638354137,3.496959714339687e-05,-1.9060969905710377e-05,-3.36248786981893e-05,1.9449730261476474e-06,1.7094545549416374e-06,0.0,0.0,0.0,0.0,0.0,0.0,0.0,0.0,0.0,0.0,0.0,0.0,0.0,0.0,0.0,0.0,0.0
KL-025,201669,-0.0497107135622015,-0.021265200284276253,0.03959843625770649,0.002401988786164656,-0.026007898848953204,-0.004350501156509659,0.0032694025368971984,-0.00468666297897833,-0.026748666004678248,-0.03648828468637819,0.008136282242646438,-0.001728818681981588,0.006331707066327279,0.0008478305332519188,-0.0025646999648107267,-0.0011390756384311734,-0.00043516865398962964,0.002273250987510546,6.430540932364952e-05,0.0011332430064193767,-0.0015084809517396825,0.002014467370289675,-0.0025154847037087914,0.0018963622480573756,-0.00034869308194909694,-1.4093506323821554e-05,-0.00040603985854736067,-8.08565058111923e-05,-0.00022786539303882333,-0.0005905811393628395,-0.0003789659090762371,-7.901818304016315e-05,-0.00011023744750211832,0.0002449779274476228,-9.503346262439484e-05,1.976350987976657e-05,-0.00023430217516091204,-0.00011351923649765429,-4.601010765570052e-07,2.5429103025366446e-06,9.818532466728862e-07,0.0,0.0,0.0,0.0,0.0,0.0,0.0,0.0,0.0,0.0,0.0,0.0,0.0,0.0,0.0,0.0,0.0
KL-33,201672,-0.02822135152970745,-0.060971890906044025,0.05971391431986303,-0.011157128219347445,-0.010741569646865333,-0.00398719823483908,0.001208898332580768,0.005918130512791981,0.016658571030400443,0.011502049527276643,0.002589107417785122,0.0007612473661996929,0.003292814371566562,-0.006759210865389914,0.008225850813089573,-0.0004767254744555066,-0.006103232275791948,-0.007270395474117364,-0.004620831880083764,0.004633277928834803,-0.005585726613071027,0.004512463318913749,-0.007152035989980205,0.004896218471249707,-0.0019324603274447289,-0.0003350440624897798,-0.001781546166355609,-0.000993234375010029,-0.001261463669181222,0.0003020937801596611,-0.00042630478271622074,0.00146774352396357,-0.00032817121217691383,-0.0002573372878719759,0.00014630844072400644,6.622359529496257e-05,-7.233732760432943e-05,1.8005685662060693e-05,4.463251614885683e-05,-6.363438433109884e-06,-1.4293217393012816e-06,0.0,0.0,0.0,0.0,0.0,0.0,0.0,0.0,0.0,0.0,0.0,0.0,0.0,0.0,0.0,0.0,0.0
KL-45,201676,-0.007711855776177619,-0.049988054440569085,0.027858700673892303,-0.012386563716862352,-0.0012924201504636885,0.0057739672783113614,-0.00810678497231573,0.011416429839400874,0.01034235415954302,0.021617244532736068,0.0024024050034247256,-0.00015699276233005724,0.0025439846976362725,0.0030879313405093958,-0.003921763838387023,-0.0007275187427967399,0.003190488782395618,0.00916585531791131,-0.0006842351326325494,-0.000579880942750867,0.007147750391553606,-0.00589601621706886,0.0032462610902695126,-0.0028198474376140074,0.00025350116272348724,-0.0008643681810178351,-0.0024745599655436345,0.00010453361304117388,0.00032157360074062626,-0.0006421316062816849,-0.00013892083119453869,0.0015650236672179081,-0.001272103668091417,0.0005265583459640833,-0.00020201426010253346,-0.00015978760461549902,-0.0004106687887442463,-0.00015406580436650756,5.5598503094185295e-05,2.0033770254187135e-06,-3.770312316755114e-07,0.0,0.0,0.0,0.0,0.0,0.0,0.0,0.0,0.0,0.0,0.0,0.0,0.0,0.0,0.0,0.0,0.0
CR-26,201419,-0.1394518704490246,0.07054947794582998,-0.026308618510119525,-0.0607197336527999,-0.0056571249683360775,0.02467874492052129,0.022829843123329342,0.0008172204284072372,0.0006306428584076856,-0.00013348100855883687,-5.097802149266909e-05,-0.007070095712946392,0.0006656134592335454,0.0006603548073962826,0.000855388876932604,-0.0006699471399374667,0.0007939610390353869,0.00010467551474303376,-0.0005275324552438224,0.0001849593283519406,0.0002934735204385915,-0.001493526158117606,-0.00042317221919351363,-0.0014006028801730002,-0.00860530877200539,-0.0008059881417413367,0.003506373976444293,0.00023188268915884562,-0.00020912979850563453,-0.0003698109943601674,-0.00030061283516495896,0.0002257800842217804,-2.4516095174360997e-05,-3.9567083571868334e-05,4.5880075226739036e-06,5.306898945207273e-07,-8.790268314967215e-05,-3.5874206189789115e-05,3.2141588444780606e-06,-5.61610606576262e-07,4.531081246114066e-08,0.0,0.0,0.0,0.0,0.0,0.0,0.0,0.0,0.0,0.0,0.0,0.0,0.0,0.0,0.0,0.0,0.0
Tri-59,201624,0.016806693924108034,-0.09001568887023655,-0.09415388009075833,0.017045205274910304,-0.026098810256779768,0.015689421313083173,-0.005708196151713843,-0.007306283860899839,0.0020124422629672753,-0.0026241950158723023,-0.005598653162117114,0.0006611740430953194,0.0009716927347703102,-0.0001883511359007381,0.001145942135070763,-6.203341774049327e-05,-2.643878056382406e-05,-0.0015547473910665246,0.0017610838743372227,-0.001750413532149327,0.0033158907819759364,0.0009974915864489832,-0.004091862499223178,0.0009269812698077688,0.0014359574520831442,0.0015111199735888222,0.0033600627219432756,0.0027679243998920606,0.001274298144289876,-0.00033944166324740313,0.0023226618328324377,0.0009694619096949701,-0.0011105923729093894,0.0008666220985854808,-7.134641419016321e-05,-1.231441148004301e-05,0.0003557278844193707,-0.00010073543163034281,-0.00015565453998909911,1.7251512009370836e-05,-3.155239819245438e-06,0.0,0.0,0.0,0.0,0.0,0.0,0.0,0.0,0.0,0.0,0.0,0.0,0.0,0.0,0.0,0.0,0.0
Tri-29,201591,0.014676462042437288,-0.07622961562827194,-0.08041570245172998,0.01378831586446178,-0.02345515033653908,0.014371405311438781,-0.005594098446341169,-0.010884006552271227,0.0013908575386303403,-9.880023144526205e-05,-0.004563148323205239,0.0003967205677193837,0.00269783733464584,-0.0004625454048824538,-0.00015900303457434437,-0.0010304992622253708,-0.0006422402777217752,0.0010675091640883186,-0.0016939664522264658,0.0016663144667999638,-0.004765233758882587,-0.000680382712083014,0.004927110938338183,-0.0012398903731834087,-0.001434123441347813,-0.001742768563448292,-0.003668176629959526,-0.003184272124007636,-0.0014130837387440545,0.00038431602292620726,-0.0027629078880987866,-0.001165259009404986,0.001359486378314548,-0.0009929747100138656,9.009111500921896e-05,1.5541169682731207e-05,-0.0004041402936267017,0.00012155730333591113,0.00017362600995113293,-2.2352652010848993e-05,3.534059384643603e-06,0.0,0.0,0.0,0.0,0.0,0.0,0.0,0.0,0.0,0.0,0.0,0.0,0.0,0.0,0.0,0.0,0.0
CR-10,201414,0.002840547296226453,-0.010646491320578171,-0.006581850394837114,-0.0017666893851018871,0.000781122782400031,0.00457451878880702,-0.003321284220418471,0.00016761714202147027,-0.00010328671737652103,-0.003352501442074627,-3.916222905744299e-05,-0.000467927759762436,0.0017577387561580494,0.0008195567759108929,0.0006345362939835491,0.004044278832921837,0.002018307697833172,-0.000673283054360418,-0.00023031492129536627,0.0026148356146777603,-0.002010698562827345,-0.0024112643107624997,0.000935056792099569,0.0011021850678341162,0.0008141786738785217,0.0008174445050614389,0.0008035737906227578,0.0022119080417957395,0.0015314377891018202,-0.0012207844547665046,0.001636896598607104,0.0006519444457027239,0.0019450340616487252,-0.002230663544196259,-8.277807912749291e-05,0.0014495889619570153,-0.0009248102188072341,-0.0004907027057416504,0.00024115785333332111,-8.253262191731089e-06,-2.1765031391182177e-06,0.0,0.0,0.0,0.0,0.0,0.0,0.0,0.0,0.0,0.0,0.0,0.0,0.0,0.0,0.0,0.0,0.0
CR-18,201422,0.005771537329773319,-0.018038444520680732,-0.01848404296040586,-0.004694973029105014,0.006223729776689819,-0.009984002061569632,0.004130329703537859,0.012933688401675605,-0.0016690313971138276,-0.002663511016700692,-0.0006934483357659547,0.0005113527707910653,-0.000656629050958759,0.00021088968756092128,0.0029861691726735333,0.005254890171905192,0.0025798754664022165,-0.003029367874811998,0.00805382972105311,-0.007410744998195556,0.01039904867443771,-0.006376202569143297,-0.008625758494792773,0.0034534750450082433,-5.9973461327054835e-05,0.00031366291147622683,-0.0006435036961891505,-0.00226161416606176,0.00022404663681119385,0.00010954729768295637,-0.0018639917522777995,-0.001856530340252638,0.0011458244381685803,-0.0005343417808080074,-1.9989061329486938e-05,7.370656125750769e-05,-0.0002658015568329183,8.695237323135777e-05,0.0001316043219365177,-1.2562660354452544e-05,6.833402351135158e-07,0.0,0.0,0.0,0.0,0.0,0.0,0.0,0.0,0.0,0.0,0.0,0.0,0.0,0.0,0.0,0.0,0.0
CR-55,201444,0.09470474695219884,0.030082213120401227,0.0049057759002772506,0.0003418917985877575,-0.002463833440363131,-0.0011336956798316355,0.0008489392697337524,-0.002151741703985799,-0.0003278521411499252,0.0011773622259947836,-0.0013765766268183876,0.0003221727971477458,0.0005290937651497199,-0.00015890231319355116,-0.0004443975985851821,-0.00039042016012367885,-0.00030188068805812196,-0.0013692174759820108,-0.0038399505172527332,-0.004933870477587253,-0.0007013711427689541,0.00024269028076197982,-0.0005922565200254902,0.00045152226372342937,0.0004414003710846903,-0.003712362823741009,-0.0003022494306771023,0.0027626421621571758,-0.0006962269686500305,-4.989650953631544e-05,-0.0014305110109111767,-0.00017058066773642462,-0.0013015231407029278,-0.0019314097025000254,-0.0021443063078866197,0.0002697367216461171,0.0005575347635316578,1.2511676789938812e-05,6.042896797894255e-05,-3.002292905579393e-05,-8.676523422700226e-06,0.0,0.0,0.0,0.0,0.0,0.0,0.0,0.0,0.0,0.0,0.0,0.0,0.0,0.0,0.0,0.0,0.0
CR-57,201454,-0.002597981164332217,-0.03715195834351678,0.01832344978679906,-0.008831855464724358,0.00048353390993492707,0.0078884249884726,-0.00792918028357026,0.007995816515986626,0.005072982602468465,0.011690706985673833,0.0009825429619534222,-0.00046212456518340063,-0.0015264862408861906,0.0026295145741449637,-0.0012749314048003469,0.002935863467452781,0.0018718780812123077,-0.0020385296561807515,0.005137833618944662,-0.004014286034123104,-0.0008548154438921021,0.00021986598600519388,0.0015081756988881425,-0.0004285677509251163,-0.0007896876796618596,0.0007184131967782648,-0.00012213318009390162,-0.0004999735719163875,0.0004229484865573838,-0.0002209114998314177,1.4854249804874703e-05,0.0012648586329457676,0.00028533504437284996,-0.0008295174801423839,0.0004148146366797788,0.00021474196164899853,0.0006423556678172732,0.0001720456686675697,-9.011152824890591e-05,-1.0623048914536118e-05,2.7169244921963622e-06,0.0,0.0,0.0,0.0,0.0,0.0,0.0,0.0,0.0,0.0,0.0,0.0,0.0,0.0,0.0,0.0,0.0
KL-89,201737,0.09456890071215322,0.030276093508518887,0.005219578518510569,0.00024023755220532007,-0.002190028602920743,-0.0010845332710853598,0.0007700903152743624,-0.001854983940050358,-0.00030381037580049067,0.001069452493559768,-0.0007138622155376517,0.00036592056305429936,0.0011104228125413324,-0.00020853073154330896,-5.141571897711582e-06,-0.00036933779660307584,-0.00045067300854317876,-0.001282061054567825,-0.0024668185851066398,-0.0027316302604579352,-0.0004122800839950408,-0.00043887145890503823,-0.0003549940451197778,-0.000521002593765248,0.0006338343567444685,-0.000380071248398144,0.0006620246344223229,0.0022722561011839473,-0.0011991008210818224,0.00036674842709343914,-0.0016938413504113564,0.00019613987497987503,-0.00013281733416319584,0.00019511372945105768,0.0012505711387882344,-0.0003769089556380123,-0.0008276185068043344,-0.00022212955002277366,-0.0002486372122495177,-0.0004855523740525187,2.2919130499618604e-05,0.0,0.0,0.0,0.0,0.0,0.0,0.0,0.0,0.0,0.0,0.0,0.0,0.0,0.0,0.0,0.0,0.0
KL-86,201745,0.09424667939199963,0.030021731074231423,0.004964531581606907,0.0003890456339646215,-0.0024116948032478253,-0.0008716544982446652,0.0007267696523316277,-0.002113751369704783,-0.000149058912325748,0.00090464896867907,-0.0014288676265623863,0.0002187419426597208,0.00047979663350376415,-6.382201785943753e-05,-0.0005216370028539167,-0.0003377581570207382,-0.00015819139334946134,-0.0009015297520572285,-0.002173796912073159,-0.002208256589464542,-0.0005087316785540076,0.0003096453152861588,-0.0002839203172495053,-5.8235884618928166e-05,-0.00010676563561094764,0.0008099314569711186,-6.800892903277525e-05,0.0007181707375318067,0.0009883669775643186,0.0013200588213324726,-0.0012785041467280956,0.0014088532995715289,0.002014421972014362,0.0016176742788668716,0.0007470605048298292,3.8356061521553636e-05,-0.0003507371589892492,0.00025920126373330703,0.00020287654817841258,0.00015208128546399045,-1.1443188072048019e-05,0.0,0.0,0.0,0.0,0.0,0.0,0.0,0.0,0.0,0.0,0.0,0.0,0.0,0.0,0.0,0.0,0.0
KL-90,201746,0.09374782510764464,0.02998038152323038,0.005087254431962361,0.00020251242245963906,-0.0022078505254622734,-0.001135907803014731,0.0007895815438820806,-0.001850172726156785,-0.000315938625519296,0.0011231987489330837,-0.0007624691989051739,0.00039755852135033,0.0011371410740529339,-0.0002639731719222641,0.00010860292805802137,-0.00038460424209900337,-0.0004491162775001848,-0.0012520445471287769,-0.0025679175921314175,-0.0030900823633992595,-0.00014521060875371546,0.0003000560412962307,7.768969997647187e-05,0.00042106955799480866,0.0001221745590771478,-0.002188376801813069,3.205813740901721e-05,0.0006190584840806281,0.000749061767212398,-0.0005639805672251479,0.0006705959163008847,-0.00029883271243798996,0.0005873169022826399,0.0005972763505467848,-0.0001790727102324067,6.719369442129712e-05,0.0004277768953610409,-0.00010852697967050226,-0.0001093383270491033,-0.0008484533552931029,-7.2549586266366414e-06,0.0,0.0,0.0,0.0,0.0,0.0,0.0,0.0,0.0,0.0,0.0,0.0,0.0,0.0,0.0,0.0,0.0
KL-91,201750,0.09405573827369378,0.022490151122551552,0.024761729347676124,0.003266424536329896,0.00044113234506414865,0.018983506473949672,-0.010650132830352042,0.005461747734647582,0.005150348615292295,-0.011417940676608082,-0.002086999114606563,-0.002964507253756281,-0.0007951105196540168,0.005202153539485535,-0.008323973047181726,0.000508827518355826,-0.00019948631011166217,-0.003607474159420285,-0.0028794633770009527,0.002291067597437348,0.003246733426212533,0.0029434709288267136,0.0024175582283656586,0.001984991850756854,-0.0014220481094464274,-2.1754996713259175e-06,-0.00019104452533149212,-0.004386698819605178,0.0010736328381682955,-0.0021897222762014036,0.0012287190836253574,-0.00039768916397728705,0.00038724416604619466,0.0003024637324196977,-0.00044257003151595677,2.9781816572920523e-05,0.00022019968439530814,8.94647965348498e-05,-1.3078664647563865e-05,2.028896230839664e-06,3.041747717327153e-06,0.0,0.0,0.0,0.0,0.0,0.0,0.0,0.0,0.0,0.0,0.0,0.0,0.0,0.0,0.0,0.0,0.0
KL-103,201758,0.12866454739890779,0.042587166897316786,0.009857035747245538,0.0011417720520429029,-0.002311666482156831,-0.0036353447951246267,0.0025989719498219037,-0.0033807911425131434,-0.0025825402885458855,0.004925642589443666,0.003401386525895339,0.00137044233588072,-0.0027684206135726234,-0.0035006239854642133,0.007603045414852469,0.000977242063481031,0.0014743673224978503,0.004970700520131607,0.010396608627239814,0.0040898187858662075,0.0008078111762842079,0.0009595071485426201,0.00044243460737141647,0.001632103425633,0.0005099299827742232,-0.007051230252374659,-0.00026052755999174106,0.0008463414040456436,-0.00076180647849743,-0.002400292716801764,0.0010081572803189835,-3.1402721103811796e-05,0.0008247356002022659,0.0005937247066401884,-0.0002411380149317542,3.3358569431669455e-05,0.000133750039970718,6.522576599294919e-05,1.9311435977312678e-05,-4.280689649947818e-06,2.0880957078174357e-06,0.0,0.0,0.0,0.0,0.0,0.0,0.0,0.0,0.0,0.0,0.0,0.0,0.0,0.0,0.0,0.0,0.0
KL-115,201761,0.0949094261205531,0.030333737754863643,0.005275322544754841,0.00026731457153156046,-0.002137396278991422,-0.000906405596614033,0.0006661556991364605,-0.0017503431036531008,-0.00015233666763055703,0.0007916001502558902,-0.00082869331368984,0.0002142938124583151,0.0011439334155354192,0.00016619762674175312,-0.000863300558034944,-0.00039758545255563196,-0.0005378080008929032,-0.0018344956514810076,-0.00353712492684735,-0.0027655469065855044,4.9621299092649205e-05,-7.079596920015659e-05,0.00018740677405532858,-0.0005905769038899015,-0.0004500296405316527,0.0052109524973170855,0.00033995589176215085,-0.0015271271115311032,0.0009760626107822012,0.00218375166498824,-0.0012916379450825318,0.0008933628546395114,2.7109950366272936e-05,2.182798215940657e-05,-0.00205560045320851,9.170173652987907e-05,0.00035874148500617334,0.0001765661782604487,5.637248464597107e-05,0.00014951556686199711,1.1004589163911619e-05,0.0,0.0,0.0,0.0,0.0,0.0,0.0,0.0,0.0,0.0,0.0,0.0,0.0,0.0,0.0,0.0,0.0
KL-104,201762,0.10139925306800557,0.03238863998561416,0.006061628201861698,0.0003420625938772693,-0.002056449798662441,-0.0011774564713591055,0.0007817595880659124,-0.0016778161106616395,-0.0004007695529840364,0.0009381151150404856,-0.00028951951668889107,0.00012082905341844558,0.0011280953501436653,0.0007920178069837387,-0.002495433362980974,-0.0005091512962851497,-0.0010598788397688061,-0.004628901944715494,-0.010329118199630949,-0.010325068017416143,0.0013699310630037225,-0.0003083378808801227,0.0006941960832465393,4.3173862157712655e-05,-0.0009464599125329438,0.0033258553201139726,-0.001778938507080645,-0.0026357615897348503,-0.0016628250988461601,-0.0014099184507535445,0.0027777591580899798,0.00015371531342777133,0.0006575405461644142,0.00017585431871621287,0.0006654984202329052,3.846043755667162e-05,-8.156910256117333e-05,-0.00012923824138842135,3.3315982442684e-05,-0.0001196893067687994,-8.084831913438605e-06,0.0,0.0,0.0,0.0,0.0,0.0,0.0,0.0,0.0,0.0,0.0,0.0,0.0,0.0,0.0,0.0,0.0
KL-107,201765,0.09591233768280817,0.03077394953761261,0.005417866217881778,0.00023457583916856338,-0.002227580477419929,-0.0011456295924513,0.0007782887945346548,-0.0018652288099936176,-0.00039259522756346,0.0011539207898217066,-0.0005766316301576727,0.00038532877145881875,0.0010805370178854946,-0.0001233279602981244,-0.00013667646948825268,-0.00033356674259830277,-0.0005554112142293472,-0.0017348787248883404,-0.003486900958874813,-0.004195488342244623,-6.335655315607462e-05,-0.0003774405708821741,-9.736733103557187e-05,-0.00012164227942583437,0.0006111067007647726,-0.0022332114615810587,0.00018153692918733321,0.002024505888027356,-0.002107791665113376,-0.0016880526247190508,2.7594584246399666e-05,-0.0001273478241569444,0.0008215125263044569,0.0006832477307464745,0.0005202106913847713,-1.7778044274423813e-05,0.0001128990539806088,0.00014110298205032286,2.4916415216489538e-05,0.000959216539315704,5.291346477160365e-06,0.0,0.0,0.0,0.0,0.0,0.0,0.0,0.0,0.0,0.0,0.0,0.0,0.0,0.0,0.0,0.0,0.0
KL-108,201766,0.10617326368880534,0.03403580031083223,0.0062277638126372785,0.000931711095504611,-0.0025736147224816844,-0.001509968934428777,0.001246973049137288,-0.0024969492895556885,-0.0010142274700766767,0.0023695149171428865,0.0007082751316226873,0.000786771646896868,-0.0005478975711155368,-0.0019039222360849456,0.0038773519909711318,0.00034142569014904215,0.00046833368415790576,0.0029476178519693315,0.006354570455017367,0.004762966306327684,-0.001481984246426633,-0.0016572992855949983,-0.0006310499669910783,-0.0015245962253137059,0.0010108503986781994,0.004404291862411004,0.0017757342120833287,-0.002087468315055486,-0.005996293487100081,-0.001541959048494651,0.0006843589455602632,-0.0014513386083331741,-0.002543206423617941,-0.001569391641577613,0.0005769884069620445,-0.00010159829111851433,-0.00011448005598952685,-6.976048700269401e-05,-1.2342744826413011e-05,3.0319051420650384e-05,-4.270491986161468e-06,0.0,0.0,0.0,0.0,0.0,0.0,0.0,0.0,0.0,0.0,0.0,0.0,0.0,0.0,0.0,0.0,0.0
KL-118,201774,0.11295967459853343,0.03662070385357638,0.008001197191439054,0.0009434087955179116,-0.00199658825814922,-0.0023299201625518956,0.0018513078985610031,-0.002436340059446058,-0.0009648868139086926,0.0027206294880354467,0.00022271455117485,0.0007086645566101316,-0.0019117116515594177,-0.002335704200189717,0.004924850851839061,0.0007603903965301406,0.0015984839851064972,0.006387789327510158,0.012478258487965485,0.01201092407492935,-0.0002467504289999073,0.0006894202366684625,0.00035051361887292713,-0.00046393767957424083,-0.0008695117565146455,0.004697496225266065,-0.0003811795013525211,-0.0005569566557975636,0.002078396673725551,0.0014168010010842664,-0.0003369832999526179,0.0009588734650260081,0.0013893099323822918,0.0006534171952736345,-0.00029285998412561604,9.220655284706858e-05,0.00010239776048824807,-9.946245209576027e-06,1.4275889704478473e-05,-4.774964407035422e-05,-2.6905413599101713e-06,0.0,0.0,0.0,0.0,0.0,0.0,0.0,0.0,0.0,0.0,0.0,0.0,0.0,0.0,0.0,0.0,0.0
CR-20,201424,0.005134212435058043,-0.015308811430615172,-0.01655268482139691,-0.004437480500499037,0.005280387981538521,-0.005163983217026809,0.0016505182468109967,-0.0009308335401021677,-0.004917472942073111,0.0037213849135383265,0.01171486999240366,-0.0006819030034062906,-0.00703342951369917,-1.7726220270762143e-05,-0.0014047249109826565,-0.003832613007116619,-0.0020711033832098488,-0.0009498005211334308,-0.00035038048195422465,-3.728549911522628e-05,0.00028342095684687386,0.0031589852442129103,-0.0018825343982774463,-0.00474329422209753,0.0006195162029152147,-0.000477761362077657,0.00018461476531241199,-0.0012658821832727512,0.0003154088409439195,-0.0003799016326784673,-0.0006748331995501802,5.840236030864164e-05,-0.00018913902935717162,0.0006299340436521797,-0.00021671719896731764,0.00021195935946711087,-8.29211176738834e-05,-2.319333375466176e-05,-0.0009908349946747119,6.20894510671097e-05,-1.8999502548439595e-05,0.0,0.0,0.0,0.0,0.0,0.0,0.0,0.0,0.0,0.0,0.0,0.0,0.0,0.0,0.0,0.0,0.0
CR-43,201432,0.004674795440511416,-0.01289697749567321,-0.01529445531041004,-0.003851360848376579,0.0028918292396106168,-0.004035858021143866,0.0011803459513813823,-0.0010886608039083093,-0.0035616040646847314,0.0031643508004239223,0.008241328747770497,-0.00042582511414405647,-0.004691829471009092,-0.000274869952913477,-0.0006855045118276819,-0.002593992260877559,-0.0014667063511013582,-0.0007325296668497382,2.8188802997325573e-05,-0.0002238475544618105,9.016713310201195e-05,0.002677586837481971,-0.0011131126097653585,-0.0030330009179463458,0.0004929054862555465,-0.0002911415406289553,0.0005580197977985367,-0.0005279403775611626,7.712078692123006e-05,-3.9164111620963794e-05,-0.0005009789352947245,-9.176939791243788e-05,-4.78015787427209e-05,0.00016364972386234352,0.0004665790933006131,-0.0005605897257972048,0.0012284241986138637,-0.0003655825166715554,0.0008552841582844926,-5.841388380734635e-05,3.504212874595187e-05,0.0,0.0,0.0,0.0,0.0,0.0,0.0,0.0,0.0,0.0,0.0,0.0,0.0,0.0,0.0,0.0,0.0
CR-36,201439,0.004812118457483695,-0.013749873554469801,-0.015559159517115834,-0.004133427884834624,0.004431343880978561,-0.0042704103566600414,0.0012895041686168246,-0.001555074398378513,-0.004236929088448689,0.003212208905445829,0.009097315717266952,-0.00039713821846430915,-0.004775226162553415,-0.0002178121688859333,-0.00040377622661795666,-0.0014807170565269273,-0.0007605820816621511,-0.0006209594124283344,-0.00046858375107586563,-0.00023850770682702738,-1.069095412375591e-05,0.003574116544138177,-0.001626776439896218,-0.004827721056717377,0.0006115305358774829,-0.00045294729840932447,0.00021014188454427556,-0.001164249545327693,0.00040410373518891805,-0.0007283047964563263,-0.0010685575694027456,-6.680377930400227e-05,4.2324569060856214e-05,0.00011774498250367968,0.00014119435592572108,-0.000187866181191743,0.00017361509869273932,-0.0010263849286934865,0.0007994104455983414,-5.999950559713505e-07,-3.137323816285645e-05,0.0,0.0,0.0,0.0,0.0,0.0,0.0,0.0,0.0,0.0,0.0,0.0,0.0,0.0,0.0,0.0,0.0
CR-41,201441,0.09527713823712329,0.030115480099886474,0.004861447777324918,0.00045492353328038636,-0.00241337422275901,-0.0010742973001951672,0.0008882550967859329,-0.0022139237232477204,-0.00024270969606173787,0.0011951218853306857,-0.0012890318658823866,0.0002859155594936225,4.3062903493227406e-05,-0.00042551729858325424,0.0002658547887273966,-0.0002771555612752357,0.00016480891410139206,0.00020385759986864754,-0.0001853596422220538,-0.0004817408703200252,-0.00036991099324670633,0.0017108996638073735,0.00017933752627168268,0.0014829910673088743,-0.0009798115082361083,-0.0026282223930264885,-0.0005773358878759701,-0.0024724141307743454,0.0076802063557169925,0.003086413705083761,0.0008841030689209124,-0.0012643554882179906,-0.002532666268461533,-0.0012495335827139157,0.0010895852114099643,-0.0001456914436140754,-0.0003982210665744652,-0.00014535428683419343,-2.613856644812134e-05,0.00023113525303112957,7.241709978791845e-07,0.0,0.0,0.0,0.0,0.0,0.0,0.0,0.0,0.0,0.0,0.0,0.0,0.0,0.0,0.0,0.0,0.0
CR-54,201443,0.0048649894147321055,-0.01362454090779078,-0.015435531798286562,-0.0043516484756854195,0.003918963198832647,-0.004807359222529073,0.0014019757663955997,-0.0006368672291118774,-0.003952090526767188,0.0032961236993659087,0.009816807163862233,-0.0005400600436644471,-0.005983289170166509,0.0001899922743262639,-0.0006659411462849789,-0.0037563334509401205,-0.0015364932744562829,-0.0008438052354713773,-7.186575285746932e-05,-0.00011898934509181044,0.00024695640854318523,0.002653270118729518,-0.0013331031134196747,-0.003988674721481052,0.0003353183052378385,-0.0005317780360015988,-0.0005205986197293436,-0.0011207748828996483,-3.419596153257832e-05,-0.00013237308975308555,-0.000884367902414305,-0.0004643617016588998,0.0003289749024053638,-0.00031649787082198657,0.0001818667998688289,0.0006532930014606652,-0.0002715946635583448,0.0007634649243428654,-0.0006894498256925448,-1.8033459392747477e-05,2.5583857240704895e-06,0.0,0.0,0.0,0.0,0.0,0.0,0.0,0.0,0.0,0.0,0.0,0.0,0.0,0.0,0.0,0.0,0.0
Tri-51,201605,0.0013397768703019982,-0.020441499879375505,0.0024493641555347946,-0.0019494983225448333,0.004854729430307813,0.011253801817804056,-0.0074624324667256214,0.004851303262132658,0.002184567649643357,-0.006196142170635463,0.0014474502400410624,-0.001756730057798262,-0.0011626501407312054,0.0022956254269675606,-0.0024493670602884774,0.0016170648590806255,-1.3065300829149019e-05,-0.003540092560293306,0.002231833243543234,0.0032042881634024765,0.0056968218742637,0.004114241926542235,0.0024136495947497433,0.0012408283686844376,-0.0016669437669721483,-0.001699410113899918,-0.0012604449701392733,0.0003572361650888265,-0.004030178944245477,0.0035832263471321326,0.0006531495224788598,0.00017037548386937543,-6.72645713967094e-05,-0.00041870046232329405,0.00012690017736106265,-0.00014438789875111357,-0.00022155417776906217,8.96329339065493e-05,0.00011144841513243629,-9.394369884103681e-06,-6.5483776601783035e-06,0.0,0.0,0.0,0.0,0.0,0.0,0.0,0.0,0.0,0.0,0.0,0.0,0.0,0.0,0.0,0.0,0.0
KL-422,201716,0.0013683015721837808,-0.012106452854128084,-0.0001612412013138366,-0.0002978028086428652,0.0011333093086029762,0.010947685656820553,-0.006572813244237111,0.001799756506053247,0.0018241312211777169,-0.008864542183178241,-0.0022575989887834193,-0.0013642761226607457,0.0009665276006358499,0.002599075434793009,-0.0030928150570730673,-0.0005546337960153949,-0.0005991029412102442,-0.0024253065137943065,0.0012655026468314172,0.002573022404236184,0.0008745729864401969,0.0012115963552103174,0.0021206197949901573,0.001894928029727609,0.0009163927674994613,0.0005583694423693299,0.0020573454354737785,-0.0010061751050384315,0.001533052467257902,-0.004085419480194228,-0.0027231609497393727,1.5211876848042233e-05,-0.0012869260027642874,0.0012554300603191723,-0.00031494067964322797,-2.7133755686245028e-05,-0.00048347040110100506,-0.00037838603735137447,-0.0001862460674896428,2.4207171749526128e-05,1.2096128181598357e-05,0.0,0.0,0.0,0.0,0.0,0.0,0.0,0.0,0.0,0.0,0.0,0.0,0.0,0.0,0.0,0.0,0.0
KL-110,201767,0.09222492540389783,0.023247880211094227,0.02259216860810916,0.0025620739789034707,0.002088574224815551,0.016223120121887192,-0.008964693111220398,0.003495443604642855,0.004367233260769482,-0.010375739808259583,-0.001784809464375275,-0.002126526493053257,0.0018355047398271724,0.004101624541777079,-0.006654552500852261,0.00016229883279533395,-0.0010867017774615919,-0.0030415461335376957,-0.002226791545685008,0.0024202625315409136,-0.0020169010175956716,-0.00466822330521262,-0.0022609849343039083,-0.0034579307972584603,0.0016080022946294492,0.0006767650501077366,0.0008349464509471944,0.004758539500122093,-0.00028158658718664676,0.0024075537906482285,-0.00188859056398549,0.00021997548336356583,-0.0005558727801825631,-0.0002354916363884675,0.0005312141359974792,-5.453353721490957e-05,-0.00020506033898826044,-7.121026802802403e-05,-9.778835897355038e-06,4.339017006359303e-06,-2.182412306650353e-06,0.0,0.0,0.0,0.0,0.0,0.0,0.0,0.0,0.0,0.0,0.0,0.0,0.0,0.0,0.0,0.0,0.0
CR-14,201407,0.0021088686476659845,-0.011587979984527956,-0.002905684599713679,-0.0008189841022772078,0.000951178869691421,0.008944673469388438,-0.005683274094814066,0.0018339638265541293,0.0016488349689075033,-0.006733817660592134,-0.0007213040621166856,-0.0012847387605012482,0.0014547861105857125,0.0018811530133610757,-0.0022604641751718065,0.0011735249923867591,-0.0006259333604132692,-0.002254844831862873,0.0005230369452906791,0.003713077232889862,-0.0023382456921348157,-0.0036092873707046446,-0.003098450085429991,-0.001662579412644746,0.00042691728026507907,-0.00101185894181238,-0.0006482733775830374,-0.00032052661171530646,0.0007124004214824934,-0.00037923561734289546,0.0001650253600230529,0.0003521357036168421,-0.0008634936835071606,0.0008329982137896713,0.0004433565721573289,0.0004841523107388147,0.0006963765879481247,0.0011706500592370975,0.0004984301495528462,-0.000102989266524258,-9.54875214870787e-06,0.0,0.0,0.0,0.0,0.0,0.0,0.0,0.0,0.0,0.0,0.0,0.0,0.0,0.0,0.0,0.0,0.0
CR-15,201408,0.0027504213590402947,-0.011656329615245114,-0.005755304080510211,-0.0016130209730753466,0.0010609114738399815,0.005902321779273032,-0.004129372591000024,0.001277740195005152,0.0008652390355036304,-0.004503394855221849,4.8648804339580115e-05,-0.0009729827559918717,0.0014283233341619926,0.001415945903906863,-0.0012477564261390102,0.0018944053066314171,0.00011909058429916968,-0.0017582017473232472,0.001098930757952881,0.0030755184755513706,-0.0011874960995550993,-0.0024758174883654054,-0.002724892964437103,-0.0014864960010225153,-0.0006975468727066594,-0.0011090705754516772,-0.0022204662614148793,-6.152106344044498e-05,-0.0006752407112102553,0.0018710351364761453,0.0018507500911654489,0.00013889483228637922,0.0013909811907969309,-0.00032829398925082157,-0.0004991089544401729,-0.0016237662903244266,0.0003316893130978766,-0.0009912977153505333,-0.00069138764997661,0.00011175268403095557,4.474108308676706e-06,0.0,0.0,0.0,0.0,0.0,0.0,0.0,0.0,0.0,0.0,0.0,0.0,0.0,0.0,0.0,0.0,0.0
CR-8,201412,0.0032340179531985215,-0.005605669405590165,-0.010734493527885117,-0.0026154736907311057,-0.0018761189200829326,-0.00029336758466414674,-0.0004269901286273594,-0.0033340456916715056,3.642682242065813e-05,0.0007710467800942145,-0.003951245055009877,0.0008073962397181212,0.004418893509049629,-0.0007876941790491896,0.002285929701408274,0.0002485153900551856,0.0002604750129838774,0.00013190230335597696,0.0026176645343648814,-0.0024607740875365854,-0.00214190770878587,0.00013105042664327362,0.0013588409857351793,0.0014404328826459671,-9.152088478849798e-05,-0.00013907324176487692,0.0005957327161766438,2.5895593736957716e-05,-0.0004750000223471772,0.0003479824556111138,0.0006657200632111365,-5.678305966947977e-05,-0.0004246803345395994,0.0006598365838356716,-0.0006147752728308197,-0.0012866369250927583,-0.0009207913813786548,0.0006693492585329299,0.00027266378470082393,-3.233150380827394e-05,0.00010672343039130708,0.0,0.0,0.0,0.0,0.0,0.0,0.0,0.0,0.0,0.0,0.0,0.0,0.0,0.0,0.0,0.0,0.0
CR-9,201413,0.005003582138262247,-0.014573836159893914,-0.016499638630448767,-0.0039786390224156535,0.0034444750201235545,-0.004687182902220002,0.001470670151592533,-0.0005020574091034882,-0.004123584150917808,0.003589737929448536,0.010293838743942412,-0.0007030843655471096,-0.006231981991932568,-0.0002829326569605387,-0.0015604062219363856,-0.0034241351357578746,-0.0023091154678987467,-0.0011295208225322513,0.00013840017798765343,0.0001767822265012282,0.0006890325868796402,0.0031846939817974456,-0.002323138870573135,-0.004339354294850266,0.0003048208948906906,-9.271783782824159e-06,0.000252057824275137,0.0009026704746475277,0.0006526960505097946,-0.0007174297680738113,0.0024871566290019494,0.0010905240437606267,0.00015620727628547123,-0.0009901554976239433,-0.0005659675940217365,5.713563092510518e-05,-0.0011882210602693008,0.0005213439375808785,0.00030886364724380135,-7.369727813039057e-06,2.1197035191640052e-05,0.0,0.0,0.0,0.0,0.0,0.0,0.0,0.0,0.0,0.0,0.0,0.0,0.0,0.0,0.0,0.0,0.0
CR-17,201418,0.0031027591327580863,-0.0050313736380622085,-0.010354236818573052,-0.002538148579062249,-0.0022203327705543788,1.3226023898401238e-05,-0.0005726938866782631,-0.00350641187919998,0.0003139641418141357,0.0008402783015852944,-0.00467128591503244,0.0009085163414685909,0.004850589341196672,-0.0007886644495760251,0.0023364349445672812,-0.00015317924094234234,9.70010944995384e-05,0.0003369249788469402,0.00305547903550427,-0.0030733765205174257,-0.0020859770635714946,-0.0006706189335406483,0.0017107114862188343,0.001923309846357055,0.0003425025950700451,1.6394031877843514e-05,0.001322589220324509,-0.0005519395961632878,0.0001353005657919901,-0.000567986940289332,-0.00039684079129032014,0.0013799785213859403,-0.00019510869241856234,-0.00032348007601279227,0.00023473527037157075,0.0002070333911403102,6.085949458266638e-05,-0.0006680389181809734,-4.540701857921828e-05,7.694851261043974e-05,-0.00010816110634853584,0.0,0.0,0.0,0.0,0.0,0.0,0.0,0.0,0.0,0.0,0.0,0.0,0.0,0.0,0.0,0.0,0.0
CR-23,201427,0.0031983704219957954,-0.005441415463012803,-0.010640860651288359,-0.002586109134161484,-0.001966609549200093,-0.00021605280419528298,-0.0004564827090175396,-0.0034084553472120867,8.235093220696776e-05,0.0007524304838645595,-0.004117704487859117,0.0008314958651759593,0.004513175786677711,-0.0008073735354042046,0.002310229388480004,0.00015434914819861527,0.000209300744685317,0.00015780897535767264,0.0026459564564289724,-0.0025251816462568124,-0.00227737772426591,0.00010799632067871733,0.0014734896317121946,0.0015186397038621227,2.3569616229140945e-05,-0.00010184152014697224,0.0008403761731737964,-1.0349387641762174e-05,-0.0003681812267684435,0.0001789417714393466,0.000543974516006825,6.541686550062257e-05,-0.0004417314467077667,0.0006491254636522124,-0.0005319463461997919,-0.0009137770562200461,-0.0007826709657218718,0.0003521726775622423,0.00021968636773595,-4.268331594258342e-05,-0.00011402659332149765,0.0,0.0,0.0,0.0,0.0,0.0,0.0,0.0,0.0,0.0,0.0,0.0,0.0,0.0,0.0,0.0,0.0
CR-45,201442,0.0031284778571540653,-0.005160278529234341,-0.010425217738466372,-0.0025716725267991283,-0.0021432497049403538,-5.130364850581158e-05,-0.000552566415593546,-0.003440010686435336,0.0002708062175479645,0.0008921154294662895,-0.004493935228633703,0.0008879364630915681,0.004747357772512582,-0.0007646623808682676,0.0023276905005955454,1.277451576236067e-05,0.00018915257222774058,0.0003076681108643638,0.003029967875813297,-0.0030623690405319824,-0.002004646344816552,-0.0006661178604123923,0.0015448165086293208,0.0017737998720686067,0.0002984755470599959,5.159389682196396e-05,0.0011948006253401327,-0.0006021591789647164,0.00021939826110914796,-0.0006703684047035846,-0.0004367092431982962,0.0014403252696707158,3.751953361757383e-05,-0.000694307012913215,0.0004557933215688341,0.00031897237310581485,0.0005994132760305097,-0.00033734277571191107,-0.00027305436006942345,2.8498916695677632e-05,0.000159316336758609,0.0,0.0,0.0,0.0,0.0,0.0,0.0,0.0,0.0,0.0,0.0,0.0,0.0,0.0,0.0,0.0,0.0
CR-50,201450,0.006649203863161223,-0.021484251481308923,-0.02031012707812599,-0.005709090520700253,0.006688819669510112,-0.00982258770254241,0.003493951825038253,0.0037308519545715896,-0.006355938448636583,0.005801202930079816,0.02147728910359698,-0.002038230219796216,-0.016334548910384945,0.0015164227759905415,-0.006638181255390216,-0.015432942823332045,-0.007725895785218523,-0.0009959492605820942,-0.0011362168247183385,0.002409356955555629,-0.0015150468162930856,-0.006564582739910077,0.0035921914751356533,0.008839900530714572,-0.00012625751216553615,0.00102589699495786,0.0006437745064183102,0.0013977422688141459,-0.0001724827653507546,0.0007220596583709122,0.0001662308691356937,-0.00038656131508799324,-2.8137939538287297e-05,0.00012603394728418813,5.438616305046814e-05,-0.00011604685327746586,0.0001756973319287435,-2.541706560735184e-05,2.3026101083147054e-05,3.7239412474756842e-06,-3.527004087702769e-06,0.0,0.0,0.0,0.0,0.0,0.0,0.0,0.0,0.0,0.0,0.0,0.0,0.0,0.0,0.0,0.0,0.0
KL-CP-44,201503,0.006820606631529165,-0.023557906672160882,-0.019940345844785812,-0.00658956440696614,0.01425412936381382,-0.008943353368833683,0.003237488118431965,0.0002323340879846644,-0.008398040717988508,0.00328554971698472,0.016166548349081128,-0.0006925695154894846,-0.004516394687771769,0.0013846842861331787,0.004112636684069373,0.023885602127227113,0.01546567500775995,0.002182958916951125,-0.012851079895037283,0.005529638590529343,-0.0009652816490765013,-0.00022732223103702086,0.0014262141055530226,0.0024870503408695637,0.0012256560636439223,-4.841278138759425e-06,0.0020094762958352027,-0.00026029320614212327,-0.00014045570059682496,0.00040424113383640697,-0.0003027772076539261,2.6954286173950978e-05,-0.0002099210558264491,0.0002150198922233176,4.011337864281111e-05,-0.0002463011126181529,0.00011677664165407537,0.0001582370927699352,-7.566085126102146e-05,7.511587547486071e-07,6.318927506867653e-07,0.0,0.0,0.0,0.0,0.0,0.0,0.0,0.0,0.0,0.0,0.0,0.0,0.0,0.0,0.0,0.0,0.0
Tri-7,201572,0.003190360369807906,-0.005507864103000292,-0.010648071652346883,-0.0025644973574172583,-0.0019163027817176291,-0.0002818600679030011,-0.00038287807893470726,-0.00329794546149522,-2.8506077572156465e-07,0.0010570205653045565,-0.004012284769457711,0.0007682178745464777,0.00450915332148697,-0.0011035595349761116,0.0020620018281365857,0.0007181382318905939,3.86866980867143e-06,0.00016057841279940765,0.002777312856109105,-0.0026912976574711553,-0.0012635203495114946,-0.00045497108226167743,0.0014057157493778934,0.0012022022799945816,5.874681640281715e-05,-0.00023024352105670571,0.0009580806036159278,-0.0006849374540959178,-0.00021005876526696652,4.7803022572828246e-05,-0.0003201098599562773,0.001108700018164037,0.00011970900173524598,-0.0007843558495273833,0.0006107091188354447,-0.00018361711537331712,0.0009511337156683641,0.0007755729689510959,-0.00037082381744524853,-3.7931971944062404e-05,-6.395114665735972e-05,0.0,0.0,0.0,0.0,0.0,0.0,0.0,0.0,0.0,0.0,0.0,0.0,0.0,0.0,0.0,0.0,0.0
KL-64,201730,0.003713966341794118,-0.007843917810031568,-0.011947945850842185,-0.0029450314869682984,-0.000619667800623071,-0.0014941454917845065,0.00014366449479510427,-0.002387673917151124,-0.0007342457348290881,0.0012124726036207476,-0.001811652795213786,0.0004449533451839824,0.0032140798443963713,-0.0010354661755756654,0.0019028388023525926,0.0017466323356387357,0.0004445902372566353,-5.6189625243307995e-05,0.0018401402859789416,-0.0015594494721084913,-1.239628605864509e-06,0.0005906675909691261,0.0012906175945717154,0.00045137053523339177,-0.0011329296060519892,-0.0012497124108386253,-0.0008219135994817153,-0.000566466838886747,-0.002855565209038887,0.003917331268248165,0.001135638841849645,-0.0010820553845763106,-0.0012355352660980419,0.0024509738109314426,-0.00031208385002191483,0.001818103864318474,-6.382667674751611e-05,-0.0005190838929377409,1.1735328227017367e-05,1.5389109906168803e-05,1.72200832581766e-05,0.0,0.0,0.0,0.0,0.0,0.0,0.0,0.0,0.0,0.0,0.0,0.0,0.0,0.0,0.0,0.0,0.0
proportion_explained,0,0.5726593545171526,0.15679066600137767,0.09163545090896603,0.03302913260307487,0.027110674344336436,0.019605458667724767,0.01785814356526364,0.015594520098528694,0.010304230489323047,0.009968943167997766,0.007068020071368635,0.005762318577231238,0.004882820327430993,0.00427491660726411,0.0035497285762193464,0.003277964716558701,0.0031401611607048668,0.002740131924872181,0.002390436989023703,0.0019801297426427678,0.0011346303180588848,0.0009834530635751339,0.0007505770883161586,0.0006764676387599237,0.0005241579341894127,0.0004334236767081333,0.00038802467933116483,0.0003539465740164962,0.000339703411219727,0.00023564098369869817,0.00015316947251866437,0.00011621750065577205,9.490852779142655e-05,7.47253785529617e-05,3.7102490960791354e-05,2.666362648388639e-05,2.4069757481881106e-05,1.5950515029828093e-05,9.385106020337284e-06,4.4264082403056035e-06,1.527913282354028e-07,0.0,0.0,0.0,0.0,0.0,0.0,0.0,0.0,0.0,0.0,0.0,0.0,0.0,0.0,0.0,0.0,0.0
